timetable_period_id,timetable_id,period_date,period_number,period_name,start_time,end_time,period_type,subject_id,teacher_id,room_name,activity_name,is_active,created_at,created_by,updated_at,updated_by,row_version,subject_topic
1,1,2026-08-24,1,Period 1,08:30:00,09:15:00,CLASS,1,1,Room-01,NULL,1,2026-09-01 10:59:33,1,2026-09-01 10:59:33,NULL,0x0000000000002D28,NULL
2,1,2026-08-24,2,Period 2,09:15:00,10:00:00,CLASS,2,2,Room-01,NULL,1,2026-09-01 10:59:33,1,2026-09-01 10:59:33,NULL,0x0000000000002D29,NULL
3,1,2026-08-24,3,Morning Break,10:00:00,10:15:00,BREAK,NULL,NULL,NULL,Morning Break,1,2026-09-01 10:59:33,1,2026-09-01 10:59:33,NULL,0x0000000000002D2A,NULL
4,1,2026-08-24,4,Period 3,10:15:00,11:00:00,CLASS,1,1,Room-01,NULL,1,2026-09-01 10:59:33,1,2026-09-01 10:59:33,NULL,0x0000000000002D2B,NULL
5,1,2026-08-24,5,Period 4,11:00:00,11:45:00,CLASS,2,2,Room-01,NULL,1,2026-09-01 10:59:33,1,2026-09-01 10:59:33,NULL,0x0000000000002D2C,NULL
6,1,2026-08-24,6,Lunch Break,11:45:00,12:30:00,LUNCH,NULL,NULL,NULL,Lunch Break,1,2026-09-01 10:59:33,1,2026-09-01 10:59:33,NULL,0x0000000000002D2D,NULL
7,1,2026-08-24,7,Period 5,12:30:00,13:15:00,CLASS,1,1,Room-01,NULL,1,2026-09-01 10:59:33,1,2026-09-01 10:59:33,NULL,0x0000000000002D2E,NULL
8,1,2026-08-24,8,Period 6,13:15:00,14:00:00,CLASS,2,2,Room-01,NULL,1,2026-09-01 10:59:33,1,2026-09-01 10:59:33,NULL,0x0000000000002D2F,NULL
9,1,2026-08-24,9,Afternoon Break,14:00:00,14:15:00,BREAK,NULL,NULL,NULL,Afternoon Break,1,2026-09-01 10:59:33,1,2026-09-01 10:59:33,NULL,0x0000000000002D30,NULL
10,1,2026-08-24,10,Period 7,14:15:00,15:00:00,CLASS,2,2,Room-01,NULL,1,2026-09-01 10:59:33,1,2026-09-01 10:59:33,NULL,0x0000000000002D31,NULL
11,1,2026-08-25,1,Period 1,08:30:00,09:15:00,CLASS,1,1,Room-01,NULL,1,2026-09-01 10:59:33,1,2026-09-01 10:59:33,NULL,0x0000000000002D32,NULL
12,1,2026-08-25,2,Period 2,09:15:00,10:00:00,CLASS,2,2,Room-01,NULL,1,2026-09-01 10:59:33,1,2026-09-01 10:59:33,NULL,0x0000000000002D33,NULL
13,1,2026-08-25,3,Morning Break,10:00:00,10:15:00,BREAK,NULL,NULL,NULL,Morning Break,1,2026-09-01 10:59:33,1,2026-09-01 10:59:33,NULL,0x0000000000002D34,NULL
14,1,2026-08-25,4,Period 3,10:15:00,11:00:00,CLASS,1,1,Room-01,NULL,1,2026-09-01 10:59:33,1,2026-09-01 10:59:33,NULL,0x0000000000002D35,NULL
15,1,2026-08-25,5,Period 4,11:00:00,11:45:00,CLASS,2,2,Room-01,NULL,1,2026-09-01 10:59:33,1,2026-09-01 10:59:33,NULL,0x0000000000002D36,NULL
16,1,2026-08-25,6,Lunch Break,11:45:00,12:30:00,LUNCH,NULL,NULL,NULL,Lunch Break,1,2026-09-01 10:59:33,1,2026-09-01 10:59:33,NULL,0x0000000000002D37,NULL
17,1,2026-08-25,7,Period 5,12:30:00,13:15:00,CLASS,1,1,Room-01,NULL,1,2026-09-01 10:59:33,1,2026-09-01 10:59:33,NULL,0x0000000000002D38,NULL
18,1,2026-08-25,8,Period 6,13:15:00,14:00:00,CLASS,2,2,Room-01,NULL,1,2026-09-01 10:59:33,1,2026-09-01 10:59:33,NULL,0x0000000000002D39,NULL
19,1,2026-08-25,9,Afternoon Break,14:00:00,14:15:00,BREAK,NULL,NULL,NULL,Afternoon Break,1,2026-09-01 10:59:33,1,2026-09-01 10:59:33,NULL,0x0000000000002D3A,NULL
20,1,2026-08-25,10,Period 7,14:15:00,15:00:00,CLASS,2,2,Room-01,NULL,1,2026-09-01 10:59:33,1,2026-09-01 10:59:33,NULL,0x0000000000002D3B,NULL
21,1,2026-08-26,1,Period 1,08:30:00,09:15:00,CLASS,1,1,Room-01,NULL,1,2026-09-01 10:59:33,1,2026-09-01 10:59:33,NULL,0x0000000000002D3C,NULL
22,1,2026-08-26,2,Period 2,09:15:00,10:00:00,CLASS,2,2,Room-01,NULL,1,2026-09-01 10:59:33,1,2026-09-01 10:59:33,NULL,0x0000000000002D3D,NULL
23,1,2026-08-26,3,Morning Break,10:00:00,10:15:00,BREAK,NULL,NULL,NULL,Morning Break,1,2026-09-01 10:59:33,1,2026-09-01 10:59:33,NULL,0x0000000000002D3E,NULL
24,1,2026-08-26,4,Period 3,10:15:00,11:00:00,CLASS,1,1,Room-01,NULL,1,2026-09-01 10:59:33,1,2026-09-01 10:59:33,NULL,0x0000000000002D3F,NULL
25,1,2026-08-26,5,Period 4,11:00:00,11:45:00,CLASS,2,2,Room-01,NULL,1,2026-09-01 10:59:33,1,2026-09-01 10:59:33,NULL,0x0000000000002D40,NULL
26,1,2026-08-26,6,Lunch Break,11:45:00,12:30:00,LUNCH,NULL,NULL,NULL,Lunch Break,1,2026-09-01 10:59:33,1,2026-09-01 10:59:33,NULL,0x0000000000002D41,NULL
27,1,2026-08-26,7,Period 5,12:30:00,13:15:00,CLASS,1,1,Room-01,NULL,1,2026-09-01 10:59:33,1,2026-09-01 10:59:33,NULL,0x0000000000002D42,NULL
28,1,2026-08-26,8,Period 6,13:15:00,14:00:00,CLASS,2,2,Room-01,NULL,1,2026-09-01 10:59:33,1,2026-09-01 10:59:33,NULL,0x0000000000002D43,NULL
29,1,2026-08-26,9,Afternoon Break,14:00:00,14:15:00,BREAK,NULL,NULL,NULL,Afternoon Break,1,2026-09-01 10:59:33,1,2026-09-01 10:59:33,NULL,0x0000000000002D44,NULL
30,1,2026-08-26,10,Period 7,14:15:00,15:00:00,CLASS,2,2,Room-01,NULL,1,2026-09-01 10:59:33,1,2026-09-01 10:59:33,NULL,0x0000000000002D45,NULL
31,1,2026-08-27,1,Period 1,08:30:00,09:15:00,CLASS,1,1,Room-01,NULL,1,2026-09-01 10:59:33,1,2026-09-01 10:59:33,NULL,0x0000000000002D46,NULL
32,1,2026-08-27,2,Period 2,09:15:00,10:00:00,CLASS,2,2,Room-01,NULL,1,2026-09-01 10:59:33,1,2026-09-01 10:59:33,NULL,0x0000000000002D47,NULL
33,1,2026-08-27,3,Morning Break,10:00:00,10:15:00,BREAK,NULL,NULL,NULL,Morning Break,1,2026-09-01 10:59:33,1,2026-09-01 10:59:33,NULL,0x0000000000002D48,NULL
34,1,2026-08-27,4,Period 3,10:15:00,11:00:00,CLASS,1,1,Room-01,NULL,1,2026-09-01 10:59:33,1,2026-09-01 10:59:33,NULL,0x0000000000002D49,NULL
35,1,2026-08-27,5,Period 4,11:00:00,11:45:00,CLASS,2,2,Room-01,NULL,1,2026-09-01 10:59:33,1,2026-09-01 10:59:33,NULL,0x0000000000002D4A,NULL
36,1,2026-08-27,6,Lunch Break,11:45:00,12:30:00,LUNCH,NULL,NULL,NULL,Lunch Break,1,2026-09-01 10:59:33,1,2026-09-01 10:59:33,NULL,0x0000000000002D4B,NULL
37,1,2026-08-27,7,Period 5,12:30:00,13:15:00,CLASS,1,1,Room-01,NULL,1,2026-09-01 10:59:33,1,2026-09-01 10:59:33,NULL,0x0000000000002D4C,NULL
38,1,2026-08-27,8,Period 6,13:15:00,14:00:00,CLASS,2,2,Room-01,NULL,1,2026-09-01 10:59:33,1,2026-09-01 10:59:33,NULL,0x0000000000002D4D,NULL
39,1,2026-08-27,9,Afternoon Break,14:00:00,14:15:00,BREAK,NULL,NULL,NULL,Afternoon Break,1,2026-09-01 10:59:33,1,2026-09-01 10:59:33,NULL,0x0000000000002D4E,NULL
40,1,2026-08-27,10,Period 7,14:15:00,15:00:00,CLASS,2,2,Room-01,NULL,1,2026-09-01 10:59:33,1,2026-09-01 10:59:33,NULL,0x0000000000002D4F,NULL
41,1,2026-08-28,1,Period 1,08:30:00,09:15:00,CLASS,1,1,Room-01,NULL,1,2026-09-01 10:59:33,1,2026-09-01 10:59:33,NULL,0x0000000000002D50,NULL
42,1,2026-08-28,2,Period 2,09:15:00,10:00:00,CLASS,2,2,Room-01,NULL,1,2026-09-01 10:59:33,1,2026-09-01 10:59:33,NULL,0x0000000000002D51,NULL
43,1,2026-08-28,3,Morning Break,10:00:00,10:15:00,BREAK,NULL,NULL,NULL,Morning Break,1,2026-09-01 10:59:33,1,2026-09-01 10:59:33,NULL,0x0000000000002D52,NULL
44,1,2026-08-28,4,Period 3,10:15:00,11:00:00,CLASS,1,1,Room-01,NULL,1,2026-09-01 10:59:33,1,2026-09-01 10:59:33,NULL,0x0000000000002D53,NULL
45,1,2026-08-28,5,Period 4,11:00:00,11:45:00,CLASS,2,2,Room-01,NULL,1,2026-09-01 10:59:33,1,2026-09-01 10:59:33,NULL,0x0000000000002D54,NULL
46,1,2026-08-28,6,Lunch Break,11:45:00,12:30:00,LUNCH,NULL,NULL,NULL,Lunch Break,1,2026-09-01 10:59:33,1,2026-09-01 10:59:33,NULL,0x0000000000002D55,NULL
47,1,2026-08-28,7,Period 5,12:30:00,13:15:00,CLASS,1,1,Room-01,NULL,1,2026-09-01 10:59:33,1,2026-09-01 10:59:33,NULL,0x0000000000002D56,NULL
48,1,2026-08-28,8,Period 6,13:15:00,14:00:00,CLASS,2,2,Room-01,NULL,1,2026-09-01 10:59:33,1,2026-09-01 10:59:33,NULL,0x0000000000002D57,NULL
49,1,2026-08-28,9,Afternoon Break,14:00:00,14:15:00,BREAK,NULL,NULL,NULL,Afternoon Break,1,2026-09-01 10:59:33,1,2026-09-01 10:59:33,NULL,0x0000000000002D58,NULL
50,1,2026-08-28,10,Period 7,14:15:00,15:00:00,CLASS,2,2,Room-01,NULL,1,2026-09-01 10:59:33,1,2026-09-01 10:59:33,NULL,0x0000000000002D59,NULL
51,1,2026-08-29,1,Period 1,08:30:00,09:15:00,CLASS,1,1,Room-01,NULL,1,2026-09-01 10:59:33,1,2026-09-01 10:59:33,NULL,0x0000000000002D5A,NULL
52,1,2026-08-29,2,Period 2,09:15:00,10:00:00,CLASS,2,2,Room-01,NULL,1,2026-09-01 10:59:33,1,2026-09-01 10:59:33,NULL,0x0000000000002D5B,NULL
53,1,2026-08-29,3,Morning Break,10:00:00,10:15:00,BREAK,NULL,NULL,NULL,Morning Break,1,2026-09-01 10:59:33,1,2026-09-01 10:59:33,NULL,0x0000000000002D5C,NULL
54,1,2026-08-29,4,Period 3,10:15:00,11:00:00,CLASS,1,1,Room-01,NULL,1,2026-09-01 10:59:33,1,2026-09-01 10:59:33,NULL,0x0000000000002D5D,NULL
55,1,2026-08-29,5,Period 4,11:00:00,11:45:00,CLASS,2,2,Room-01,NULL,1,2026-09-01 10:59:33,1,2026-09-01 10:59:33,NULL,0x0000000000002D5E,NULL
56,1,2026-08-29,6,Lunch Break,11:45:00,12:30:00,LUNCH,NULL,NULL,NULL,Lunch Break,1,2026-09-01 10:59:33,1,2026-09-01 10:59:33,NULL,0x0000000000002D5F,NULL
57,1,2026-08-29,7,Period 5,12:30:00,13:15:00,CLASS,1,1,Room-01,NULL,1,2026-09-01 10:59:33,1,2026-09-01 10:59:33,NULL,0x0000000000002D60,NULL
58,1,2026-08-29,8,Period 6,13:15:00,14:00:00,CLASS,2,2,Room-01,NULL,1,2026-09-01 10:59:33,1,2026-09-01 10:59:33,NULL,0x0000000000002D61,NULL
59,1,2026-08-29,9,Afternoon Break,14:00:00,14:15:00,BREAK,NULL,NULL,NULL,Afternoon Break,1,2026-09-01 10:59:33,1,2026-09-01 10:59:33,NULL,0x0000000000002D62,NULL
60,1,2026-08-29,10,Period 7,14:15:00,15:00:00,CLASS,2,2,Room-01,NULL,1,2026-09-01 10:59:33,1,2026-09-01 10:59:33,NULL,0x0000000000002D63,NULL
61,2,2026-08-24,1,Period 1,08:30:00,09:15:00,CLASS,1,3,Room-02,NULL,1,2026-09-01 10:59:33,1,2026-09-01 10:59:33,NULL,0x0000000000002D64,NULL
62,2,2026-08-24,2,Period 2,09:15:00,10:00:00,CLASS,2,4,Room-02,NULL,1,2026-09-01 10:59:33,1,2026-09-01 10:59:33,NULL,0x0000000000002D65,NULL
63,2,2026-08-24,3,Morning Break,10:00:00,10:15:00,BREAK,NULL,NULL,NULL,Morning Break,1,2026-09-01 10:59:33,1,2026-09-01 10:59:33,NULL,0x0000000000002D66,NULL
64,2,2026-08-24,4,Period 3,10:15:00,11:00:00,CLASS,1,3,Room-02,NULL,1,2026-09-01 10:59:33,1,2026-09-01 10:59:33,NULL,0x0000000000002D67,NULL
65,2,2026-08-24,5,Period 4,11:00:00,11:45:00,CLASS,2,4,Room-02,NULL,1,2026-09-01 10:59:33,1,2026-09-01 10:59:33,NULL,0x0000000000002D68,NULL
66,2,2026-08-24,6,Lunch Break,11:45:00,12:30:00,LUNCH,NULL,NULL,NULL,Lunch Break,1,2026-09-01 10:59:33,1,2026-09-01 10:59:33,NULL,0x0000000000002D69,NULL
67,2,2026-08-24,7,Period 5,12:30:00,13:15:00,CLASS,1,3,Room-02,NULL,1,2026-09-01 10:59:33,1,2026-09-01 10:59:33,NULL,0x0000000000002D6A,NULL
68,2,2026-08-24,8,Period 6,13:15:00,14:00:00,CLASS,2,4,Room-02,NULL,1,2026-09-01 10:59:33,1,2026-09-01 10:59:33,NULL,0x0000000000002D6B,NULL
69,2,2026-08-24,9,Afternoon Break,14:00:00,14:15:00,BREAK,NULL,NULL,NULL,Afternoon Break,1,2026-09-01 10:59:33,1,2026-09-01 10:59:33,NULL,0x0000000000002D6C,NULL
70,2,2026-08-24,10,Period 7,14:15:00,15:00:00,CLASS,2,4,Room-02,NULL,1,2026-09-01 10:59:33,1,2026-09-01 10:59:33,NULL,0x0000000000002D6D,NULL
71,2,2026-08-25,1,Period 1,08:30:00,09:15:00,CLASS,1,3,Room-02,NULL,1,2026-09-01 10:59:33,1,2026-09-01 10:59:33,NULL,0x0000000000002D6E,NULL
72,2,2026-08-25,2,Period 2,09:15:00,10:00:00,CLASS,2,4,Room-02,NULL,1,2026-09-01 10:59:33,1,2026-09-01 10:59:33,NULL,0x0000000000002D6F,NULL
73,2,2026-08-25,3,Morning Break,10:00:00,10:15:00,BREAK,NULL,NULL,NULL,Morning Break,1,2026-09-01 10:59:33,1,2026-09-01 10:59:33,NULL,0x0000000000002D70,NULL
74,2,2026-08-25,4,Period 3,10:15:00,11:00:00,CLASS,1,3,Room-02,NULL,1,2026-09-01 10:59:33,1,2026-09-01 10:59:33,NULL,0x0000000000002D71,NULL
75,2,2026-08-25,5,Period 4,11:00:00,11:45:00,CLASS,2,4,Room-02,NULL,1,2026-09-01 10:59:33,1,2026-09-01 10:59:33,NULL,0x0000000000002D72,NULL
76,2,2026-08-25,6,Lunch Break,11:45:00,12:30:00,LUNCH,NULL,NULL,NULL,Lunch Break,1,2026-09-01 10:59:33,1,2026-09-01 10:59:33,NULL,0x0000000000002D73,NULL
77,2,2026-08-25,7,Period 5,12:30:00,13:15:00,CLASS,1,3,Room-02,NULL,1,2026-09-01 10:59:33,1,2026-09-01 10:59:33,NULL,0x0000000000002D74,NULL
78,2,2026-08-25,8,Period 6,13:15:00,14:00:00,CLASS,2,4,Room-02,NULL,1,2026-09-01 10:59:33,1,2026-09-01 10:59:33,NULL,0x0000000000002D75,NULL
79,2,2026-08-25,9,Afternoon Break,14:00:00,14:15:00,BREAK,NULL,NULL,NULL,Afternoon Break,1,2026-09-01 10:59:33,1,2026-09-01 10:59:33,NULL,0x0000000000002D76,NULL
80,2,2026-08-25,10,Period 7,14:15:00,15:00:00,CLASS,2,4,Room-02,NULL,1,2026-09-01 10:59:33,1,2026-09-01 10:59:33,NULL,0x0000000000002D77,NULL
81,2,2026-08-26,1,Period 1,08:30:00,09:15:00,CLASS,1,3,Room-02,NULL,1,2026-09-01 10:59:33,1,2026-09-01 10:59:33,NULL,0x0000000000002D78,NULL
82,2,2026-08-26,2,Period 2,09:15:00,10:00:00,CLASS,2,4,Room-02,NULL,1,2026-09-01 10:59:33,1,2026-09-01 10:59:33,NULL,0x0000000000002D79,NULL
83,2,2026-08-26,3,Morning Break,10:00:00,10:15:00,BREAK,NULL,NULL,NULL,Morning Break,1,2026-09-01 10:59:33,1,2026-09-01 10:59:33,NULL,0x0000000000002D7A,NULL
84,2,2026-08-26,4,Period 3,10:15:00,11:00:00,CLASS,1,3,Room-02,NULL,1,2026-09-01 10:59:33,1,2026-09-01 10:59:33,NULL,0x0000000000002D7B,NULL
85,2,2026-08-26,5,Period 4,11:00:00,11:45:00,CLASS,2,4,Room-02,NULL,1,2026-09-01 10:59:33,1,2026-09-01 10:59:33,NULL,0x0000000000002D7C,NULL
86,2,2026-08-26,6,Lunch Break,11:45:00,12:30:00,LUNCH,NULL,NULL,NULL,Lunch Break,1,2026-09-01 10:59:33,1,2026-09-01 10:59:33,NULL,0x0000000000002D7D,NULL
87,2,2026-08-26,7,Period 5,12:30:00,13:15:00,CLASS,1,3,Room-02,NULL,1,2026-09-01 10:59:33,1,2026-09-01 10:59:33,NULL,0x0000000000002D7E,NULL
88,2,2026-08-26,8,Period 6,13:15:00,14:00:00,CLASS,2,4,Room-02,NULL,1,2026-09-01 10:59:33,1,2026-09-01 10:59:33,NULL,0x0000000000002D7F,NULL
89,2,2026-08-26,9,Afternoon Break,14:00:00,14:15:00,BREAK,NULL,NULL,NULL,Afternoon Break,1,2026-09-01 10:59:33,1,2026-09-01 10:59:33,NULL,0x0000000000002D80,NULL
90,2,2026-08-26,10,Period 7,14:15:00,15:00:00,CLASS,2,4,Room-02,NULL,1,2026-09-01 10:59:33,1,2026-09-01 10:59:33,NULL,0x0000000000002D81,NULL
91,2,2026-08-27,1,Period 1,08:30:00,09:15:00,CLASS,1,3,Room-02,NULL,1,2026-09-01 10:59:33,1,2026-09-01 10:59:33,NULL,0x0000000000002D82,NULL
92,2,2026-08-27,2,Period 2,09:15:00,10:00:00,CLASS,2,4,Room-02,NULL,1,2026-09-01 10:59:33,1,2026-09-01 10:59:33,NULL,0x0000000000002D83,NULL
93,2,2026-08-27,3,Morning Break,10:00:00,10:15:00,BREAK,NULL,NULL,NULL,Morning Break,1,2026-09-01 10:59:33,1,2026-09-01 10:59:33,NULL,0x0000000000002D84,NULL
94,2,2026-08-27,4,Period 3,10:15:00,11:00:00,CLASS,1,3,Room-02,NULL,1,2026-09-01 10:59:33,1,2026-09-01 10:59:33,NULL,0x0000000000002D85,NULL
95,2,2026-08-27,5,Period 4,11:00:00,11:45:00,CLASS,2,4,Room-02,NULL,1,2026-09-01 10:59:33,1,2026-09-01 10:59:33,NULL,0x0000000000002D86,NULL
96,2,2026-08-27,6,Lunch Break,11:45:00,12:30:00,LUNCH,NULL,NULL,NULL,Lunch Break,1,2026-09-01 10:59:33,1,2026-09-01 10:59:33,NULL,0x0000000000002D87,NULL
97,2,2026-08-27,7,Period 5,12:30:00,13:15:00,CLASS,1,3,Room-02,NULL,1,2026-09-01 10:59:33,1,2026-09-01 10:59:33,NULL,0x0000000000002D88,NULL
98,2,2026-08-27,8,Period 6,13:15:00,14:00:00,CLASS,2,4,Room-02,NULL,1,2026-09-01 10:59:33,1,2026-09-01 10:59:33,NULL,0x0000000000002D89,NULL
99,2,2026-08-27,9,Afternoon Break,14:00:00,14:15:00,BREAK,NULL,NULL,NULL,Afternoon Break,1,2026-09-01 10:59:33,1,2026-09-01 10:59:33,NULL,0x0000000000002D8A,NULL
100,2,2026-08-27,10,Period 7,14:15:00,15:00:00,CLASS,2,4,Room-02,NULL,1,2026-09-01 10:59:33,1,2026-09-01 10:59:33,NULL,0x0000000000002D8B,NULL
101,2,2026-08-28,1,Period 1,08:30:00,09:15:00,CLASS,1,3,Room-02,NULL,1,2026-09-01 10:59:33,1,2026-09-01 10:59:33,NULL,0x0000000000002D8C,NULL
102,2,2026-08-28,2,Period 2,09:15:00,10:00:00,CLASS,2,4,Room-02,NULL,1,2026-09-01 10:59:33,1,2026-09-01 10:59:33,NULL,0x0000000000002D8D,NULL
103,2,2026-08-28,3,Morning Break,10:00:00,10:15:00,BREAK,NULL,NULL,NULL,Morning Break,1,2026-09-01 10:59:33,1,2026-09-01 10:59:33,NULL,0x0000000000002D8E,NULL
104,2,2026-08-28,4,Period 3,10:15:00,11:00:00,CLASS,1,3,Room-02,NULL,1,2026-09-01 10:59:33,1,2026-09-01 10:59:33,NULL,0x0000000000002D8F,NULL
105,2,2026-08-28,5,Period 4,11:00:00,11:45:00,CLASS,2,4,Room-02,NULL,1,2026-09-01 10:59:33,1,2026-09-01 10:59:33,NULL,0x0000000000002D90,NULL
106,2,2026-08-28,6,Lunch Break,11:45:00,12:30:00,LUNCH,NULL,NULL,NULL,Lunch Break,1,2026-09-01 10:59:33,1,2026-09-01 10:59:33,NULL,0x0000000000002D91,NULL
107,2,2026-08-28,7,Period 5,12:30:00,13:15:00,CLASS,1,3,Room-02,NULL,1,2026-09-01 10:59:33,1,2026-09-01 10:59:33,NULL,0x0000000000002D92,NULL
108,2,2026-08-28,8,Period 6,13:15:00,14:00:00,CLASS,2,4,Room-02,NULL,1,2026-09-01 10:59:33,1,2026-09-01 10:59:33,NULL,0x0000000000002D93,NULL
109,2,2026-08-28,9,Afternoon Break,14:00:00,14:15:00,BREAK,NULL,NULL,NULL,Afternoon Break,1,2026-09-01 10:59:33,1,2026-09-01 10:59:33,NULL,0x0000000000002D94,NULL
110,2,2026-08-28,10,Period 7,14:15:00,15:00:00,CLASS,2,4,Room-02,NULL,1,2026-09-01 10:59:33,1,2026-09-01 10:59:33,NULL,0x0000000000002D95,NULL
111,2,2026-08-29,1,Period 1,08:30:00,09:15:00,CLASS,1,3,Room-02,NULL,1,2026-09-01 10:59:33,1,2026-09-01 10:59:33,NULL,0x0000000000002D96,NULL
112,2,2026-08-29,2,Period 2,09:15:00,10:00:00,CLASS,2,4,Room-02,NULL,1,2026-09-01 10:59:33,1,2026-09-01 10:59:33,NULL,0x0000000000002D97,NULL
113,2,2026-08-29,3,Morning Break,10:00:00,10:15:00,BREAK,NULL,NULL,NULL,Morning Break,1,2026-09-01 10:59:33,1,2026-09-01 10:59:33,NULL,0x0000000000002D98,NULL
114,2,2026-08-29,4,Period 3,10:15:00,11:00:00,CLASS,1,3,Room-02,NULL,1,2026-09-01 10:59:33,1,2026-09-01 10:59:33,NULL,0x0000000000002D99,NULL
115,2,2026-08-29,5,Period 4,11:00:00,11:45:00,CLASS,2,4,Room-02,NULL,1,2026-09-01 10:59:33,1,2026-09-01 10:59:33,NULL,0x0000000000002D9A,NULL
116,2,2026-08-29,6,Lunch Break,11:45:00,12:30:00,LUNCH,NULL,NULL,NULL,Lunch Break,1,2026-09-01 10:59:33,1,2026-09-01 10:59:33,NULL,0x0000000000002D9B,NULL
117,2,2026-08-29,7,Period 5,12:30:00,13:15:00,CLASS,1,3,Room-02,NULL,1,2026-09-01 10:59:33,1,2026-09-01 10:59:33,NULL,0x0000000000002D9C,NULL
118,2,2026-08-29,8,Period 6,13:15:00,14:00:00,CLASS,2,4,Room-02,NULL,1,2026-09-01 10:59:33,1,2026-09-01 10:59:33,NULL,0x0000000000002D9D,NULL
119,2,2026-08-29,9,Afternoon Break,14:00:00,14:15:00,BREAK,NULL,NULL,NULL,Afternoon Break,1,2026-09-01 10:59:33,1,2026-09-01 10:59:33,NULL,0x0000000000002D9E,NULL
120,2,2026-08-29,10,Period 7,14:15:00,15:00:00,CLASS,2,4,Room-02,NULL,1,2026-09-01 10:59:33,1,2026-09-01 10:59:33,NULL,0x0000000000002D9F,NULL
121,3,2026-08-24,1,Period 1,08:30:00,09:15:00,CLASS,1,5,Room-03,NULL,1,2026-09-01 10:59:33,1,2026-09-01 10:59:33,NULL,0x0000000000002DA0,NULL
122,3,2026-08-24,2,Period 2,09:15:00,10:00:00,CLASS,2,6,Room-03,NULL,1,2026-09-01 10:59:33,1,2026-09-01 10:59:33,NULL,0x0000000000002DA1,NULL
123,3,2026-08-24,3,Morning Break,10:00:00,10:15:00,BREAK,NULL,NULL,NULL,Morning Break,1,2026-09-01 10:59:33,1,2026-09-01 10:59:33,NULL,0x0000000000002DA2,NULL
124,3,2026-08-24,4,Period 3,10:15:00,11:00:00,CLASS,1,5,Room-03,NULL,1,2026-09-01 10:59:33,1,2026-09-01 10:59:33,NULL,0x0000000000002DA3,NULL
125,3,2026-08-24,5,Period 4,11:00:00,11:45:00,CLASS,2,6,Room-03,NULL,1,2026-09-01 10:59:33,1,2026-09-01 10:59:33,NULL,0x0000000000002DA4,NULL
126,3,2026-08-24,6,Lunch Break,11:45:00,12:30:00,LUNCH,NULL,NULL,NULL,Lunch Break,1,2026-09-01 10:59:33,1,2026-09-01 10:59:33,NULL,0x0000000000002DA5,NULL
127,3,2026-08-24,7,Period 5,12:30:00,13:15:00,CLASS,1,5,Room-03,NULL,1,2026-09-01 10:59:33,1,2026-09-01 10:59:33,NULL,0x0000000000002DA6,NULL
128,3,2026-08-24,8,Period 6,13:15:00,14:00:00,CLASS,2,6,Room-03,NULL,1,2026-09-01 10:59:33,1,2026-09-01 10:59:33,NULL,0x0000000000002DA7,NULL
129,3,2026-08-24,9,Afternoon Break,14:00:00,14:15:00,BREAK,NULL,NULL,NULL,Afternoon Break,1,2026-09-01 10:59:33,1,2026-09-01 10:59:33,NULL,0x0000000000002DA8,NULL
130,3,2026-08-24,10,Period 7,14:15:00,15:00:00,CLASS,2,6,Room-03,NULL,1,2026-09-01 10:59:33,1,2026-09-01 10:59:33,NULL,0x0000000000002DA9,NULL
131,3,2026-08-25,1,Period 1,08:30:00,09:15:00,CLASS,1,5,Room-03,NULL,1,2026-09-01 10:59:33,1,2026-09-01 10:59:33,NULL,0x0000000000002DAA,NULL
132,3,2026-08-25,2,Period 2,09:15:00,10:00:00,CLASS,2,6,Room-03,NULL,1,2026-09-01 10:59:33,1,2026-09-01 10:59:33,NULL,0x0000000000002DAB,NULL
133,3,2026-08-25,3,Morning Break,10:00:00,10:15:00,BREAK,NULL,NULL,NULL,Morning Break,1,2026-09-01 10:59:33,1,2026-09-01 10:59:33,NULL,0x0000000000002DAC,NULL
134,3,2026-08-25,4,Period 3,10:15:00,11:00:00,CLASS,1,5,Room-03,NULL,1,2026-09-01 10:59:33,1,2026-09-01 10:59:33,NULL,0x0000000000002DAD,NULL
135,3,2026-08-25,5,Period 4,11:00:00,11:45:00,CLASS,2,6,Room-03,NULL,1,2026-09-01 10:59:33,1,2026-09-01 10:59:33,NULL,0x0000000000002DAE,NULL
136,3,2026-08-25,6,Lunch Break,11:45:00,12:30:00,LUNCH,NULL,NULL,NULL,Lunch Break,1,2026-09-01 10:59:33,1,2026-09-01 10:59:33,NULL,0x0000000000002DAF,NULL
137,3,2026-08-25,7,Period 5,12:30:00,13:15:00,CLASS,1,5,Room-03,NULL,1,2026-09-01 10:59:33,1,2026-09-01 10:59:33,NULL,0x0000000000002DB0,NULL
138,3,2026-08-25,8,Period 6,13:15:00,14:00:00,CLASS,2,6,Room-03,NULL,1,2026-09-01 10:59:33,1,2026-09-01 10:59:33,NULL,0x0000000000002DB1,NULL
139,3,2026-08-25,9,Afternoon Break,14:00:00,14:15:00,BREAK,NULL,NULL,NULL,Afternoon Break,1,2026-09-01 10:59:33,1,2026-09-01 10:59:33,NULL,0x0000000000002DB2,NULL
140,3,2026-08-25,10,Period 7,14:15:00,15:00:00,CLASS,2,6,Room-03,NULL,1,2026-09-01 10:59:33,1,2026-09-01 10:59:33,NULL,0x0000000000002DB3,NULL
141,3,2026-08-26,1,Period 1,08:30:00,09:15:00,CLASS,1,5,Room-03,NULL,1,2026-09-01 10:59:33,1,2026-09-01 10:59:33,NULL,0x0000000000002DB4,NULL
142,3,2026-08-26,2,Period 2,09:15:00,10:00:00,CLASS,2,6,Room-03,NULL,1,2026-09-01 10:59:33,1,2026-09-01 10:59:33,NULL,0x0000000000002DB5,NULL
143,3,2026-08-26,3,Morning Break,10:00:00,10:15:00,BREAK,NULL,NULL,NULL,Morning Break,1,2026-09-01 10:59:33,1,2026-09-01 10:59:33,NULL,0x0000000000002DB6,NULL
144,3,2026-08-26,4,Period 3,10:15:00,11:00:00,CLASS,1,5,Room-03,NULL,1,2026-09-01 10:59:33,1,2026-09-01 10:59:33,NULL,0x0000000000002DB7,NULL
145,3,2026-08-26,5,Period 4,11:00:00,11:45:00,CLASS,2,6,Room-03,NULL,1,2026-09-01 10:59:33,1,2026-09-01 10:59:33,NULL,0x0000000000002DB8,NULL
146,3,2026-08-26,6,Lunch Break,11:45:00,12:30:00,LUNCH,NULL,NULL,NULL,Lunch Break,1,2026-09-01 10:59:33,1,2026-09-01 10:59:33,NULL,0x0000000000002DB9,NULL
147,3,2026-08-26,7,Period 5,12:30:00,13:15:00,CLASS,1,5,Room-03,NULL,1,2026-09-01 10:59:33,1,2026-09-01 10:59:33,NULL,0x0000000000002DBA,NULL
148,3,2026-08-26,8,Period 6,13:15:00,14:00:00,CLASS,2,6,Room-03,NULL,1,2026-09-01 10:59:33,1,2026-09-01 10:59:33,NULL,0x0000000000002DBB,NULL
149,3,2026-08-26,9,Afternoon Break,14:00:00,14:15:00,BREAK,NULL,NULL,NULL,Afternoon Break,1,2026-09-01 10:59:33,1,2026-09-01 10:59:33,NULL,0x0000000000002DBC,NULL
150,3,2026-08-26,10,Period 7,14:15:00,15:00:00,CLASS,2,6,Room-03,NULL,1,2026-09-01 10:59:33,1,2026-09-01 10:59:33,NULL,0x0000000000002DBD,NULL
151,3,2026-08-27,1,Period 1,08:30:00,09:15:00,CLASS,1,5,Room-03,NULL,1,2026-09-01 10:59:33,1,2026-09-01 10:59:33,NULL,0x0000000000002DBE,NULL
152,3,2026-08-27,2,Period 2,09:15:00,10:00:00,CLASS,2,6,Room-03,NULL,1,2026-09-01 10:59:33,1,2026-09-01 10:59:33,NULL,0x0000000000002DBF,NULL
153,3,2026-08-27,3,Morning Break,10:00:00,10:15:00,BREAK,NULL,NULL,NULL,Morning Break,1,2026-09-01 10:59:33,1,2026-09-01 10:59:33,NULL,0x0000000000002DC0,NULL
154,3,2026-08-27,4,Period 3,10:15:00,11:00:00,CLASS,1,5,Room-03,NULL,1,2026-09-01 10:59:33,1,2026-09-01 10:59:33,NULL,0x0000000000002DC1,NULL
155,3,2026-08-27,5,Period 4,11:00:00,11:45:00,CLASS,2,6,Room-03,NULL,1,2026-09-01 10:59:33,1,2026-09-01 10:59:33,NULL,0x0000000000002DC2,NULL
156,3,2026-08-27,6,Lunch Break,11:45:00,12:30:00,LUNCH,NULL,NULL,NULL,Lunch Break,1,2026-09-01 10:59:33,1,2026-09-01 10:59:33,NULL,0x0000000000002DC3,NULL
157,3,2026-08-27,7,Period 5,12:30:00,13:15:00,CLASS,1,5,Room-03,NULL,1,2026-09-01 10:59:33,1,2026-09-01 10:59:33,NULL,0x0000000000002DC4,NULL
158,3,2026-08-27,8,Period 6,13:15:00,14:00:00,CLASS,2,6,Room-03,NULL,1,2026-09-01 10:59:33,1,2026-09-01 10:59:33,NULL,0x0000000000002DC5,NULL
159,3,2026-08-27,9,Afternoon Break,14:00:00,14:15:00,BREAK,NULL,NULL,NULL,Afternoon Break,1,2026-09-01 10:59:33,1,2026-09-01 10:59:33,NULL,0x0000000000002DC6,NULL
160,3,2026-08-27,10,Period 7,14:15:00,15:00:00,CLASS,2,6,Room-03,NULL,1,2026-09-01 10:59:33,1,2026-09-01 10:59:33,NULL,0x0000000000002DC7,NULL
161,3,2026-08-28,1,Period 1,08:30:00,09:15:00,CLASS,1,5,Room-03,NULL,1,2026-09-01 10:59:33,1,2026-09-01 10:59:33,NULL,0x0000000000002DC8,NULL
162,3,2026-08-28,2,Period 2,09:15:00,10:00:00,CLASS,2,6,Room-03,NULL,1,2026-09-01 10:59:33,1,2026-09-01 10:59:33,NULL,0x0000000000002DC9,NULL
163,3,2026-08-28,3,Morning Break,10:00:00,10:15:00,BREAK,NULL,NULL,NULL,Morning Break,1,2026-09-01 10:59:33,1,2026-09-01 10:59:33,NULL,0x0000000000002DCA,NULL
164,3,2026-08-28,4,Period 3,10:15:00,11:00:00,CLASS,1,5,Room-03,NULL,1,2026-09-01 10:59:33,1,2026-09-01 10:59:33,NULL,0x0000000000002DCB,NULL
165,3,2026-08-28,5,Period 4,11:00:00,11:45:00,CLASS,2,6,Room-03,NULL,1,2026-09-01 10:59:33,1,2026-09-01 10:59:33,NULL,0x0000000000002DCC,NULL
166,3,2026-08-28,6,Lunch Break,11:45:00,12:30:00,LUNCH,NULL,NULL,NULL,Lunch Break,1,2026-09-01 10:59:33,1,2026-09-01 10:59:33,NULL,0x0000000000002DCD,NULL
167,3,2026-08-28,7,Period 5,12:30:00,13:15:00,CLASS,1,5,Room-03,NULL,1,2026-09-01 10:59:33,1,2026-09-01 10:59:33,NULL,0x0000000000002DCE,NULL
168,3,2026-08-28,8,Period 6,13:15:00,14:00:00,CLASS,2,6,Room-03,NULL,1,2026-09-01 10:59:33,1,2026-09-01 10:59:33,NULL,0x0000000000002DCF,NULL
169,3,2026-08-28,9,Afternoon Break,14:00:00,14:15:00,BREAK,NULL,NULL,NULL,Afternoon Break,1,2026-09-01 10:59:33,1,2026-09-01 10:59:33,NULL,0x0000000000002DD0,NULL
170,3,2026-08-28,10,Period 7,14:15:00,15:00:00,CLASS,2,6,Room-03,NULL,1,2026-09-01 10:59:33,1,2026-09-01 10:59:33,NULL,0x0000000000002DD1,NULL
171,3,2026-08-29,1,Period 1,08:30:00,09:15:00,CLASS,1,5,Room-03,NULL,1,2026-09-01 10:59:33,1,2026-09-01 10:59:33,NULL,0x0000000000002DD2,NULL
172,3,2026-08-29,2,Period 2,09:15:00,10:00:00,CLASS,2,6,Room-03,NULL,1,2026-09-01 10:59:33,1,2026-09-01 10:59:33,NULL,0x0000000000002DD3,NULL
173,3,2026-08-29,3,Morning Break,10:00:00,10:15:00,BREAK,NULL,NULL,NULL,Morning Break,1,2026-09-01 10:59:33,1,2026-09-01 10:59:33,NULL,0x0000000000002DD4,NULL
174,3,2026-08-29,4,Period 3,10:15:00,11:00:00,CLASS,1,5,Room-03,NULL,1,2026-09-01 10:59:33,1,2026-09-01 10:59:33,NULL,0x0000000000002DD5,NULL
175,3,2026-08-29,5,Period 4,11:00:00,11:45:00,CLASS,2,6,Room-03,NULL,1,2026-09-01 10:59:33,1,2026-09-01 10:59:33,NULL,0x0000000000002DD6,NULL
176,3,2026-08-29,6,Lunch Break,11:45:00,12:30:00,LUNCH,NULL,NULL,NULL,Lunch Break,1,2026-09-01 10:59:33,1,2026-09-01 10:59:33,NULL,0x0000000000002DD7,NULL
177,3,2026-08-29,7,Period 5,12:30:00,13:15:00,CLASS,1,5,Room-03,NULL,1,2026-09-01 10:59:33,1,2026-09-01 10:59:33,NULL,0x0000000000002DD8,NULL
178,3,2026-08-29,8,Period 6,13:15:00,14:00:00,CLASS,2,6,Room-03,NULL,1,2026-09-01 10:59:33,1,2026-09-01 10:59:33,NULL,0x0000000000002DD9,NULL
179,3,2026-08-29,9,Afternoon Break,14:00:00,14:15:00,BREAK,NULL,NULL,NULL,Afternoon Break,1,2026-09-01 10:59:33,1,2026-09-01 10:59:33,NULL,0x0000000000002DDA,NULL
180,3,2026-08-29,10,Period 7,14:15:00,15:00:00,CLASS,2,6,Room-03,NULL,1,2026-09-01 10:59:33,1,2026-09-01 10:59:33,NULL,0x0000000000002DDB,NULL
181,4,2026-08-24,1,Period 1,08:30:00,09:15:00,CLASS,1,7,Room-04,NULL,1,2026-09-01 10:59:33,1,2026-09-01 10:59:33,NULL,0x0000000000002DDC,NULL
182,4,2026-08-24,2,Period 2,09:15:00,10:00:00,CLASS,2,8,Room-04,NULL,1,2026-09-01 10:59:33,1,2026-09-01 10:59:33,NULL,0x0000000000002DDD,NULL
183,4,2026-08-24,3,Morning Break,10:00:00,10:15:00,BREAK,NULL,NULL,NULL,Morning Break,1,2026-09-01 10:59:33,1,2026-09-01 10:59:33,NULL,0x0000000000002DDE,NULL
184,4,2026-08-24,4,Period 3,10:15:00,11:00:00,CLASS,1,7,Room-04,NULL,1,2026-09-01 10:59:33,1,2026-09-01 10:59:33,NULL,0x0000000000002DDF,NULL
185,4,2026-08-24,5,Period 4,11:00:00,11:45:00,CLASS,2,8,Room-04,NULL,1,2026-09-01 10:59:33,1,2026-09-01 10:59:33,NULL,0x0000000000002DE0,NULL
186,4,2026-08-24,6,Lunch Break,11:45:00,12:30:00,LUNCH,NULL,NULL,NULL,Lunch Break,1,2026-09-01 10:59:33,1,2026-09-01 10:59:33,NULL,0x0000000000002DE1,NULL
187,4,2026-08-24,7,Period 5,12:30:00,13:15:00,CLASS,1,7,Room-04,NULL,1,2026-09-01 10:59:33,1,2026-09-01 10:59:33,NULL,0x0000000000002DE2,NULL
188,4,2026-08-24,8,Period 6,13:15:00,14:00:00,CLASS,2,8,Room-04,NULL,1,2026-09-01 10:59:33,1,2026-09-01 10:59:33,NULL,0x0000000000002DE3,NULL
189,4,2026-08-24,9,Afternoon Break,14:00:00,14:15:00,BREAK,NULL,NULL,NULL,Afternoon Break,1,2026-09-01 10:59:33,1,2026-09-01 10:59:33,NULL,0x0000000000002DE4,NULL
190,4,2026-08-24,10,Period 7,14:15:00,15:00:00,CLASS,2,8,Room-04,NULL,1,2026-09-01 10:59:33,1,2026-09-01 10:59:33,NULL,0x0000000000002DE5,NULL
191,4,2026-08-25,1,Period 1,08:30:00,09:15:00,CLASS,1,7,Room-04,NULL,1,2026-09-01 10:59:33,1,2026-09-01 10:59:33,NULL,0x0000000000002DE6,NULL
192,4,2026-08-25,2,Period 2,09:15:00,10:00:00,CLASS,2,8,Room-04,NULL,1,2026-09-01 10:59:33,1,2026-09-01 10:59:33,NULL,0x0000000000002DE7,NULL
193,4,2026-08-25,3,Morning Break,10:00:00,10:15:00,BREAK,NULL,NULL,NULL,Morning Break,1,2026-09-01 10:59:33,1,2026-09-01 10:59:33,NULL,0x0000000000002DE8,NULL
194,4,2026-08-25,4,Period 3,10:15:00,11:00:00,CLASS,1,7,Room-04,NULL,1,2026-09-01 10:59:33,1,2026-09-01 10:59:33,NULL,0x0000000000002DE9,NULL
195,4,2026-08-25,5,Period 4,11:00:00,11:45:00,CLASS,2,8,Room-04,NULL,1,2026-09-01 10:59:33,1,2026-09-01 10:59:33,NULL,0x0000000000002DEA,NULL
196,4,2026-08-25,6,Lunch Break,11:45:00,12:30:00,LUNCH,NULL,NULL,NULL,Lunch Break,1,2026-09-01 10:59:33,1,2026-09-01 10:59:33,NULL,0x0000000000002DEB,NULL
197,4,2026-08-25,7,Period 5,12:30:00,13:15:00,CLASS,1,7,Room-04,NULL,1,2026-09-01 10:59:33,1,2026-09-01 10:59:33,NULL,0x0000000000002DEC,NULL
198,4,2026-08-25,8,Period 6,13:15:00,14:00:00,CLASS,2,8,Room-04,NULL,1,2026-09-01 10:59:33,1,2026-09-01 10:59:33,NULL,0x0000000000002DED,NULL
199,4,2026-08-25,9,Afternoon Break,14:00:00,14:15:00,BREAK,NULL,NULL,NULL,Afternoon Break,1,2026-09-01 10:59:33,1,2026-09-01 10:59:33,NULL,0x0000000000002DEE,NULL
200,4,2026-08-25,10,Period 7,14:15:00,15:00:00,CLASS,2,8,Room-04,NULL,1,2026-09-01 10:59:33,1,2026-09-01 10:59:33,NULL,0x0000000000002DEF,NULL
201,4,2026-08-26,1,Period 1,08:30:00,09:15:00,CLASS,1,7,Room-04,NULL,1,2026-09-01 10:59:33,1,2026-09-01 10:59:33,NULL,0x0000000000002DF0,NULL
202,4,2026-08-26,2,Period 2,09:15:00,10:00:00,CLASS,2,8,Room-04,NULL,1,2026-09-01 10:59:33,1,2026-09-01 10:59:33,NULL,0x0000000000002DF1,NULL
203,4,2026-08-26,3,Morning Break,10:00:00,10:15:00,BREAK,NULL,NULL,NULL,Morning Break,1,2026-09-01 10:59:33,1,2026-09-01 10:59:33,NULL,0x0000000000002DF2,NULL
204,4,2026-08-26,4,Period 3,10:15:00,11:00:00,CLASS,1,7,Room-04,NULL,1,2026-09-01 10:59:33,1,2026-09-01 10:59:33,NULL,0x0000000000002DF3,NULL
205,4,2026-08-26,5,Period 4,11:00:00,11:45:00,CLASS,2,8,Room-04,NULL,1,2026-09-01 10:59:33,1,2026-09-01 10:59:33,NULL,0x0000000000002DF4,NULL
206,4,2026-08-26,6,Lunch Break,11:45:00,12:30:00,LUNCH,NULL,NULL,NULL,Lunch Break,1,2026-09-01 10:59:33,1,2026-09-01 10:59:33,NULL,0x0000000000002DF5,NULL
207,4,2026-08-26,7,Period 5,12:30:00,13:15:00,CLASS,1,7,Room-04,NULL,1,2026-09-01 10:59:33,1,2026-09-01 10:59:33,NULL,0x0000000000002DF6,NULL
208,4,2026-08-26,8,Period 6,13:15:00,14:00:00,CLASS,2,8,Room-04,NULL,1,2026-09-01 10:59:33,1,2026-09-01 10:59:33,NULL,0x0000000000002DF7,NULL
209,4,2026-08-26,9,Afternoon Break,14:00:00,14:15:00,BREAK,NULL,NULL,NULL,Afternoon Break,1,2026-09-01 10:59:33,1,2026-09-01 10:59:33,NULL,0x0000000000002DF8,NULL
210,4,2026-08-26,10,Period 7,14:15:00,15:00:00,CLASS,2,8,Room-04,NULL,1,2026-09-01 10:59:33,1,2026-09-01 10:59:33,NULL,0x0000000000002DF9,NULL
211,4,2026-08-27,1,Period 1,08:30:00,09:15:00,CLASS,1,7,Room-04,NULL,1,2026-09-01 10:59:33,1,2026-09-01 10:59:33,NULL,0x0000000000002DFA,NULL
212,4,2026-08-27,2,Period 2,09:15:00,10:00:00,CLASS,2,8,Room-04,NULL,1,2026-09-01 10:59:33,1,2026-09-01 10:59:33,NULL,0x0000000000002DFB,NULL
213,4,2026-08-27,3,Morning Break,10:00:00,10:15:00,BREAK,NULL,NULL,NULL,Morning Break,1,2026-09-01 10:59:33,1,2026-09-01 10:59:33,NULL,0x0000000000002DFC,NULL
214,4,2026-08-27,4,Period 3,10:15:00,11:00:00,CLASS,1,7,Room-04,NULL,1,2026-09-01 10:59:33,1,2026-09-01 10:59:33,NULL,0x0000000000002DFD,NULL
215,4,2026-08-27,5,Period 4,11:00:00,11:45:00,CLASS,2,8,Room-04,NULL,1,2026-09-01 10:59:33,1,2026-09-01 10:59:33,NULL,0x0000000000002DFE,NULL
216,4,2026-08-27,6,Lunch Break,11:45:00,12:30:00,LUNCH,NULL,NULL,NULL,Lunch Break,1,2026-09-01 10:59:33,1,2026-09-01 10:59:33,NULL,0x0000000000002DFF,NULL
217,4,2026-08-27,7,Period 5,12:30:00,13:15:00,CLASS,1,7,Room-04,NULL,1,2026-09-01 10:59:33,1,2026-09-01 10:59:33,NULL,0x0000000000002E01,NULL
218,4,2026-08-27,8,Period 6,13:15:00,14:00:00,CLASS,2,8,Room-04,NULL,1,2026-09-01 10:59:33,1,2026-09-01 10:59:33,NULL,0x0000000000002E02,NULL
219,4,2026-08-27,9,Afternoon Break,14:00:00,14:15:00,BREAK,NULL,NULL,NULL,Afternoon Break,1,2026-09-01 10:59:33,1,2026-09-01 10:59:33,NULL,0x0000000000002E03,NULL
220,4,2026-08-27,10,Period 7,14:15:00,15:00:00,CLASS,2,8,Room-04,NULL,1,2026-09-01 10:59:33,1,2026-09-01 10:59:33,NULL,0x0000000000002E04,NULL
221,4,2026-08-28,1,Period 1,08:30:00,09:15:00,CLASS,1,7,Room-04,NULL,1,2026-09-01 10:59:33,1,2026-09-01 10:59:33,NULL,0x0000000000002E05,NULL
222,4,2026-08-28,2,Period 2,09:15:00,10:00:00,CLASS,2,8,Room-04,NULL,1,2026-09-01 10:59:33,1,2026-09-01 10:59:33,NULL,0x0000000000002E06,NULL
223,4,2026-08-28,3,Morning Break,10:00:00,10:15:00,BREAK,NULL,NULL,NULL,Morning Break,1,2026-09-01 10:59:33,1,2026-09-01 10:59:33,NULL,0x0000000000002E07,NULL
224,4,2026-08-28,4,Period 3,10:15:00,11:00:00,CLASS,1,7,Room-04,NULL,1,2026-09-01 10:59:33,1,2026-09-01 10:59:33,NULL,0x0000000000002E08,NULL
225,4,2026-08-28,5,Period 4,11:00:00,11:45:00,CLASS,2,8,Room-04,NULL,1,2026-09-01 10:59:33,1,2026-09-01 10:59:33,NULL,0x0000000000002E09,NULL
226,4,2026-08-28,6,Lunch Break,11:45:00,12:30:00,LUNCH,NULL,NULL,NULL,Lunch Break,1,2026-09-01 10:59:33,1,2026-09-01 10:59:33,NULL,0x0000000000002E0A,NULL
227,4,2026-08-28,7,Period 5,12:30:00,13:15:00,CLASS,1,7,Room-04,NULL,1,2026-09-01 10:59:33,1,2026-09-01 10:59:33,NULL,0x0000000000002E0B,NULL
228,4,2026-08-28,8,Period 6,13:15:00,14:00:00,CLASS,2,8,Room-04,NULL,1,2026-09-01 10:59:33,1,2026-09-01 10:59:33,NULL,0x0000000000002E0C,NULL
229,4,2026-08-28,9,Afternoon Break,14:00:00,14:15:00,BREAK,NULL,NULL,NULL,Afternoon Break,1,2026-09-01 10:59:33,1,2026-09-01 10:59:33,NULL,0x0000000000002E0D,NULL
230,4,2026-08-28,10,Period 7,14:15:00,15:00:00,CLASS,2,8,Room-04,NULL,1,2026-09-01 10:59:33,1,2026-09-01 10:59:33,NULL,0x0000000000002E0E,NULL
231,4,2026-08-29,1,Period 1,08:30:00,09:15:00,CLASS,1,7,Room-04,NULL,1,2026-09-01 10:59:33,1,2026-09-01 10:59:33,NULL,0x0000000000002E0F,NULL
232,4,2026-08-29,2,Period 2,09:15:00,10:00:00,CLASS,2,8,Room-04,NULL,1,2026-09-01 10:59:33,1,2026-09-01 10:59:33,NULL,0x0000000000002E10,NULL
233,4,2026-08-29,3,Morning Break,10:00:00,10:15:00,BREAK,NULL,NULL,NULL,Morning Break,1,2026-09-01 10:59:33,1,2026-09-01 10:59:33,NULL,0x0000000000002E11,NULL
234,4,2026-08-29,4,Period 3,10:15:00,11:00:00,CLASS,1,7,Room-04,NULL,1,2026-09-01 10:59:33,1,2026-09-01 10:59:33,NULL,0x0000000000002E12,NULL
235,4,2026-08-29,5,Period 4,11:00:00,11:45:00,CLASS,2,8,Room-04,NULL,1,2026-09-01 10:59:33,1,2026-09-01 10:59:33,NULL,0x0000000000002E13,NULL
236,4,2026-08-29,6,Lunch Break,11:45:00,12:30:00,LUNCH,NULL,NULL,NULL,Lunch Break,1,2026-09-01 10:59:33,1,2026-09-01 10:59:33,NULL,0x0000000000002E14,NULL
237,4,2026-08-29,7,Period 5,12:30:00,13:15:00,CLASS,1,7,Room-04,NULL,1,2026-09-01 10:59:33,1,2026-09-01 10:59:33,NULL,0x0000000000002E15,NULL
238,4,2026-08-29,8,Period 6,13:15:00,14:00:00,CLASS,2,8,Room-04,NULL,1,2026-09-01 10:59:33,1,2026-09-01 10:59:33,NULL,0x0000000000002E16,NULL
239,4,2026-08-29,9,Afternoon Break,14:00:00,14:15:00,BREAK,NULL,NULL,NULL,Afternoon Break,1,2026-09-01 10:59:33,1,2026-09-01 10:59:33,NULL,0x0000000000002E17,NULL
240,4,2026-08-29,10,Period 7,14:15:00,15:00:00,CLASS,2,8,Room-04,NULL,1,2026-09-01 10:59:33,1,2026-09-01 10:59:33,NULL,0x0000000000002E18,NULL
241,5,2026-08-24,1,Period 1,08:30:00,09:15:00,CLASS,1,9,Room-05,NULL,1,2026-09-01 10:59:33,1,2026-09-01 10:59:33,NULL,0x0000000000002E19,NULL
242,5,2026-08-24,2,Period 2,09:15:00,10:00:00,CLASS,2,10,Room-05,NULL,1,2026-09-01 10:59:33,1,2026-09-01 10:59:33,NULL,0x0000000000002E1A,NULL
243,5,2026-08-24,3,Morning Break,10:00:00,10:15:00,BREAK,NULL,NULL,NULL,Morning Break,1,2026-09-01 10:59:33,1,2026-09-01 10:59:33,NULL,0x0000000000002E1B,NULL
244,5,2026-08-24,4,Period 3,10:15:00,11:00:00,CLASS,1,9,Room-05,NULL,1,2026-09-01 10:59:33,1,2026-09-01 10:59:33,NULL,0x0000000000002E1C,NULL
245,5,2026-08-24,5,Period 4,11:00:00,11:45:00,CLASS,2,10,Room-05,NULL,1,2026-09-01 10:59:33,1,2026-09-01 10:59:33,NULL,0x0000000000002E1D,NULL
246,5,2026-08-24,6,Lunch Break,11:45:00,12:30:00,LUNCH,NULL,NULL,NULL,Lunch Break,1,2026-09-01 10:59:33,1,2026-09-01 10:59:33,NULL,0x0000000000002E1E,NULL
247,5,2026-08-24,7,Period 5,12:30:00,13:15:00,CLASS,1,9,Room-05,NULL,1,2026-09-01 10:59:33,1,2026-09-01 10:59:33,NULL,0x0000000000002E1F,NULL
248,5,2026-08-24,8,Period 6,13:15:00,14:00:00,CLASS,2,10,Room-05,NULL,1,2026-09-01 10:59:33,1,2026-09-01 10:59:33,NULL,0x0000000000002E20,NULL
249,5,2026-08-24,9,Afternoon Break,14:00:00,14:15:00,BREAK,NULL,NULL,NULL,Afternoon Break,1,2026-09-01 10:59:33,1,2026-09-01 10:59:33,NULL,0x0000000000002E21,NULL
250,5,2026-08-24,10,Period 7,14:15:00,15:00:00,CLASS,2,10,Room-05,NULL,1,2026-09-01 10:59:33,1,2026-09-01 10:59:33,NULL,0x0000000000002E22,NULL
251,5,2026-08-25,1,Period 1,08:30:00,09:15:00,CLASS,1,9,Room-05,NULL,1,2026-09-01 10:59:33,1,2026-09-01 10:59:33,NULL,0x0000000000002E23,NULL
252,5,2026-08-25,2,Period 2,09:15:00,10:00:00,CLASS,2,10,Room-05,NULL,1,2026-09-01 10:59:33,1,2026-09-01 10:59:33,NULL,0x0000000000002E24,NULL
253,5,2026-08-25,3,Morning Break,10:00:00,10:15:00,BREAK,NULL,NULL,NULL,Morning Break,1,2026-09-01 10:59:33,1,2026-09-01 10:59:33,NULL,0x0000000000002E25,NULL
254,5,2026-08-25,4,Period 3,10:15:00,11:00:00,CLASS,1,9,Room-05,NULL,1,2026-09-01 10:59:33,1,2026-09-01 10:59:33,NULL,0x0000000000002E26,NULL
255,5,2026-08-25,5,Period 4,11:00:00,11:45:00,CLASS,2,10,Room-05,NULL,1,2026-09-01 10:59:33,1,2026-09-01 10:59:33,NULL,0x0000000000002E27,NULL
256,5,2026-08-25,6,Lunch Break,11:45:00,12:30:00,LUNCH,NULL,NULL,NULL,Lunch Break,1,2026-09-01 10:59:33,1,2026-09-01 10:59:33,NULL,0x0000000000002E28,NULL
257,5,2026-08-25,7,Period 5,12:30:00,13:15:00,CLASS,1,9,Room-05,NULL,1,2026-09-01 10:59:33,1,2026-09-01 10:59:33,NULL,0x0000000000002E29,NULL
258,5,2026-08-25,8,Period 6,13:15:00,14:00:00,CLASS,2,10,Room-05,NULL,1,2026-09-01 10:59:33,1,2026-09-01 10:59:33,NULL,0x0000000000002E2A,NULL
259,5,2026-08-25,9,Afternoon Break,14:00:00,14:15:00,BREAK,NULL,NULL,NULL,Afternoon Break,1,2026-09-01 10:59:33,1,2026-09-01 10:59:33,NULL,0x0000000000002E2B,NULL
260,5,2026-08-25,10,Period 7,14:15:00,15:00:00,CLASS,2,10,Room-05,NULL,1,2026-09-01 10:59:33,1,2026-09-01 10:59:33,NULL,0x0000000000002E2C,NULL
261,5,2026-08-26,1,Period 1,08:30:00,09:15:00,CLASS,1,9,Room-05,NULL,1,2026-09-01 10:59:33,1,2026-09-01 10:59:33,NULL,0x0000000000002E2D,NULL
262,5,2026-08-26,2,Period 2,09:15:00,10:00:00,CLASS,2,10,Room-05,NULL,1,2026-09-01 10:59:33,1,2026-09-01 10:59:33,NULL,0x0000000000002E2E,NULL
263,5,2026-08-26,3,Morning Break,10:00:00,10:15:00,BREAK,NULL,NULL,NULL,Morning Break,1,2026-09-01 10:59:33,1,2026-09-01 10:59:33,NULL,0x0000000000002E2F,NULL
264,5,2026-08-26,4,Period 3,10:15:00,11:00:00,CLASS,1,9,Room-05,NULL,1,2026-09-01 10:59:33,1,2026-09-01 10:59:33,NULL,0x0000000000002E30,NULL
265,5,2026-08-26,5,Period 4,11:00:00,11:45:00,CLASS,2,10,Room-05,NULL,1,2026-09-01 10:59:33,1,2026-09-01 10:59:33,NULL,0x0000000000002E31,NULL
266,5,2026-08-26,6,Lunch Break,11:45:00,12:30:00,LUNCH,NULL,NULL,NULL,Lunch Break,1,2026-09-01 10:59:33,1,2026-09-01 10:59:33,NULL,0x0000000000002E32,NULL
267,5,2026-08-26,7,Period 5,12:30:00,13:15:00,CLASS,1,9,Room-05,NULL,1,2026-09-01 10:59:33,1,2026-09-01 10:59:33,NULL,0x0000000000002E33,NULL
268,5,2026-08-26,8,Period 6,13:15:00,14:00:00,CLASS,2,10,Room-05,NULL,1,2026-09-01 10:59:33,1,2026-09-01 10:59:33,NULL,0x0000000000002E34,NULL
269,5,2026-08-26,9,Afternoon Break,14:00:00,14:15:00,BREAK,NULL,NULL,NULL,Afternoon Break,1,2026-09-01 10:59:33,1,2026-09-01 10:59:33,NULL,0x0000000000002E35,NULL
270,5,2026-08-26,10,Period 7,14:15:00,15:00:00,CLASS,2,10,Room-05,NULL,1,2026-09-01 10:59:33,1,2026-09-01 10:59:33,NULL,0x0000000000002E36,NULL
271,5,2026-08-27,1,Period 1,08:30:00,09:15:00,CLASS,1,9,Room-05,NULL,1,2026-09-01 10:59:33,1,2026-09-01 10:59:33,NULL,0x0000000000002E37,NULL
272,5,2026-08-27,2,Period 2,09:15:00,10:00:00,CLASS,2,10,Room-05,NULL,1,2026-09-01 10:59:33,1,2026-09-01 10:59:33,NULL,0x0000000000002E38,NULL
273,5,2026-08-27,3,Morning Break,10:00:00,10:15:00,BREAK,NULL,NULL,NULL,Morning Break,1,2026-09-01 10:59:33,1,2026-09-01 10:59:33,NULL,0x0000000000002E39,NULL
274,5,2026-08-27,4,Period 3,10:15:00,11:00:00,CLASS,1,9,Room-05,NULL,1,2026-09-01 10:59:33,1,2026-09-01 10:59:33,NULL,0x0000000000002E3A,NULL
275,5,2026-08-27,5,Period 4,11:00:00,11:45:00,CLASS,2,10,Room-05,NULL,1,2026-09-01 10:59:33,1,2026-09-01 10:59:33,NULL,0x0000000000002E3B,NULL
276,5,2026-08-27,6,Lunch Break,11:45:00,12:30:00,LUNCH,NULL,NULL,NULL,Lunch Break,1,2026-09-01 10:59:33,1,2026-09-01 10:59:33,NULL,0x0000000000002E3C,NULL
277,5,2026-08-27,7,Period 5,12:30:00,13:15:00,CLASS,1,9,Room-05,NULL,1,2026-09-01 10:59:33,1,2026-09-01 10:59:33,NULL,0x0000000000002E3D,NULL
278,5,2026-08-27,8,Period 6,13:15:00,14:00:00,CLASS,2,10,Room-05,NULL,1,2026-09-01 10:59:33,1,2026-09-01 10:59:33,NULL,0x0000000000002E3E,NULL
279,5,2026-08-27,9,Afternoon Break,14:00:00,14:15:00,BREAK,NULL,NULL,NULL,Afternoon Break,1,2026-09-01 10:59:33,1,2026-09-01 10:59:33,NULL,0x0000000000002E3F,NULL
280,5,2026-08-27,10,Period 7,14:15:00,15:00:00,CLASS,2,10,Room-05,NULL,1,2026-09-01 10:59:33,1,2026-09-01 10:59:33,NULL,0x0000000000002E40,NULL
281,5,2026-08-28,1,Period 1,08:30:00,09:15:00,CLASS,1,9,Room-05,NULL,1,2026-09-01 10:59:33,1,2026-09-01 10:59:33,NULL,0x0000000000002E41,NULL
282,5,2026-08-28,2,Period 2,09:15:00,10:00:00,CLASS,2,10,Room-05,NULL,1,2026-09-01 10:59:33,1,2026-09-01 10:59:33,NULL,0x0000000000002E42,NULL
283,5,2026-08-28,3,Morning Break,10:00:00,10:15:00,BREAK,NULL,NULL,NULL,Morning Break,1,2026-09-01 10:59:33,1,2026-09-01 10:59:33,NULL,0x0000000000002E43,NULL
284,5,2026-08-28,4,Period 3,10:15:00,11:00:00,CLASS,1,9,Room-05,NULL,1,2026-09-01 10:59:33,1,2026-09-01 10:59:33,NULL,0x0000000000002E44,NULL
285,5,2026-08-28,5,Period 4,11:00:00,11:45:00,CLASS,2,10,Room-05,NULL,1,2026-09-01 10:59:33,1,2026-09-01 10:59:33,NULL,0x0000000000002E45,NULL
286,5,2026-08-28,6,Lunch Break,11:45:00,12:30:00,LUNCH,NULL,NULL,NULL,Lunch Break,1,2026-09-01 10:59:33,1,2026-09-01 10:59:33,NULL,0x0000000000002E46,NULL
287,5,2026-08-28,7,Period 5,12:30:00,13:15:00,CLASS,1,9,Room-05,NULL,1,2026-09-01 10:59:33,1,2026-09-01 10:59:33,NULL,0x0000000000002E47,NULL
288,5,2026-08-28,8,Period 6,13:15:00,14:00:00,CLASS,2,10,Room-05,NULL,1,2026-09-01 10:59:33,1,2026-09-01 10:59:33,NULL,0x0000000000002E48,NULL
289,5,2026-08-28,9,Afternoon Break,14:00:00,14:15:00,BREAK,NULL,NULL,NULL,Afternoon Break,1,2026-09-01 10:59:33,1,2026-09-01 10:59:33,NULL,0x0000000000002E49,NULL
290,5,2026-08-28,10,Period 7,14:15:00,15:00:00,CLASS,2,10,Room-05,NULL,1,2026-09-01 10:59:33,1,2026-09-01 10:59:33,NULL,0x0000000000002E4A,NULL
291,5,2026-08-29,1,Period 1,08:30:00,09:15:00,CLASS,1,9,Room-05,NULL,1,2026-09-01 10:59:33,1,2026-09-01 10:59:33,NULL,0x0000000000002E4B,NULL
292,5,2026-08-29,2,Period 2,09:15:00,10:00:00,CLASS,2,10,Room-05,NULL,1,2026-09-01 10:59:33,1,2026-09-01 10:59:33,NULL,0x0000000000002E4C,NULL
293,5,2026-08-29,3,Morning Break,10:00:00,10:15:00,BREAK,NULL,NULL,NULL,Morning Break,1,2026-09-01 10:59:33,1,2026-09-01 10:59:33,NULL,0x0000000000002E4D,NULL
294,5,2026-08-29,4,Period 3,10:15:00,11:00:00,CLASS,1,9,Room-05,NULL,1,2026-09-01 10:59:33,1,2026-09-01 10:59:33,NULL,0x0000000000002E4E,NULL
295,5,2026-08-29,5,Period 4,11:00:00,11:45:00,CLASS,2,10,Room-05,NULL,1,2026-09-01 10:59:33,1,2026-09-01 10:59:33,NULL,0x0000000000002E4F,NULL
296,5,2026-08-29,6,Lunch Break,11:45:00,12:30:00,LUNCH,NULL,NULL,NULL,Lunch Break,1,2026-09-01 10:59:33,1,2026-09-01 10:59:33,NULL,0x0000000000002E50,NULL
297,5,2026-08-29,7,Period 5,12:30:00,13:15:00,CLASS,1,9,Room-05,NULL,1,2026-09-01 10:59:33,1,2026-09-01 10:59:33,NULL,0x0000000000002E51,NULL
298,5,2026-08-29,8,Period 6,13:15:00,14:00:00,CLASS,2,10,Room-05,NULL,1,2026-09-01 10:59:33,1,2026-09-01 10:59:33,NULL,0x0000000000002E52,NULL
299,5,2026-08-29,9,Afternoon Break,14:00:00,14:15:00,BREAK,NULL,NULL,NULL,Afternoon Break,1,2026-09-01 10:59:33,1,2026-09-01 10:59:33,NULL,0x0000000000002E53,NULL
300,5,2026-08-29,10,Period 7,14:15:00,15:00:00,CLASS,2,10,Room-05,NULL,1,2026-09-01 10:59:33,1,2026-09-01 10:59:33,NULL,0x0000000000002E54,NULL
301,6,2026-08-24,1,Period 1,08:30:00,09:15:00,CLASS,1,11,Room-06,NULL,1,2026-09-01 10:59:33,1,2026-09-01 10:59:33,NULL,0x0000000000002E55,NULL
302,6,2026-08-24,2,Period 2,09:15:00,10:00:00,CLASS,2,12,Room-06,NULL,1,2026-09-01 10:59:33,1,2026-09-01 10:59:33,NULL,0x0000000000002E56,NULL
303,6,2026-08-24,3,Morning Break,10:00:00,10:15:00,BREAK,NULL,NULL,NULL,Morning Break,1,2026-09-01 10:59:33,1,2026-09-01 10:59:33,NULL,0x0000000000002E57,NULL
304,6,2026-08-24,4,Period 3,10:15:00,11:00:00,CLASS,1,11,Room-06,NULL,1,2026-09-01 10:59:33,1,2026-09-01 10:59:33,NULL,0x0000000000002E58,NULL
305,6,2026-08-24,5,Period 4,11:00:00,11:45:00,CLASS,2,12,Room-06,NULL,1,2026-09-01 10:59:33,1,2026-09-01 10:59:33,NULL,0x0000000000002E59,NULL
306,6,2026-08-24,6,Lunch Break,11:45:00,12:30:00,LUNCH,NULL,NULL,NULL,Lunch Break,1,2026-09-01 10:59:33,1,2026-09-01 10:59:33,NULL,0x0000000000002E5A,NULL
307,6,2026-08-24,7,Period 5,12:30:00,13:15:00,CLASS,1,11,Room-06,NULL,1,2026-09-01 10:59:33,1,2026-09-01 10:59:33,NULL,0x0000000000002E5B,NULL
308,6,2026-08-24,8,Period 6,13:15:00,14:00:00,CLASS,2,12,Room-06,NULL,1,2026-09-01 10:59:33,1,2026-09-01 10:59:33,NULL,0x0000000000002E5C,NULL
309,6,2026-08-24,9,Afternoon Break,14:00:00,14:15:00,BREAK,NULL,NULL,NULL,Afternoon Break,1,2026-09-01 10:59:33,1,2026-09-01 10:59:33,NULL,0x0000000000002E5D,NULL
310,6,2026-08-24,10,Period 7,14:15:00,15:00:00,CLASS,2,12,Room-06,NULL,1,2026-09-01 10:59:33,1,2026-09-01 10:59:33,NULL,0x0000000000002E5E,NULL
311,6,2026-08-25,1,Period 1,08:30:00,09:15:00,CLASS,1,11,Room-06,NULL,1,2026-09-01 10:59:33,1,2026-09-01 10:59:33,NULL,0x0000000000002E5F,NULL
312,6,2026-08-25,2,Period 2,09:15:00,10:00:00,CLASS,2,12,Room-06,NULL,1,2026-09-01 10:59:33,1,2026-09-01 10:59:33,NULL,0x0000000000002E60,NULL
313,6,2026-08-25,3,Morning Break,10:00:00,10:15:00,BREAK,NULL,NULL,NULL,Morning Break,1,2026-09-01 10:59:33,1,2026-09-01 10:59:33,NULL,0x0000000000002E61,NULL
314,6,2026-08-25,4,Period 3,10:15:00,11:00:00,CLASS,1,11,Room-06,NULL,1,2026-09-01 10:59:33,1,2026-09-01 10:59:33,NULL,0x0000000000002E62,NULL
315,6,2026-08-25,5,Period 4,11:00:00,11:45:00,CLASS,2,12,Room-06,NULL,1,2026-09-01 10:59:33,1,2026-09-01 10:59:33,NULL,0x0000000000002E63,NULL
316,6,2026-08-25,6,Lunch Break,11:45:00,12:30:00,LUNCH,NULL,NULL,NULL,Lunch Break,1,2026-09-01 10:59:33,1,2026-09-01 10:59:33,NULL,0x0000000000002E64,NULL
317,6,2026-08-25,7,Period 5,12:30:00,13:15:00,CLASS,1,11,Room-06,NULL,1,2026-09-01 10:59:33,1,2026-09-01 10:59:33,NULL,0x0000000000002E65,NULL
318,6,2026-08-25,8,Period 6,13:15:00,14:00:00,CLASS,2,12,Room-06,NULL,1,2026-09-01 10:59:33,1,2026-09-01 10:59:33,NULL,0x0000000000002E66,NULL
319,6,2026-08-25,9,Afternoon Break,14:00:00,14:15:00,BREAK,NULL,NULL,NULL,Afternoon Break,1,2026-09-01 10:59:33,1,2026-09-01 10:59:33,NULL,0x0000000000002E67,NULL
320,6,2026-08-25,10,Period 7,14:15:00,15:00:00,CLASS,2,12,Room-06,NULL,1,2026-09-01 10:59:33,1,2026-09-01 10:59:33,NULL,0x0000000000002E68,NULL
321,6,2026-08-26,1,Period 1,08:30:00,09:15:00,CLASS,1,11,Room-06,NULL,1,2026-09-01 10:59:33,1,2026-09-01 10:59:33,NULL,0x0000000000002E69,NULL
322,6,2026-08-26,2,Period 2,09:15:00,10:00:00,CLASS,2,12,Room-06,NULL,1,2026-09-01 10:59:33,1,2026-09-01 10:59:33,NULL,0x0000000000002E6A,NULL
323,6,2026-08-26,3,Morning Break,10:00:00,10:15:00,BREAK,NULL,NULL,NULL,Morning Break,1,2026-09-01 10:59:33,1,2026-09-01 10:59:33,NULL,0x0000000000002E6B,NULL
324,6,2026-08-26,4,Period 3,10:15:00,11:00:00,CLASS,1,11,Room-06,NULL,1,2026-09-01 10:59:33,1,2026-09-01 10:59:33,NULL,0x0000000000002E6C,NULL
325,6,2026-08-26,5,Period 4,11:00:00,11:45:00,CLASS,2,12,Room-06,NULL,1,2026-09-01 10:59:33,1,2026-09-01 10:59:33,NULL,0x0000000000002E6D,NULL
326,6,2026-08-26,6,Lunch Break,11:45:00,12:30:00,LUNCH,NULL,NULL,NULL,Lunch Break,1,2026-09-01 10:59:33,1,2026-09-01 10:59:33,NULL,0x0000000000002E6E,NULL
327,6,2026-08-26,7,Period 5,12:30:00,13:15:00,CLASS,1,11,Room-06,NULL,1,2026-09-01 10:59:33,1,2026-09-01 10:59:33,NULL,0x0000000000002E6F,NULL
328,6,2026-08-26,8,Period 6,13:15:00,14:00:00,CLASS,2,12,Room-06,NULL,1,2026-09-01 10:59:33,1,2026-09-01 10:59:33,NULL,0x0000000000002E70,NULL
329,6,2026-08-26,9,Afternoon Break,14:00:00,14:15:00,BREAK,NULL,NULL,NULL,Afternoon Break,1,2026-09-01 10:59:33,1,2026-09-01 10:59:33,NULL,0x0000000000002E71,NULL
330,6,2026-08-26,10,Period 7,14:15:00,15:00:00,CLASS,2,12,Room-06,NULL,1,2026-09-01 10:59:33,1,2026-09-01 10:59:33,NULL,0x0000000000002E72,NULL
331,6,2026-08-27,1,Period 1,08:30:00,09:15:00,CLASS,1,11,Room-06,NULL,1,2026-09-01 10:59:33,1,2026-09-01 10:59:33,NULL,0x0000000000002E73,NULL
332,6,2026-08-27,2,Period 2,09:15:00,10:00:00,CLASS,2,12,Room-06,NULL,1,2026-09-01 10:59:33,1,2026-09-01 10:59:33,NULL,0x0000000000002E74,NULL
333,6,2026-08-27,3,Morning Break,10:00:00,10:15:00,BREAK,NULL,NULL,NULL,Morning Break,1,2026-09-01 10:59:33,1,2026-09-01 10:59:33,NULL,0x0000000000002E75,NULL
334,6,2026-08-27,4,Period 3,10:15:00,11:00:00,CLASS,1,11,Room-06,NULL,1,2026-09-01 10:59:33,1,2026-09-01 10:59:33,NULL,0x0000000000002E76,NULL
335,6,2026-08-27,5,Period 4,11:00:00,11:45:00,CLASS,2,12,Room-06,NULL,1,2026-09-01 10:59:33,1,2026-09-01 10:59:33,NULL,0x0000000000002E77,NULL
336,6,2026-08-27,6,Lunch Break,11:45:00,12:30:00,LUNCH,NULL,NULL,NULL,Lunch Break,1,2026-09-01 10:59:33,1,2026-09-01 10:59:33,NULL,0x0000000000002E78,NULL
337,6,2026-08-27,7,Period 5,12:30:00,13:15:00,CLASS,1,11,Room-06,NULL,1,2026-09-01 10:59:33,1,2026-09-01 10:59:33,NULL,0x0000000000002E79,NULL
338,6,2026-08-27,8,Period 6,13:15:00,14:00:00,CLASS,2,12,Room-06,NULL,1,2026-09-01 10:59:33,1,2026-09-01 10:59:33,NULL,0x0000000000002E7A,NULL
339,6,2026-08-27,9,Afternoon Break,14:00:00,14:15:00,BREAK,NULL,NULL,NULL,Afternoon Break,1,2026-09-01 10:59:33,1,2026-09-01 10:59:33,NULL,0x0000000000002E7B,NULL
340,6,2026-08-27,10,Period 7,14:15:00,15:00:00,CLASS,2,12,Room-06,NULL,1,2026-09-01 10:59:33,1,2026-09-01 10:59:33,NULL,0x0000000000002E7C,NULL
341,6,2026-08-28,1,Period 1,08:30:00,09:15:00,CLASS,1,11,Room-06,NULL,1,2026-09-01 10:59:33,1,2026-09-01 10:59:33,NULL,0x0000000000002E7D,NULL
342,6,2026-08-28,2,Period 2,09:15:00,10:00:00,CLASS,2,12,Room-06,NULL,1,2026-09-01 10:59:33,1,2026-09-01 10:59:33,NULL,0x0000000000002E7E,NULL
343,6,2026-08-28,3,Morning Break,10:00:00,10:15:00,BREAK,NULL,NULL,NULL,Morning Break,1,2026-09-01 10:59:33,1,2026-09-01 10:59:33,NULL,0x0000000000002E7F,NULL
344,6,2026-08-28,4,Period 3,10:15:00,11:00:00,CLASS,1,11,Room-06,NULL,1,2026-09-01 10:59:33,1,2026-09-01 10:59:33,NULL,0x0000000000002E80,NULL
345,6,2026-08-28,5,Period 4,11:00:00,11:45:00,CLASS,2,12,Room-06,NULL,1,2026-09-01 10:59:33,1,2026-09-01 10:59:33,NULL,0x0000000000002E81,NULL
346,6,2026-08-28,6,Lunch Break,11:45:00,12:30:00,LUNCH,NULL,NULL,NULL,Lunch Break,1,2026-09-01 10:59:33,1,2026-09-01 10:59:33,NULL,0x0000000000002E82,NULL
347,6,2026-08-28,7,Period 5,12:30:00,13:15:00,CLASS,1,11,Room-06,NULL,1,2026-09-01 10:59:33,1,2026-09-01 10:59:33,NULL,0x0000000000002E83,NULL
348,6,2026-08-28,8,Period 6,13:15:00,14:00:00,CLASS,2,12,Room-06,NULL,1,2026-09-01 10:59:33,1,2026-09-01 10:59:33,NULL,0x0000000000002E84,NULL
349,6,2026-08-28,9,Afternoon Break,14:00:00,14:15:00,BREAK,NULL,NULL,NULL,Afternoon Break,1,2026-09-01 10:59:33,1,2026-09-01 10:59:33,NULL,0x0000000000002E85,NULL
350,6,2026-08-28,10,Period 7,14:15:00,15:00:00,CLASS,2,12,Room-06,NULL,1,2026-09-01 10:59:33,1,2026-09-01 10:59:33,NULL,0x0000000000002E86,NULL
351,6,2026-08-29,1,Period 1,08:30:00,09:15:00,CLASS,1,11,Room-06,NULL,1,2026-09-01 10:59:33,1,2026-09-01 10:59:33,NULL,0x0000000000002E87,NULL
352,6,2026-08-29,2,Period 2,09:15:00,10:00:00,CLASS,2,12,Room-06,NULL,1,2026-09-01 10:59:33,1,2026-09-01 10:59:33,NULL,0x0000000000002E88,NULL
353,6,2026-08-29,3,Morning Break,10:00:00,10:15:00,BREAK,NULL,NULL,NULL,Morning Break,1,2026-09-01 10:59:33,1,2026-09-01 10:59:33,NULL,0x0000000000002E89,NULL
354,6,2026-08-29,4,Period 3,10:15:00,11:00:00,CLASS,1,11,Room-06,NULL,1,2026-09-01 10:59:33,1,2026-09-01 10:59:33,NULL,0x0000000000002E8A,NULL
355,6,2026-08-29,5,Period 4,11:00:00,11:45:00,CLASS,2,12,Room-06,NULL,1,2026-09-01 10:59:33,1,2026-09-01 10:59:33,NULL,0x0000000000002E8B,NULL
356,6,2026-08-29,6,Lunch Break,11:45:00,12:30:00,LUNCH,NULL,NULL,NULL,Lunch Break,1,2026-09-01 10:59:33,1,2026-09-01 10:59:33,NULL,0x0000000000002E8C,NULL
357,6,2026-08-29,7,Period 5,12:30:00,13:15:00,CLASS,1,11,Room-06,NULL,1,2026-09-01 10:59:33,1,2026-09-01 10:59:33,NULL,0x0000000000002E8D,NULL
358,6,2026-08-29,8,Period 6,13:15:00,14:00:00,CLASS,2,12,Room-06,NULL,1,2026-09-01 10:59:33,1,2026-09-01 10:59:33,NULL,0x0000000000002E8E,NULL
359,6,2026-08-29,9,Afternoon Break,14:00:00,14:15:00,BREAK,NULL,NULL,NULL,Afternoon Break,1,2026-09-01 10:59:33,1,2026-09-01 10:59:33,NULL,0x0000000000002E8F,NULL
360,6,2026-08-29,10,Period 7,14:15:00,15:00:00,CLASS,2,12,Room-06,NULL,1,2026-09-01 10:59:33,1,2026-09-01 10:59:33,NULL,0x0000000000002E90,NULL
361,7,2026-08-24,1,Period 1,08:30:00,09:15:00,CLASS,1,13,Room-07,NULL,1,2026-09-01 10:59:33,1,2026-09-01 10:59:33,NULL,0x0000000000002E91,NULL
362,7,2026-08-24,2,Period 2,09:15:00,10:00:00,CLASS,2,14,Room-07,NULL,1,2026-09-01 10:59:33,1,2026-09-01 10:59:33,NULL,0x0000000000002E92,NULL
363,7,2026-08-24,3,Morning Break,10:00:00,10:15:00,BREAK,NULL,NULL,NULL,Morning Break,1,2026-09-01 10:59:33,1,2026-09-01 10:59:33,NULL,0x0000000000002E93,NULL
364,7,2026-08-24,4,Period 3,10:15:00,11:00:00,CLASS,1,13,Room-07,NULL,1,2026-09-01 10:59:33,1,2026-09-01 10:59:33,NULL,0x0000000000002E94,NULL
365,7,2026-08-24,5,Period 4,11:00:00,11:45:00,CLASS,2,14,Room-07,NULL,1,2026-09-01 10:59:33,1,2026-09-01 10:59:33,NULL,0x0000000000002E95,NULL
366,7,2026-08-24,6,Lunch Break,11:45:00,12:30:00,LUNCH,NULL,NULL,NULL,Lunch Break,1,2026-09-01 10:59:33,1,2026-09-01 10:59:33,NULL,0x0000000000002E96,NULL
367,7,2026-08-24,7,Period 5,12:30:00,13:15:00,CLASS,1,13,Room-07,NULL,1,2026-09-01 10:59:33,1,2026-09-01 10:59:33,NULL,0x0000000000002E97,NULL
368,7,2026-08-24,8,Period 6,13:15:00,14:00:00,CLASS,2,14,Room-07,NULL,1,2026-09-01 10:59:33,1,2026-09-01 10:59:33,NULL,0x0000000000002E98,NULL
369,7,2026-08-24,9,Afternoon Break,14:00:00,14:15:00,BREAK,NULL,NULL,NULL,Afternoon Break,1,2026-09-01 10:59:33,1,2026-09-01 10:59:33,NULL,0x0000000000002E99,NULL
370,7,2026-08-24,10,Period 7,14:15:00,15:00:00,CLASS,2,14,Room-07,NULL,1,2026-09-01 10:59:33,1,2026-09-01 10:59:33,NULL,0x0000000000002E9A,NULL
371,7,2026-08-25,1,Period 1,08:30:00,09:15:00,CLASS,1,13,Room-07,NULL,1,2026-09-01 10:59:33,1,2026-09-01 10:59:33,NULL,0x0000000000002E9B,NULL
372,7,2026-08-25,2,Period 2,09:15:00,10:00:00,CLASS,2,14,Room-07,NULL,1,2026-09-01 10:59:33,1,2026-09-01 10:59:33,NULL,0x0000000000002E9C,NULL
373,7,2026-08-25,3,Morning Break,10:00:00,10:15:00,BREAK,NULL,NULL,NULL,Morning Break,1,2026-09-01 10:59:33,1,2026-09-01 10:59:33,NULL,0x0000000000002E9D,NULL
374,7,2026-08-25,4,Period 3,10:15:00,11:00:00,CLASS,1,13,Room-07,NULL,1,2026-09-01 10:59:33,1,2026-09-01 10:59:33,NULL,0x0000000000002E9E,NULL
375,7,2026-08-25,5,Period 4,11:00:00,11:45:00,CLASS,2,14,Room-07,NULL,1,2026-09-01 10:59:33,1,2026-09-01 10:59:33,NULL,0x0000000000002E9F,NULL
376,7,2026-08-25,6,Lunch Break,11:45:00,12:30:00,LUNCH,NULL,NULL,NULL,Lunch Break,1,2026-09-01 10:59:33,1,2026-09-01 10:59:33,NULL,0x0000000000002EA0,NULL
377,7,2026-08-25,7,Period 5,12:30:00,13:15:00,CLASS,1,13,Room-07,NULL,1,2026-09-01 10:59:33,1,2026-09-01 10:59:33,NULL,0x0000000000002EA1,NULL
378,7,2026-08-25,8,Period 6,13:15:00,14:00:00,CLASS,2,14,Room-07,NULL,1,2026-09-01 10:59:33,1,2026-09-01 10:59:33,NULL,0x0000000000002EA2,NULL
379,7,2026-08-25,9,Afternoon Break,14:00:00,14:15:00,BREAK,NULL,NULL,NULL,Afternoon Break,1,2026-09-01 10:59:33,1,2026-09-01 10:59:33,NULL,0x0000000000002EA3,NULL
380,7,2026-08-25,10,Period 7,14:15:00,15:00:00,CLASS,2,14,Room-07,NULL,1,2026-09-01 10:59:33,1,2026-09-01 10:59:33,NULL,0x0000000000002EA4,NULL
381,7,2026-08-26,1,Period 1,08:30:00,09:15:00,CLASS,1,13,Room-07,NULL,1,2026-09-01 10:59:33,1,2026-09-01 10:59:33,NULL,0x0000000000002EA5,NULL
382,7,2026-08-26,2,Period 2,09:15:00,10:00:00,CLASS,2,14,Room-07,NULL,1,2026-09-01 10:59:33,1,2026-09-01 10:59:33,NULL,0x0000000000002EA6,NULL
383,7,2026-08-26,3,Morning Break,10:00:00,10:15:00,BREAK,NULL,NULL,NULL,Morning Break,1,2026-09-01 10:59:33,1,2026-09-01 10:59:33,NULL,0x0000000000002EA7,NULL
384,7,2026-08-26,4,Period 3,10:15:00,11:00:00,CLASS,1,13,Room-07,NULL,1,2026-09-01 10:59:33,1,2026-09-01 10:59:33,NULL,0x0000000000002EA8,NULL
385,7,2026-08-26,5,Period 4,11:00:00,11:45:00,CLASS,2,14,Room-07,NULL,1,2026-09-01 10:59:33,1,2026-09-01 10:59:33,NULL,0x0000000000002EA9,NULL
386,7,2026-08-26,6,Lunch Break,11:45:00,12:30:00,LUNCH,NULL,NULL,NULL,Lunch Break,1,2026-09-01 10:59:33,1,2026-09-01 10:59:33,NULL,0x0000000000002EAA,NULL
387,7,2026-08-26,7,Period 5,12:30:00,13:15:00,CLASS,1,13,Room-07,NULL,1,2026-09-01 10:59:33,1,2026-09-01 10:59:33,NULL,0x0000000000002EAB,NULL
388,7,2026-08-26,8,Period 6,13:15:00,14:00:00,CLASS,2,14,Room-07,NULL,1,2026-09-01 10:59:33,1,2026-09-01 10:59:33,NULL,0x0000000000002EAC,NULL
389,7,2026-08-26,9,Afternoon Break,14:00:00,14:15:00,BREAK,NULL,NULL,NULL,Afternoon Break,1,2026-09-01 10:59:33,1,2026-09-01 10:59:33,NULL,0x0000000000002EAD,NULL
390,7,2026-08-26,10,Period 7,14:15:00,15:00:00,CLASS,2,14,Room-07,NULL,1,2026-09-01 10:59:33,1,2026-09-01 10:59:33,NULL,0x0000000000002EAE,NULL
391,7,2026-08-27,1,Period 1,08:30:00,09:15:00,CLASS,1,13,Room-07,NULL,1,2026-09-01 10:59:33,1,2026-09-01 10:59:33,NULL,0x0000000000002EAF,NULL
392,7,2026-08-27,2,Period 2,09:15:00,10:00:00,CLASS,2,14,Room-07,NULL,1,2026-09-01 10:59:33,1,2026-09-01 10:59:33,NULL,0x0000000000002EB0,NULL
393,7,2026-08-27,3,Morning Break,10:00:00,10:15:00,BREAK,NULL,NULL,NULL,Morning Break,1,2026-09-01 10:59:33,1,2026-09-01 10:59:33,NULL,0x0000000000002EB1,NULL
394,7,2026-08-27,4,Period 3,10:15:00,11:00:00,CLASS,1,13,Room-07,NULL,1,2026-09-01 10:59:33,1,2026-09-01 10:59:33,NULL,0x0000000000002EB2,NULL
395,7,2026-08-27,5,Period 4,11:00:00,11:45:00,CLASS,2,14,Room-07,NULL,1,2026-09-01 10:59:33,1,2026-09-01 10:59:33,NULL,0x0000000000002EB3,NULL
396,7,2026-08-27,6,Lunch Break,11:45:00,12:30:00,LUNCH,NULL,NULL,NULL,Lunch Break,1,2026-09-01 10:59:33,1,2026-09-01 10:59:33,NULL,0x0000000000002EB4,NULL
397,7,2026-08-27,7,Period 5,12:30:00,13:15:00,CLASS,1,13,Room-07,NULL,1,2026-09-01 10:59:33,1,2026-09-01 10:59:33,NULL,0x0000000000002EB5,NULL
398,7,2026-08-27,8,Period 6,13:15:00,14:00:00,CLASS,2,14,Room-07,NULL,1,2026-09-01 10:59:33,1,2026-09-01 10:59:33,NULL,0x0000000000002EB6,NULL
399,7,2026-08-27,9,Afternoon Break,14:00:00,14:15:00,BREAK,NULL,NULL,NULL,Afternoon Break,1,2026-09-01 10:59:33,1,2026-09-01 10:59:33,NULL,0x0000000000002EB7,NULL
400,7,2026-08-27,10,Period 7,14:15:00,15:00:00,CLASS,2,14,Room-07,NULL,1,2026-09-01 10:59:33,1,2026-09-01 10:59:33,NULL,0x0000000000002EB8,NULL
401,7,2026-08-28,1,Period 1,08:30:00,09:15:00,CLASS,1,13,Room-07,NULL,1,2026-09-01 10:59:33,1,2026-09-01 10:59:33,NULL,0x0000000000002EB9,NULL
402,7,2026-08-28,2,Period 2,09:15:00,10:00:00,CLASS,2,14,Room-07,NULL,1,2026-09-01 10:59:33,1,2026-09-01 10:59:33,NULL,0x0000000000002EBA,NULL
403,7,2026-08-28,3,Morning Break,10:00:00,10:15:00,BREAK,NULL,NULL,NULL,Morning Break,1,2026-09-01 10:59:33,1,2026-09-01 10:59:33,NULL,0x0000000000002EBB,NULL
404,7,2026-08-28,4,Period 3,10:15:00,11:00:00,CLASS,1,13,Room-07,NULL,1,2026-09-01 10:59:33,1,2026-09-01 10:59:33,NULL,0x0000000000002EBC,NULL
405,7,2026-08-28,5,Period 4,11:00:00,11:45:00,CLASS,2,14,Room-07,NULL,1,2026-09-01 10:59:33,1,2026-09-01 10:59:33,NULL,0x0000000000002EBD,NULL
406,7,2026-08-28,6,Lunch Break,11:45:00,12:30:00,LUNCH,NULL,NULL,NULL,Lunch Break,1,2026-09-01 10:59:33,1,2026-09-01 10:59:33,NULL,0x0000000000002EBE,NULL
407,7,2026-08-28,7,Period 5,12:30:00,13:15:00,CLASS,1,13,Room-07,NULL,1,2026-09-01 10:59:33,1,2026-09-01 10:59:33,NULL,0x0000000000002EBF,NULL
408,7,2026-08-28,8,Period 6,13:15:00,14:00:00,CLASS,2,14,Room-07,NULL,1,2026-09-01 10:59:33,1,2026-09-01 10:59:33,NULL,0x0000000000002EC0,NULL
409,7,2026-08-28,9,Afternoon Break,14:00:00,14:15:00,BREAK,NULL,NULL,NULL,Afternoon Break,1,2026-09-01 10:59:33,1,2026-09-01 10:59:33,NULL,0x0000000000002EC1,NULL
410,7,2026-08-28,10,Period 7,14:15:00,15:00:00,CLASS,2,14,Room-07,NULL,1,2026-09-01 10:59:33,1,2026-09-01 10:59:33,NULL,0x0000000000002EC2,NULL
411,7,2026-08-29,1,Period 1,08:30:00,09:15:00,CLASS,1,13,Room-07,NULL,1,2026-09-01 10:59:33,1,2026-09-01 10:59:33,NULL,0x0000000000002EC3,NULL
412,7,2026-08-29,2,Period 2,09:15:00,10:00:00,CLASS,2,14,Room-07,NULL,1,2026-09-01 10:59:33,1,2026-09-01 10:59:33,NULL,0x0000000000002EC4,NULL
413,7,2026-08-29,3,Morning Break,10:00:00,10:15:00,BREAK,NULL,NULL,NULL,Morning Break,1,2026-09-01 10:59:33,1,2026-09-01 10:59:33,NULL,0x0000000000002EC5,NULL
414,7,2026-08-29,4,Period 3,10:15:00,11:00:00,CLASS,1,13,Room-07,NULL,1,2026-09-01 10:59:33,1,2026-09-01 10:59:33,NULL,0x0000000000002EC6,NULL
415,7,2026-08-29,5,Period 4,11:00:00,11:45:00,CLASS,2,14,Room-07,NULL,1,2026-09-01 10:59:33,1,2026-09-01 10:59:33,NULL,0x0000000000002EC7,NULL
416,7,2026-08-29,6,Lunch Break,11:45:00,12:30:00,LUNCH,NULL,NULL,NULL,Lunch Break,1,2026-09-01 10:59:33,1,2026-09-01 10:59:33,NULL,0x0000000000002EC8,NULL
417,7,2026-08-29,7,Period 5,12:30:00,13:15:00,CLASS,1,13,Room-07,NULL,1,2026-09-01 10:59:33,1,2026-09-01 10:59:33,NULL,0x0000000000002EC9,NULL
418,7,2026-08-29,8,Period 6,13:15:00,14:00:00,CLASS,2,14,Room-07,NULL,1,2026-09-01 10:59:33,1,2026-09-01 10:59:33,NULL,0x0000000000002ECA,NULL
419,7,2026-08-29,9,Afternoon Break,14:00:00,14:15:00,BREAK,NULL,NULL,NULL,Afternoon Break,1,2026-09-01 10:59:33,1,2026-09-01 10:59:33,NULL,0x0000000000002ECB,NULL
420,7,2026-08-29,10,Period 7,14:15:00,15:00:00,CLASS,2,14,Room-07,NULL,1,2026-09-01 10:59:33,1,2026-09-01 10:59:33,NULL,0x0000000000002ECC,NULL
421,8,2026-08-24,1,Period 1,08:30:00,09:15:00,CLASS,1,15,Room-08,NULL,1,2026-09-01 10:59:33,1,2026-09-01 10:59:33,NULL,0x0000000000002ECD,NULL
422,8,2026-08-24,2,Period 2,09:15:00,10:00:00,CLASS,2,16,Room-08,NULL,1,2026-09-01 10:59:33,1,2026-09-01 10:59:33,NULL,0x0000000000002ECE,NULL
423,8,2026-08-24,3,Morning Break,10:00:00,10:15:00,BREAK,NULL,NULL,NULL,Morning Break,1,2026-09-01 10:59:33,1,2026-09-01 10:59:33,NULL,0x0000000000002ECF,NULL
424,8,2026-08-24,4,Period 3,10:15:00,11:00:00,CLASS,1,15,Room-08,NULL,1,2026-09-01 10:59:33,1,2026-09-01 10:59:33,NULL,0x0000000000002ED0,NULL
425,8,2026-08-24,5,Period 4,11:00:00,11:45:00,CLASS,2,16,Room-08,NULL,1,2026-09-01 10:59:33,1,2026-09-01 10:59:33,NULL,0x0000000000002ED1,NULL
426,8,2026-08-24,6,Lunch Break,11:45:00,12:30:00,LUNCH,NULL,NULL,NULL,Lunch Break,1,2026-09-01 10:59:33,1,2026-09-01 10:59:33,NULL,0x0000000000002ED2,NULL
427,8,2026-08-24,7,Period 5,12:30:00,13:15:00,CLASS,1,15,Room-08,NULL,1,2026-09-01 10:59:33,1,2026-09-01 10:59:33,NULL,0x0000000000002ED3,NULL
428,8,2026-08-24,8,Period 6,13:15:00,14:00:00,CLASS,2,16,Room-08,NULL,1,2026-09-01 10:59:33,1,2026-09-01 10:59:33,NULL,0x0000000000002ED4,NULL
429,8,2026-08-24,9,Afternoon Break,14:00:00,14:15:00,BREAK,NULL,NULL,NULL,Afternoon Break,1,2026-09-01 10:59:33,1,2026-09-01 10:59:33,NULL,0x0000000000002ED5,NULL
430,8,2026-08-24,10,Period 7,14:15:00,15:00:00,CLASS,2,16,Room-08,NULL,1,2026-09-01 10:59:33,1,2026-09-01 10:59:33,NULL,0x0000000000002ED6,NULL
431,8,2026-08-25,1,Period 1,08:30:00,09:15:00,CLASS,1,15,Room-08,NULL,1,2026-09-01 10:59:33,1,2026-09-01 10:59:33,NULL,0x0000000000002ED7,NULL
432,8,2026-08-25,2,Period 2,09:15:00,10:00:00,CLASS,2,16,Room-08,NULL,1,2026-09-01 10:59:33,1,2026-09-01 10:59:33,NULL,0x0000000000002ED8,NULL
433,8,2026-08-25,3,Morning Break,10:00:00,10:15:00,BREAK,NULL,NULL,NULL,Morning Break,1,2026-09-01 10:59:33,1,2026-09-01 10:59:33,NULL,0x0000000000002ED9,NULL
434,8,2026-08-25,4,Period 3,10:15:00,11:00:00,CLASS,1,15,Room-08,NULL,1,2026-09-01 10:59:33,1,2026-09-01 10:59:33,NULL,0x0000000000002EDA,NULL
435,8,2026-08-25,5,Period 4,11:00:00,11:45:00,CLASS,2,16,Room-08,NULL,1,2026-09-01 10:59:33,1,2026-09-01 10:59:33,NULL,0x0000000000002EDB,NULL
436,8,2026-08-25,6,Lunch Break,11:45:00,12:30:00,LUNCH,NULL,NULL,NULL,Lunch Break,1,2026-09-01 10:59:33,1,2026-09-01 10:59:33,NULL,0x0000000000002EDC,NULL
437,8,2026-08-25,7,Period 5,12:30:00,13:15:00,CLASS,1,15,Room-08,NULL,1,2026-09-01 10:59:33,1,2026-09-01 10:59:33,NULL,0x0000000000002EDD,NULL
438,8,2026-08-25,8,Period 6,13:15:00,14:00:00,CLASS,2,16,Room-08,NULL,1,2026-09-01 10:59:33,1,2026-09-01 10:59:33,NULL,0x0000000000002EDE,NULL
439,8,2026-08-25,9,Afternoon Break,14:00:00,14:15:00,BREAK,NULL,NULL,NULL,Afternoon Break,1,2026-09-01 10:59:33,1,2026-09-01 10:59:33,NULL,0x0000000000002EDF,NULL
440,8,2026-08-25,10,Period 7,14:15:00,15:00:00,CLASS,2,16,Room-08,NULL,1,2026-09-01 10:59:33,1,2026-09-01 10:59:33,NULL,0x0000000000002EE0,NULL
441,8,2026-08-26,1,Period 1,08:30:00,09:15:00,CLASS,1,15,Room-08,NULL,1,2026-09-01 10:59:33,1,2026-09-01 10:59:33,NULL,0x0000000000002EE1,NULL
442,8,2026-08-26,2,Period 2,09:15:00,10:00:00,CLASS,2,16,Room-08,NULL,1,2026-09-01 10:59:33,1,2026-09-01 10:59:33,NULL,0x0000000000002EE2,NULL
443,8,2026-08-26,3,Morning Break,10:00:00,10:15:00,BREAK,NULL,NULL,NULL,Morning Break,1,2026-09-01 10:59:33,1,2026-09-01 10:59:33,NULL,0x0000000000002EE3,NULL
444,8,2026-08-26,4,Period 3,10:15:00,11:00:00,CLASS,1,15,Room-08,NULL,1,2026-09-01 10:59:33,1,2026-09-01 10:59:33,NULL,0x0000000000002EE4,NULL
445,8,2026-08-26,5,Period 4,11:00:00,11:45:00,CLASS,2,16,Room-08,NULL,1,2026-09-01 10:59:33,1,2026-09-01 10:59:33,NULL,0x0000000000002EE5,NULL
446,8,2026-08-26,6,Lunch Break,11:45:00,12:30:00,LUNCH,NULL,NULL,NULL,Lunch Break,1,2026-09-01 10:59:33,1,2026-09-01 10:59:33,NULL,0x0000000000002EE6,NULL
447,8,2026-08-26,7,Period 5,12:30:00,13:15:00,CLASS,1,15,Room-08,NULL,1,2026-09-01 10:59:33,1,2026-09-01 10:59:33,NULL,0x0000000000002EE7,NULL
448,8,2026-08-26,8,Period 6,13:15:00,14:00:00,CLASS,2,16,Room-08,NULL,1,2026-09-01 10:59:33,1,2026-09-01 10:59:33,NULL,0x0000000000002EE8,NULL
449,8,2026-08-26,9,Afternoon Break,14:00:00,14:15:00,BREAK,NULL,NULL,NULL,Afternoon Break,1,2026-09-01 10:59:33,1,2026-09-01 10:59:33,NULL,0x0000000000002EE9,NULL
450,8,2026-08-26,10,Period 7,14:15:00,15:00:00,CLASS,2,16,Room-08,NULL,1,2026-09-01 10:59:33,1,2026-09-01 10:59:33,NULL,0x0000000000002EEA,NULL
451,8,2026-08-27,1,Period 1,08:30:00,09:15:00,CLASS,1,15,Room-08,NULL,1,2026-09-01 10:59:33,1,2026-09-01 10:59:33,NULL,0x0000000000002EEB,NULL
452,8,2026-08-27,2,Period 2,09:15:00,10:00:00,CLASS,2,16,Room-08,NULL,1,2026-09-01 10:59:33,1,2026-09-01 10:59:33,NULL,0x0000000000002EEC,NULL
453,8,2026-08-27,3,Morning Break,10:00:00,10:15:00,BREAK,NULL,NULL,NULL,Morning Break,1,2026-09-01 10:59:33,1,2026-09-01 10:59:33,NULL,0x0000000000002EED,NULL
454,8,2026-08-27,4,Period 3,10:15:00,11:00:00,CLASS,1,15,Room-08,NULL,1,2026-09-01 10:59:33,1,2026-09-01 10:59:33,NULL,0x0000000000002EEE,NULL
455,8,2026-08-27,5,Period 4,11:00:00,11:45:00,CLASS,2,16,Room-08,NULL,1,2026-09-01 10:59:33,1,2026-09-01 10:59:33,NULL,0x0000000000002EEF,NULL
456,8,2026-08-27,6,Lunch Break,11:45:00,12:30:00,LUNCH,NULL,NULL,NULL,Lunch Break,1,2026-09-01 10:59:33,1,2026-09-01 10:59:33,NULL,0x0000000000002EF0,NULL
457,8,2026-08-27,7,Period 5,12:30:00,13:15:00,CLASS,1,15,Room-08,NULL,1,2026-09-01 10:59:33,1,2026-09-01 10:59:33,NULL,0x0000000000002EF1,NULL
458,8,2026-08-27,8,Period 6,13:15:00,14:00:00,CLASS,2,16,Room-08,NULL,1,2026-09-01 10:59:33,1,2026-09-01 10:59:33,NULL,0x0000000000002EF2,NULL
459,8,2026-08-27,9,Afternoon Break,14:00:00,14:15:00,BREAK,NULL,NULL,NULL,Afternoon Break,1,2026-09-01 10:59:33,1,2026-09-01 10:59:33,NULL,0x0000000000002EF3,NULL
460,8,2026-08-27,10,Period 7,14:15:00,15:00:00,CLASS,2,16,Room-08,NULL,1,2026-09-01 10:59:33,1,2026-09-01 10:59:33,NULL,0x0000000000002EF4,NULL
461,8,2026-08-28,1,Period 1,08:30:00,09:15:00,CLASS,1,15,Room-08,NULL,1,2026-09-01 10:59:33,1,2026-09-01 10:59:33,NULL,0x0000000000002EF5,NULL
462,8,2026-08-28,2,Period 2,09:15:00,10:00:00,CLASS,2,16,Room-08,NULL,1,2026-09-01 10:59:33,1,2026-09-01 10:59:33,NULL,0x0000000000002EF6,NULL
463,8,2026-08-28,3,Morning Break,10:00:00,10:15:00,BREAK,NULL,NULL,NULL,Morning Break,1,2026-09-01 10:59:33,1,2026-09-01 10:59:33,NULL,0x0000000000002EF7,NULL
464,8,2026-08-28,4,Period 3,10:15:00,11:00:00,CLASS,1,15,Room-08,NULL,1,2026-09-01 10:59:33,1,2026-09-01 10:59:33,NULL,0x0000000000002EF8,NULL
465,8,2026-08-28,5,Period 4,11:00:00,11:45:00,CLASS,2,16,Room-08,NULL,1,2026-09-01 10:59:33,1,2026-09-01 10:59:33,NULL,0x0000000000002EF9,NULL
466,8,2026-08-28,6,Lunch Break,11:45:00,12:30:00,LUNCH,NULL,NULL,NULL,Lunch Break,1,2026-09-01 10:59:33,1,2026-09-01 10:59:33,NULL,0x0000000000002EFA,NULL
467,8,2026-08-28,7,Period 5,12:30:00,13:15:00,CLASS,1,15,Room-08,NULL,1,2026-09-01 10:59:33,1,2026-09-01 10:59:33,NULL,0x0000000000002EFB,NULL
468,8,2026-08-28,8,Period 6,13:15:00,14:00:00,CLASS,2,16,Room-08,NULL,1,2026-09-01 10:59:33,1,2026-09-01 10:59:33,NULL,0x0000000000002EFC,NULL
469,8,2026-08-28,9,Afternoon Break,14:00:00,14:15:00,BREAK,NULL,NULL,NULL,Afternoon Break,1,2026-09-01 10:59:33,1,2026-09-01 10:59:33,NULL,0x0000000000002EFD,NULL
470,8,2026-08-28,10,Period 7,14:15:00,15:00:00,CLASS,2,16,Room-08,NULL,1,2026-09-01 10:59:33,1,2026-09-01 10:59:33,NULL,0x0000000000002EFE,NULL
471,8,2026-08-29,1,Period 1,08:30:00,09:15:00,CLASS,1,15,Room-08,NULL,1,2026-09-01 10:59:33,1,2026-09-01 10:59:33,NULL,0x0000000000002EFF,NULL
472,8,2026-08-29,2,Period 2,09:15:00,10:00:00,CLASS,2,16,Room-08,NULL,1,2026-09-01 10:59:33,1,2026-09-01 10:59:33,NULL,0x0000000000002F01,NULL
473,8,2026-08-29,3,Morning Break,10:00:00,10:15:00,BREAK,NULL,NULL,NULL,Morning Break,1,2026-09-01 10:59:33,1,2026-09-01 10:59:33,NULL,0x0000000000002F02,NULL
474,8,2026-08-29,4,Period 3,10:15:00,11:00:00,CLASS,1,15,Room-08,NULL,1,2026-09-01 10:59:33,1,2026-09-01 10:59:33,NULL,0x0000000000002F03,NULL
475,8,2026-08-29,5,Period 4,11:00:00,11:45:00,CLASS,2,16,Room-08,NULL,1,2026-09-01 10:59:33,1,2026-09-01 10:59:33,NULL,0x0000000000002F04,NULL
476,8,2026-08-29,6,Lunch Break,11:45:00,12:30:00,LUNCH,NULL,NULL,NULL,Lunch Break,1,2026-09-01 10:59:33,1,2026-09-01 10:59:33,NULL,0x0000000000002F05,NULL
477,8,2026-08-29,7,Period 5,12:30:00,13:15:00,CLASS,1,15,Room-08,NULL,1,2026-09-01 10:59:33,1,2026-09-01 10:59:33,NULL,0x0000000000002F06,NULL
478,8,2026-08-29,8,Period 6,13:15:00,14:00:00,CLASS,2,16,Room-08,NULL,1,2026-09-01 10:59:33,1,2026-09-01 10:59:33,NULL,0x0000000000002F07,NULL
479,8,2026-08-29,9,Afternoon Break,14:00:00,14:15:00,BREAK,NULL,NULL,NULL,Afternoon Break,1,2026-09-01 10:59:33,1,2026-09-01 10:59:33,NULL,0x0000000000002F08,NULL
480,8,2026-08-29,10,Period 7,14:15:00,15:00:00,CLASS,2,16,Room-08,NULL,1,2026-09-01 10:59:33,1,2026-09-01 10:59:33,NULL,0x0000000000002F09,NULL
481,9,2026-08-24,1,Period 1,08:30:00,09:15:00,CLASS,7,17,Room-09,NULL,1,2026-09-01 10:59:33,1,2026-09-01 10:59:33,NULL,0x0000000000002F0A,NULL
482,9,2026-08-24,2,Period 2,09:15:00,10:00:00,CLASS,8,18,Room-09,NULL,1,2026-09-01 10:59:33,1,2026-09-01 10:59:33,NULL,0x0000000000002F0B,NULL
483,9,2026-08-24,3,Morning Break,10:00:00,10:15:00,BREAK,NULL,NULL,NULL,Morning Break,1,2026-09-01 10:59:33,1,2026-09-01 10:59:33,NULL,0x0000000000002F0C,NULL
484,9,2026-08-24,4,Period 3,10:15:00,11:00:00,CLASS,7,17,Room-09,NULL,1,2026-09-01 10:59:33,1,2026-09-01 10:59:33,NULL,0x0000000000002F0D,NULL
485,9,2026-08-24,5,Period 4,11:00:00,11:45:00,CLASS,8,18,Room-09,NULL,1,2026-09-01 10:59:33,1,2026-09-01 10:59:33,NULL,0x0000000000002F0E,NULL
486,9,2026-08-24,6,Lunch Break,11:45:00,12:30:00,LUNCH,NULL,NULL,NULL,Lunch Break,1,2026-09-01 10:59:33,1,2026-09-01 10:59:33,NULL,0x0000000000002F0F,NULL
487,9,2026-08-24,7,Period 5,12:30:00,13:15:00,CLASS,7,17,Room-09,NULL,1,2026-09-01 10:59:33,1,2026-09-01 10:59:33,NULL,0x0000000000002F10,NULL
488,9,2026-08-24,8,Period 6,13:15:00,14:00:00,CLASS,8,18,Room-09,NULL,1,2026-09-01 10:59:33,1,2026-09-01 10:59:33,NULL,0x0000000000002F11,NULL
489,9,2026-08-24,9,Afternoon Break,14:00:00,14:15:00,BREAK,NULL,NULL,NULL,Afternoon Break,1,2026-09-01 10:59:33,1,2026-09-01 10:59:33,NULL,0x0000000000002F12,NULL
490,9,2026-08-24,10,Period 7,14:15:00,15:00:00,CLASS,8,18,Room-09,NULL,1,2026-09-01 10:59:33,1,2026-09-01 10:59:33,NULL,0x0000000000002F13,NULL
491,9,2026-08-25,1,Period 1,08:30:00,09:15:00,CLASS,7,17,Room-09,NULL,1,2026-09-01 10:59:33,1,2026-09-01 10:59:33,NULL,0x0000000000002F14,NULL
492,9,2026-08-25,2,Period 2,09:15:00,10:00:00,CLASS,8,18,Room-09,NULL,1,2026-09-01 10:59:33,1,2026-09-01 10:59:33,NULL,0x0000000000002F15,NULL
493,9,2026-08-25,3,Morning Break,10:00:00,10:15:00,BREAK,NULL,NULL,NULL,Morning Break,1,2026-09-01 10:59:33,1,2026-09-01 10:59:33,NULL,0x0000000000002F16,NULL
494,9,2026-08-25,4,Period 3,10:15:00,11:00:00,CLASS,7,17,Room-09,NULL,1,2026-09-01 10:59:33,1,2026-09-01 10:59:33,NULL,0x0000000000002F17,NULL
495,9,2026-08-25,5,Period 4,11:00:00,11:45:00,CLASS,8,18,Room-09,NULL,1,2026-09-01 10:59:33,1,2026-09-01 10:59:33,NULL,0x0000000000002F18,NULL
496,9,2026-08-25,6,Lunch Break,11:45:00,12:30:00,LUNCH,NULL,NULL,NULL,Lunch Break,1,2026-09-01 10:59:33,1,2026-09-01 10:59:33,NULL,0x0000000000002F19,NULL
497,9,2026-08-25,7,Period 5,12:30:00,13:15:00,CLASS,7,17,Room-09,NULL,1,2026-09-01 10:59:33,1,2026-09-01 10:59:33,NULL,0x0000000000002F1A,NULL
498,9,2026-08-25,8,Period 6,13:15:00,14:00:00,CLASS,8,18,Room-09,NULL,1,2026-09-01 10:59:33,1,2026-09-01 10:59:33,NULL,0x0000000000002F1B,NULL
499,9,2026-08-25,9,Afternoon Break,14:00:00,14:15:00,BREAK,NULL,NULL,NULL,Afternoon Break,1,2026-09-01 10:59:33,1,2026-09-01 10:59:33,NULL,0x0000000000002F1C,NULL
500,9,2026-08-25,10,Period 7,14:15:00,15:00:00,CLASS,8,18,Room-09,NULL,1,2026-09-01 10:59:33,1,2026-09-01 10:59:33,NULL,0x0000000000002F1D,NULL
501,9,2026-08-26,1,Period 1,08:30:00,09:15:00,CLASS,7,17,Room-09,NULL,1,2026-09-01 10:59:33,1,2026-09-01 10:59:33,NULL,0x0000000000002F1E,NULL
502,9,2026-08-26,2,Period 2,09:15:00,10:00:00,CLASS,8,18,Room-09,NULL,1,2026-09-01 10:59:33,1,2026-09-01 10:59:33,NULL,0x0000000000002F1F,NULL
503,9,2026-08-26,3,Morning Break,10:00:00,10:15:00,BREAK,NULL,NULL,NULL,Morning Break,1,2026-09-01 10:59:33,1,2026-09-01 10:59:33,NULL,0x0000000000002F20,NULL
504,9,2026-08-26,4,Period 3,10:15:00,11:00:00,CLASS,7,17,Room-09,NULL,1,2026-09-01 10:59:33,1,2026-09-01 10:59:33,NULL,0x0000000000002F21,NULL
505,9,2026-08-26,5,Period 4,11:00:00,11:45:00,CLASS,8,18,Room-09,NULL,1,2026-09-01 10:59:33,1,2026-09-01 10:59:33,NULL,0x0000000000002F22,NULL
506,9,2026-08-26,6,Lunch Break,11:45:00,12:30:00,LUNCH,NULL,NULL,NULL,Lunch Break,1,2026-09-01 10:59:33,1,2026-09-01 10:59:33,NULL,0x0000000000002F23,NULL
507,9,2026-08-26,7,Period 5,12:30:00,13:15:00,CLASS,7,17,Room-09,NULL,1,2026-09-01 10:59:33,1,2026-09-01 10:59:33,NULL,0x0000000000002F24,NULL
508,9,2026-08-26,8,Period 6,13:15:00,14:00:00,CLASS,8,18,Room-09,NULL,1,2026-09-01 10:59:33,1,2026-09-01 10:59:33,NULL,0x0000000000002F25,NULL
509,9,2026-08-26,9,Afternoon Break,14:00:00,14:15:00,BREAK,NULL,NULL,NULL,Afternoon Break,1,2026-09-01 10:59:33,1,2026-09-01 10:59:33,NULL,0x0000000000002F26,NULL
510,9,2026-08-26,10,Period 7,14:15:00,15:00:00,CLASS,8,18,Room-09,NULL,1,2026-09-01 10:59:33,1,2026-09-01 10:59:33,NULL,0x0000000000002F27,NULL
511,9,2026-08-27,1,Period 1,08:30:00,09:15:00,CLASS,7,17,Room-09,NULL,1,2026-09-01 10:59:33,1,2026-09-01 10:59:33,NULL,0x0000000000002F28,NULL
512,9,2026-08-27,2,Period 2,09:15:00,10:00:00,CLASS,8,18,Room-09,NULL,1,2026-09-01 10:59:33,1,2026-09-01 10:59:33,NULL,0x0000000000002F29,NULL
513,9,2026-08-27,3,Morning Break,10:00:00,10:15:00,BREAK,NULL,NULL,NULL,Morning Break,1,2026-09-01 10:59:33,1,2026-09-01 10:59:33,NULL,0x0000000000002F2A,NULL
514,9,2026-08-27,4,Period 3,10:15:00,11:00:00,CLASS,7,17,Room-09,NULL,1,2026-09-01 10:59:33,1,2026-09-01 10:59:33,NULL,0x0000000000002F2B,NULL
515,9,2026-08-27,5,Period 4,11:00:00,11:45:00,CLASS,8,18,Room-09,NULL,1,2026-09-01 10:59:33,1,2026-09-01 10:59:33,NULL,0x0000000000002F2C,NULL
516,9,2026-08-27,6,Lunch Break,11:45:00,12:30:00,LUNCH,NULL,NULL,NULL,Lunch Break,1,2026-09-01 10:59:33,1,2026-09-01 10:59:33,NULL,0x0000000000002F2D,NULL
517,9,2026-08-27,7,Period 5,12:30:00,13:15:00,CLASS,7,17,Room-09,NULL,1,2026-09-01 10:59:33,1,2026-09-01 10:59:33,NULL,0x0000000000002F2E,NULL
518,9,2026-08-27,8,Period 6,13:15:00,14:00:00,CLASS,8,18,Room-09,NULL,1,2026-09-01 10:59:33,1,2026-09-01 10:59:33,NULL,0x0000000000002F2F,NULL
519,9,2026-08-27,9,Afternoon Break,14:00:00,14:15:00,BREAK,NULL,NULL,NULL,Afternoon Break,1,2026-09-01 10:59:33,1,2026-09-01 10:59:33,NULL,0x0000000000002F30,NULL
520,9,2026-08-27,10,Period 7,14:15:00,15:00:00,CLASS,8,18,Room-09,NULL,1,2026-09-01 10:59:33,1,2026-09-01 10:59:33,NULL,0x0000000000002F31,NULL
521,9,2026-08-28,1,Period 1,08:30:00,09:15:00,CLASS,7,17,Room-09,NULL,1,2026-09-01 10:59:33,1,2026-09-01 10:59:33,NULL,0x0000000000002F32,NULL
522,9,2026-08-28,2,Period 2,09:15:00,10:00:00,CLASS,8,18,Room-09,NULL,1,2026-09-01 10:59:33,1,2026-09-01 10:59:33,NULL,0x0000000000002F33,NULL
523,9,2026-08-28,3,Morning Break,10:00:00,10:15:00,BREAK,NULL,NULL,NULL,Morning Break,1,2026-09-01 10:59:33,1,2026-09-01 10:59:33,NULL,0x0000000000002F34,NULL
524,9,2026-08-28,4,Period 3,10:15:00,11:00:00,CLASS,7,17,Room-09,NULL,1,2026-09-01 10:59:33,1,2026-09-01 10:59:33,NULL,0x0000000000002F35,NULL
525,9,2026-08-28,5,Period 4,11:00:00,11:45:00,CLASS,8,18,Room-09,NULL,1,2026-09-01 10:59:33,1,2026-09-01 10:59:33,NULL,0x0000000000002F36,NULL
526,9,2026-08-28,6,Lunch Break,11:45:00,12:30:00,LUNCH,NULL,NULL,NULL,Lunch Break,1,2026-09-01 10:59:33,1,2026-09-01 10:59:33,NULL,0x0000000000002F37,NULL
527,9,2026-08-28,7,Period 5,12:30:00,13:15:00,CLASS,7,17,Room-09,NULL,1,2026-09-01 10:59:33,1,2026-09-01 10:59:33,NULL,0x0000000000002F38,NULL
528,9,2026-08-28,8,Period 6,13:15:00,14:00:00,CLASS,8,18,Room-09,NULL,1,2026-09-01 10:59:33,1,2026-09-01 10:59:33,NULL,0x0000000000002F39,NULL
529,9,2026-08-28,9,Afternoon Break,14:00:00,14:15:00,BREAK,NULL,NULL,NULL,Afternoon Break,1,2026-09-01 10:59:33,1,2026-09-01 10:59:33,NULL,0x0000000000002F3A,NULL
530,9,2026-08-28,10,Period 7,14:15:00,15:00:00,CLASS,8,18,Room-09,NULL,1,2026-09-01 10:59:33,1,2026-09-01 10:59:33,NULL,0x0000000000002F3B,NULL
531,9,2026-08-29,1,Period 1,08:30:00,09:15:00,CLASS,7,17,Room-09,NULL,1,2026-09-01 10:59:33,1,2026-09-01 10:59:33,NULL,0x0000000000002F3C,NULL
532,9,2026-08-29,2,Period 2,09:15:00,10:00:00,CLASS,8,18,Room-09,NULL,1,2026-09-01 10:59:33,1,2026-09-01 10:59:33,NULL,0x0000000000002F3D,NULL
533,9,2026-08-29,3,Morning Break,10:00:00,10:15:00,BREAK,NULL,NULL,NULL,Morning Break,1,2026-09-01 10:59:33,1,2026-09-01 10:59:33,NULL,0x0000000000002F3E,NULL
534,9,2026-08-29,4,Period 3,10:15:00,11:00:00,CLASS,7,17,Room-09,NULL,1,2026-09-01 10:59:33,1,2026-09-01 10:59:33,NULL,0x0000000000002F3F,NULL
535,9,2026-08-29,5,Period 4,11:00:00,11:45:00,CLASS,8,18,Room-09,NULL,1,2026-09-01 10:59:33,1,2026-09-01 10:59:33,NULL,0x0000000000002F40,NULL
536,9,2026-08-29,6,Lunch Break,11:45:00,12:30:00,LUNCH,NULL,NULL,NULL,Lunch Break,1,2026-09-01 10:59:33,1,2026-09-01 10:59:33,NULL,0x0000000000002F41,NULL
537,9,2026-08-29,7,Period 5,12:30:00,13:15:00,CLASS,7,17,Room-09,NULL,1,2026-09-01 10:59:33,1,2026-09-01 10:59:33,NULL,0x0000000000002F42,NULL
538,9,2026-08-29,8,Period 6,13:15:00,14:00:00,CLASS,8,18,Room-09,NULL,1,2026-09-01 10:59:33,1,2026-09-01 10:59:33,NULL,0x0000000000002F43,NULL
539,9,2026-08-29,9,Afternoon Break,14:00:00,14:15:00,BREAK,NULL,NULL,NULL,Afternoon Break,1,2026-09-01 10:59:33,1,2026-09-01 10:59:33,NULL,0x0000000000002F44,NULL
540,9,2026-08-29,10,Period 7,14:15:00,15:00:00,CLASS,8,18,Room-09,NULL,1,2026-09-01 10:59:33,1,2026-09-01 10:59:33,NULL,0x0000000000002F45,NULL
541,10,2026-08-24,1,Period 1,08:30:00,09:15:00,CLASS,7,19,Room-10,NULL,1,2026-09-01 10:59:33,1,2026-09-01 10:59:33,NULL,0x0000000000002F46,NULL
542,10,2026-08-24,2,Period 2,09:15:00,10:00:00,CLASS,8,20,Room-10,NULL,1,2026-09-01 10:59:33,1,2026-09-01 10:59:33,NULL,0x0000000000002F47,NULL
543,10,2026-08-24,3,Morning Break,10:00:00,10:15:00,BREAK,NULL,NULL,NULL,Morning Break,1,2026-09-01 10:59:33,1,2026-09-01 10:59:33,NULL,0x0000000000002F48,NULL
544,10,2026-08-24,4,Period 3,10:15:00,11:00:00,CLASS,7,19,Room-10,NULL,1,2026-09-01 10:59:33,1,2026-09-01 10:59:33,NULL,0x0000000000002F49,NULL
545,10,2026-08-24,5,Period 4,11:00:00,11:45:00,CLASS,8,20,Room-10,NULL,1,2026-09-01 10:59:33,1,2026-09-01 10:59:33,NULL,0x0000000000002F4A,NULL
546,10,2026-08-24,6,Lunch Break,11:45:00,12:30:00,LUNCH,NULL,NULL,NULL,Lunch Break,1,2026-09-01 10:59:33,1,2026-09-01 10:59:33,NULL,0x0000000000002F4B,NULL
547,10,2026-08-24,7,Period 5,12:30:00,13:15:00,CLASS,7,19,Room-10,NULL,1,2026-09-01 10:59:33,1,2026-09-01 10:59:33,NULL,0x0000000000002F4C,NULL
548,10,2026-08-24,8,Period 6,13:15:00,14:00:00,CLASS,8,20,Room-10,NULL,1,2026-09-01 10:59:33,1,2026-09-01 10:59:33,NULL,0x0000000000002F4D,NULL
549,10,2026-08-24,9,Afternoon Break,14:00:00,14:15:00,BREAK,NULL,NULL,NULL,Afternoon Break,1,2026-09-01 10:59:33,1,2026-09-01 10:59:33,NULL,0x0000000000002F4E,NULL
550,10,2026-08-24,10,Period 7,14:15:00,15:00:00,CLASS,8,20,Room-10,NULL,1,2026-09-01 10:59:33,1,2026-09-01 10:59:33,NULL,0x0000000000002F4F,NULL
551,10,2026-08-25,1,Period 1,08:30:00,09:15:00,CLASS,7,19,Room-10,NULL,1,2026-09-01 10:59:33,1,2026-09-01 10:59:33,NULL,0x0000000000002F50,NULL
552,10,2026-08-25,2,Period 2,09:15:00,10:00:00,CLASS,8,20,Room-10,NULL,1,2026-09-01 10:59:33,1,2026-09-01 10:59:33,NULL,0x0000000000002F51,NULL
553,10,2026-08-25,3,Morning Break,10:00:00,10:15:00,BREAK,NULL,NULL,NULL,Morning Break,1,2026-09-01 10:59:33,1,2026-09-01 10:59:33,NULL,0x0000000000002F52,NULL
554,10,2026-08-25,4,Period 3,10:15:00,11:00:00,CLASS,7,19,Room-10,NULL,1,2026-09-01 10:59:33,1,2026-09-01 10:59:33,NULL,0x0000000000002F53,NULL
555,10,2026-08-25,5,Period 4,11:00:00,11:45:00,CLASS,8,20,Room-10,NULL,1,2026-09-01 10:59:33,1,2026-09-01 10:59:33,NULL,0x0000000000002F54,NULL
556,10,2026-08-25,6,Lunch Break,11:45:00,12:30:00,LUNCH,NULL,NULL,NULL,Lunch Break,1,2026-09-01 10:59:33,1,2026-09-01 10:59:33,NULL,0x0000000000002F55,NULL
557,10,2026-08-25,7,Period 5,12:30:00,13:15:00,CLASS,7,19,Room-10,NULL,1,2026-09-01 10:59:33,1,2026-09-01 10:59:33,NULL,0x0000000000002F56,NULL
558,10,2026-08-25,8,Period 6,13:15:00,14:00:00,CLASS,8,20,Room-10,NULL,1,2026-09-01 10:59:33,1,2026-09-01 10:59:33,NULL,0x0000000000002F57,NULL
559,10,2026-08-25,9,Afternoon Break,14:00:00,14:15:00,BREAK,NULL,NULL,NULL,Afternoon Break,1,2026-09-01 10:59:33,1,2026-09-01 10:59:33,NULL,0x0000000000002F58,NULL
560,10,2026-08-25,10,Period 7,14:15:00,15:00:00,CLASS,8,20,Room-10,NULL,1,2026-09-01 10:59:33,1,2026-09-01 10:59:33,NULL,0x0000000000002F59,NULL
561,10,2026-08-26,1,Period 1,08:30:00,09:15:00,CLASS,7,19,Room-10,NULL,1,2026-09-01 10:59:33,1,2026-09-01 10:59:33,NULL,0x0000000000002F5A,NULL
562,10,2026-08-26,2,Period 2,09:15:00,10:00:00,CLASS,8,20,Room-10,NULL,1,2026-09-01 10:59:33,1,2026-09-01 10:59:33,NULL,0x0000000000002F5B,NULL
563,10,2026-08-26,3,Morning Break,10:00:00,10:15:00,BREAK,NULL,NULL,NULL,Morning Break,1,2026-09-01 10:59:33,1,2026-09-01 10:59:33,NULL,0x0000000000002F5C,NULL
564,10,2026-08-26,4,Period 3,10:15:00,11:00:00,CLASS,7,19,Room-10,NULL,1,2026-09-01 10:59:33,1,2026-09-01 10:59:33,NULL,0x0000000000002F5D,NULL
565,10,2026-08-26,5,Period 4,11:00:00,11:45:00,CLASS,8,20,Room-10,NULL,1,2026-09-01 10:59:33,1,2026-09-01 10:59:33,NULL,0x0000000000002F5E,NULL
566,10,2026-08-26,6,Lunch Break,11:45:00,12:30:00,LUNCH,NULL,NULL,NULL,Lunch Break,1,2026-09-01 10:59:33,1,2026-09-01 10:59:33,NULL,0x0000000000002F5F,NULL
567,10,2026-08-26,7,Period 5,12:30:00,13:15:00,CLASS,7,19,Room-10,NULL,1,2026-09-01 10:59:33,1,2026-09-01 10:59:33,NULL,0x0000000000002F60,NULL
568,10,2026-08-26,8,Period 6,13:15:00,14:00:00,CLASS,8,20,Room-10,NULL,1,2026-09-01 10:59:33,1,2026-09-01 10:59:33,NULL,0x0000000000002F61,NULL
569,10,2026-08-26,9,Afternoon Break,14:00:00,14:15:00,BREAK,NULL,NULL,NULL,Afternoon Break,1,2026-09-01 10:59:33,1,2026-09-01 10:59:33,NULL,0x0000000000002F62,NULL
570,10,2026-08-26,10,Period 7,14:15:00,15:00:00,CLASS,8,20,Room-10,NULL,1,2026-09-01 10:59:33,1,2026-09-01 10:59:33,NULL,0x0000000000002F63,NULL
571,10,2026-08-27,1,Period 1,08:30:00,09:15:00,CLASS,7,19,Room-10,NULL,1,2026-09-01 10:59:33,1,2026-09-01 10:59:33,NULL,0x0000000000002F64,NULL
572,10,2026-08-27,2,Period 2,09:15:00,10:00:00,CLASS,8,20,Room-10,NULL,1,2026-09-01 10:59:33,1,2026-09-01 10:59:33,NULL,0x0000000000002F65,NULL
573,10,2026-08-27,3,Morning Break,10:00:00,10:15:00,BREAK,NULL,NULL,NULL,Morning Break,1,2026-09-01 10:59:33,1,2026-09-01 10:59:33,NULL,0x0000000000002F66,NULL
574,10,2026-08-27,4,Period 3,10:15:00,11:00:00,CLASS,7,19,Room-10,NULL,1,2026-09-01 10:59:33,1,2026-09-01 10:59:33,NULL,0x0000000000002F67,NULL
575,10,2026-08-27,5,Period 4,11:00:00,11:45:00,CLASS,8,20,Room-10,NULL,1,2026-09-01 10:59:33,1,2026-09-01 10:59:33,NULL,0x0000000000002F68,NULL
576,10,2026-08-27,6,Lunch Break,11:45:00,12:30:00,LUNCH,NULL,NULL,NULL,Lunch Break,1,2026-09-01 10:59:33,1,2026-09-01 10:59:33,NULL,0x0000000000002F69,NULL
577,10,2026-08-27,7,Period 5,12:30:00,13:15:00,CLASS,7,19,Room-10,NULL,1,2026-09-01 10:59:33,1,2026-09-01 10:59:33,NULL,0x0000000000002F6A,NULL
578,10,2026-08-27,8,Period 6,13:15:00,14:00:00,CLASS,8,20,Room-10,NULL,1,2026-09-01 10:59:33,1,2026-09-01 10:59:33,NULL,0x0000000000002F6B,NULL
579,10,2026-08-27,9,Afternoon Break,14:00:00,14:15:00,BREAK,NULL,NULL,NULL,Afternoon Break,1,2026-09-01 10:59:33,1,2026-09-01 10:59:33,NULL,0x0000000000002F6C,NULL
580,10,2026-08-27,10,Period 7,14:15:00,15:00:00,CLASS,8,20,Room-10,NULL,1,2026-09-01 10:59:33,1,2026-09-01 10:59:33,NULL,0x0000000000002F6D,NULL
581,10,2026-08-28,1,Period 1,08:30:00,09:15:00,CLASS,7,19,Room-10,NULL,1,2026-09-01 10:59:33,1,2026-09-01 10:59:33,NULL,0x0000000000002F6E,NULL
582,10,2026-08-28,2,Period 2,09:15:00,10:00:00,CLASS,8,20,Room-10,NULL,1,2026-09-01 10:59:33,1,2026-09-01 10:59:33,NULL,0x0000000000002F6F,NULL
583,10,2026-08-28,3,Morning Break,10:00:00,10:15:00,BREAK,NULL,NULL,NULL,Morning Break,1,2026-09-01 10:59:33,1,2026-09-01 10:59:33,NULL,0x0000000000002F70,NULL
584,10,2026-08-28,4,Period 3,10:15:00,11:00:00,CLASS,7,19,Room-10,NULL,1,2026-09-01 10:59:33,1,2026-09-01 10:59:33,NULL,0x0000000000002F71,NULL
585,10,2026-08-28,5,Period 4,11:00:00,11:45:00,CLASS,8,20,Room-10,NULL,1,2026-09-01 10:59:33,1,2026-09-01 10:59:33,NULL,0x0000000000002F72,NULL
586,10,2026-08-28,6,Lunch Break,11:45:00,12:30:00,LUNCH,NULL,NULL,NULL,Lunch Break,1,2026-09-01 10:59:33,1,2026-09-01 10:59:33,NULL,0x0000000000002F73,NULL
587,10,2026-08-28,7,Period 5,12:30:00,13:15:00,CLASS,7,19,Room-10,NULL,1,2026-09-01 10:59:33,1,2026-09-01 10:59:33,NULL,0x0000000000002F74,NULL
588,10,2026-08-28,8,Period 6,13:15:00,14:00:00,CLASS,8,20,Room-10,NULL,1,2026-09-01 10:59:33,1,2026-09-01 10:59:33,NULL,0x0000000000002F75,NULL
589,10,2026-08-28,9,Afternoon Break,14:00:00,14:15:00,BREAK,NULL,NULL,NULL,Afternoon Break,1,2026-09-01 10:59:33,1,2026-09-01 10:59:33,NULL,0x0000000000002F76,NULL
590,10,2026-08-28,10,Period 7,14:15:00,15:00:00,CLASS,8,20,Room-10,NULL,1,2026-09-01 10:59:33,1,2026-09-01 10:59:33,NULL,0x0000000000002F77,NULL
591,10,2026-08-29,1,Period 1,08:30:00,09:15:00,CLASS,7,19,Room-10,NULL,1,2026-09-01 10:59:33,1,2026-09-01 10:59:33,NULL,0x0000000000002F78,NULL
592,10,2026-08-29,2,Period 2,09:15:00,10:00:00,CLASS,8,20,Room-10,NULL,1,2026-09-01 10:59:33,1,2026-09-01 10:59:33,NULL,0x0000000000002F79,NULL
593,10,2026-08-29,3,Morning Break,10:00:00,10:15:00,BREAK,NULL,NULL,NULL,Morning Break,1,2026-09-01 10:59:33,1,2026-09-01 10:59:33,NULL,0x0000000000002F7A,NULL
594,10,2026-08-29,4,Period 3,10:15:00,11:00:00,CLASS,7,19,Room-10,NULL,1,2026-09-01 10:59:33,1,2026-09-01 10:59:33,NULL,0x0000000000002F7B,NULL
595,10,2026-08-29,5,Period 4,11:00:00,11:45:00,CLASS,8,20,Room-10,NULL,1,2026-09-01 10:59:33,1,2026-09-01 10:59:33,NULL,0x0000000000002F7C,NULL
596,10,2026-08-29,6,Lunch Break,11:45:00,12:30:00,LUNCH,NULL,NULL,NULL,Lunch Break,1,2026-09-01 10:59:33,1,2026-09-01 10:59:33,NULL,0x0000000000002F7D,NULL
597,10,2026-08-29,7,Period 5,12:30:00,13:15:00,CLASS,7,19,Room-10,NULL,1,2026-09-01 10:59:33,1,2026-09-01 10:59:33,NULL,0x0000000000002F7E,NULL
598,10,2026-08-29,8,Period 6,13:15:00,14:00:00,CLASS,8,20,Room-10,NULL,1,2026-09-01 10:59:33,1,2026-09-01 10:59:33,NULL,0x0000000000002F7F,NULL
599,10,2026-08-29,9,Afternoon Break,14:00:00,14:15:00,BREAK,NULL,NULL,NULL,Afternoon Break,1,2026-09-01 10:59:33,1,2026-09-01 10:59:33,NULL,0x0000000000002F80,NULL
600,10,2026-08-29,10,Period 7,14:15:00,15:00:00,CLASS,8,20,Room-10,NULL,1,2026-09-01 10:59:33,1,2026-09-01 10:59:33,NULL,0x0000000000002F81,NULL
601,11,2026-08-24,1,Period 1,08:30:00,09:15:00,CLASS,7,21,Room-11,NULL,1,2026-09-01 10:59:33,1,2026-09-01 10:59:33,NULL,0x0000000000002F82,NULL
602,11,2026-08-24,2,Period 2,09:15:00,10:00:00,CLASS,8,22,Room-11,NULL,1,2026-09-01 10:59:33,1,2026-09-01 10:59:33,NULL,0x0000000000002F83,NULL
603,11,2026-08-24,3,Morning Break,10:00:00,10:15:00,BREAK,NULL,NULL,NULL,Morning Break,1,2026-09-01 10:59:33,1,2026-09-01 10:59:33,NULL,0x0000000000002F84,NULL
604,11,2026-08-24,4,Period 3,10:15:00,11:00:00,CLASS,7,21,Room-11,NULL,1,2026-09-01 10:59:33,1,2026-09-01 10:59:33,NULL,0x0000000000002F85,NULL
605,11,2026-08-24,5,Period 4,11:00:00,11:45:00,CLASS,8,22,Room-11,NULL,1,2026-09-01 10:59:33,1,2026-09-01 10:59:33,NULL,0x0000000000002F86,NULL
606,11,2026-08-24,6,Lunch Break,11:45:00,12:30:00,LUNCH,NULL,NULL,NULL,Lunch Break,1,2026-09-01 10:59:33,1,2026-09-01 10:59:33,NULL,0x0000000000002F87,NULL
607,11,2026-08-24,7,Period 5,12:30:00,13:15:00,CLASS,7,21,Room-11,NULL,1,2026-09-01 10:59:33,1,2026-09-01 10:59:33,NULL,0x0000000000002F88,NULL
608,11,2026-08-24,8,Period 6,13:15:00,14:00:00,CLASS,8,22,Room-11,NULL,1,2026-09-01 10:59:33,1,2026-09-01 10:59:33,NULL,0x0000000000002F89,NULL
609,11,2026-08-24,9,Afternoon Break,14:00:00,14:15:00,BREAK,NULL,NULL,NULL,Afternoon Break,1,2026-09-01 10:59:33,1,2026-09-01 10:59:33,NULL,0x0000000000002F8A,NULL
610,11,2026-08-24,10,Period 7,14:15:00,15:00:00,CLASS,8,22,Room-11,NULL,1,2026-09-01 10:59:33,1,2026-09-01 10:59:33,NULL,0x0000000000002F8B,NULL
611,11,2026-08-25,1,Period 1,08:30:00,09:15:00,CLASS,7,21,Room-11,NULL,1,2026-09-01 10:59:33,1,2026-09-01 10:59:33,NULL,0x0000000000002F8C,NULL
612,11,2026-08-25,2,Period 2,09:15:00,10:00:00,CLASS,8,22,Room-11,NULL,1,2026-09-01 10:59:33,1,2026-09-01 10:59:33,NULL,0x0000000000002F8D,NULL
613,11,2026-08-25,3,Morning Break,10:00:00,10:15:00,BREAK,NULL,NULL,NULL,Morning Break,1,2026-09-01 10:59:33,1,2026-09-01 10:59:33,NULL,0x0000000000002F8E,NULL
614,11,2026-08-25,4,Period 3,10:15:00,11:00:00,CLASS,7,21,Room-11,NULL,1,2026-09-01 10:59:33,1,2026-09-01 10:59:33,NULL,0x0000000000002F8F,NULL
615,11,2026-08-25,5,Period 4,11:00:00,11:45:00,CLASS,8,22,Room-11,NULL,1,2026-09-01 10:59:33,1,2026-09-01 10:59:33,NULL,0x0000000000002F90,NULL
616,11,2026-08-25,6,Lunch Break,11:45:00,12:30:00,LUNCH,NULL,NULL,NULL,Lunch Break,1,2026-09-01 10:59:33,1,2026-09-01 10:59:33,NULL,0x0000000000002F91,NULL
617,11,2026-08-25,7,Period 5,12:30:00,13:15:00,CLASS,7,21,Room-11,NULL,1,2026-09-01 10:59:33,1,2026-09-01 10:59:33,NULL,0x0000000000002F92,NULL
618,11,2026-08-25,8,Period 6,13:15:00,14:00:00,CLASS,8,22,Room-11,NULL,1,2026-09-01 10:59:33,1,2026-09-01 10:59:33,NULL,0x0000000000002F93,NULL
619,11,2026-08-25,9,Afternoon Break,14:00:00,14:15:00,BREAK,NULL,NULL,NULL,Afternoon Break,1,2026-09-01 10:59:33,1,2026-09-01 10:59:33,NULL,0x0000000000002F94,NULL
620,11,2026-08-25,10,Period 7,14:15:00,15:00:00,CLASS,8,22,Room-11,NULL,1,2026-09-01 10:59:33,1,2026-09-01 10:59:33,NULL,0x0000000000002F95,NULL
621,11,2026-08-26,1,Period 1,08:30:00,09:15:00,CLASS,7,21,Room-11,NULL,1,2026-09-01 10:59:33,1,2026-09-01 10:59:33,NULL,0x0000000000002F96,NULL
622,11,2026-08-26,2,Period 2,09:15:00,10:00:00,CLASS,8,22,Room-11,NULL,1,2026-09-01 10:59:33,1,2026-09-01 10:59:33,NULL,0x0000000000002F97,NULL
623,11,2026-08-26,3,Morning Break,10:00:00,10:15:00,BREAK,NULL,NULL,NULL,Morning Break,1,2026-09-01 10:59:33,1,2026-09-01 10:59:33,NULL,0x0000000000002F98,NULL
624,11,2026-08-26,4,Period 3,10:15:00,11:00:00,CLASS,7,21,Room-11,NULL,1,2026-09-01 10:59:33,1,2026-09-01 10:59:33,NULL,0x0000000000002F99,NULL
625,11,2026-08-26,5,Period 4,11:00:00,11:45:00,CLASS,8,22,Room-11,NULL,1,2026-09-01 10:59:33,1,2026-09-01 10:59:33,NULL,0x0000000000002F9A,NULL
626,11,2026-08-26,6,Lunch Break,11:45:00,12:30:00,LUNCH,NULL,NULL,NULL,Lunch Break,1,2026-09-01 10:59:33,1,2026-09-01 10:59:33,NULL,0x0000000000002F9B,NULL
627,11,2026-08-26,7,Period 5,12:30:00,13:15:00,CLASS,7,21,Room-11,NULL,1,2026-09-01 10:59:33,1,2026-09-01 10:59:33,NULL,0x0000000000002F9C,NULL
628,11,2026-08-26,8,Period 6,13:15:00,14:00:00,CLASS,8,22,Room-11,NULL,1,2026-09-01 10:59:33,1,2026-09-01 10:59:33,NULL,0x0000000000002F9D,NULL
629,11,2026-08-26,9,Afternoon Break,14:00:00,14:15:00,BREAK,NULL,NULL,NULL,Afternoon Break,1,2026-09-01 10:59:33,1,2026-09-01 10:59:33,NULL,0x0000000000002F9E,NULL
630,11,2026-08-26,10,Period 7,14:15:00,15:00:00,CLASS,8,22,Room-11,NULL,1,2026-09-01 10:59:33,1,2026-09-01 10:59:33,NULL,0x0000000000002F9F,NULL
631,11,2026-08-27,1,Period 1,08:30:00,09:15:00,CLASS,7,21,Room-11,NULL,1,2026-09-01 10:59:33,1,2026-09-01 10:59:33,NULL,0x0000000000002FA0,NULL
632,11,2026-08-27,2,Period 2,09:15:00,10:00:00,CLASS,8,22,Room-11,NULL,1,2026-09-01 10:59:33,1,2026-09-01 10:59:33,NULL,0x0000000000002FA1,NULL
633,11,2026-08-27,3,Morning Break,10:00:00,10:15:00,BREAK,NULL,NULL,NULL,Morning Break,1,2026-09-01 10:59:33,1,2026-09-01 10:59:33,NULL,0x0000000000002FA2,NULL
634,11,2026-08-27,4,Period 3,10:15:00,11:00:00,CLASS,7,21,Room-11,NULL,1,2026-09-01 10:59:33,1,2026-09-01 10:59:33,NULL,0x0000000000002FA3,NULL
635,11,2026-08-27,5,Period 4,11:00:00,11:45:00,CLASS,8,22,Room-11,NULL,1,2026-09-01 10:59:33,1,2026-09-01 10:59:33,NULL,0x0000000000002FA4,NULL
636,11,2026-08-27,6,Lunch Break,11:45:00,12:30:00,LUNCH,NULL,NULL,NULL,Lunch Break,1,2026-09-01 10:59:33,1,2026-09-01 10:59:33,NULL,0x0000000000002FA5,NULL
637,11,2026-08-27,7,Period 5,12:30:00,13:15:00,CLASS,7,21,Room-11,NULL,1,2026-09-01 10:59:33,1,2026-09-01 10:59:33,NULL,0x0000000000002FA6,NULL
638,11,2026-08-27,8,Period 6,13:15:00,14:00:00,CLASS,8,22,Room-11,NULL,1,2026-09-01 10:59:33,1,2026-09-01 10:59:33,NULL,0x0000000000002FA7,NULL
639,11,2026-08-27,9,Afternoon Break,14:00:00,14:15:00,BREAK,NULL,NULL,NULL,Afternoon Break,1,2026-09-01 10:59:33,1,2026-09-01 10:59:33,NULL,0x0000000000002FA8,NULL
640,11,2026-08-27,10,Period 7,14:15:00,15:00:00,CLASS,8,22,Room-11,NULL,1,2026-09-01 10:59:33,1,2026-09-01 10:59:33,NULL,0x0000000000002FA9,NULL
641,11,2026-08-28,1,Period 1,08:30:00,09:15:00,CLASS,7,21,Room-11,NULL,1,2026-09-01 10:59:33,1,2026-09-01 10:59:33,NULL,0x0000000000002FAA,NULL
642,11,2026-08-28,2,Period 2,09:15:00,10:00:00,CLASS,8,22,Room-11,NULL,1,2026-09-01 10:59:33,1,2026-09-01 10:59:33,NULL,0x0000000000002FAB,NULL
643,11,2026-08-28,3,Morning Break,10:00:00,10:15:00,BREAK,NULL,NULL,NULL,Morning Break,1,2026-09-01 10:59:33,1,2026-09-01 10:59:33,NULL,0x0000000000002FAC,NULL
644,11,2026-08-28,4,Period 3,10:15:00,11:00:00,CLASS,7,21,Room-11,NULL,1,2026-09-01 10:59:33,1,2026-09-01 10:59:33,NULL,0x0000000000002FAD,NULL
645,11,2026-08-28,5,Period 4,11:00:00,11:45:00,CLASS,8,22,Room-11,NULL,1,2026-09-01 10:59:33,1,2026-09-01 10:59:33,NULL,0x0000000000002FAE,NULL
646,11,2026-08-28,6,Lunch Break,11:45:00,12:30:00,LUNCH,NULL,NULL,NULL,Lunch Break,1,2026-09-01 10:59:33,1,2026-09-01 10:59:33,NULL,0x0000000000002FAF,NULL
647,11,2026-08-28,7,Period 5,12:30:00,13:15:00,CLASS,7,21,Room-11,NULL,1,2026-09-01 10:59:33,1,2026-09-01 10:59:33,NULL,0x0000000000002FB0,NULL
648,11,2026-08-28,8,Period 6,13:15:00,14:00:00,CLASS,8,22,Room-11,NULL,1,2026-09-01 10:59:33,1,2026-09-01 10:59:33,NULL,0x0000000000002FB1,NULL
649,11,2026-08-28,9,Afternoon Break,14:00:00,14:15:00,BREAK,NULL,NULL,NULL,Afternoon Break,1,2026-09-01 10:59:33,1,2026-09-01 10:59:33,NULL,0x0000000000002FB2,NULL
650,11,2026-08-28,10,Period 7,14:15:00,15:00:00,CLASS,8,22,Room-11,NULL,1,2026-09-01 10:59:33,1,2026-09-01 10:59:33,NULL,0x0000000000002FB3,NULL
651,11,2026-08-29,1,Period 1,08:30:00,09:15:00,CLASS,7,21,Room-11,NULL,1,2026-09-01 10:59:33,1,2026-09-01 10:59:33,NULL,0x0000000000002FB4,NULL
652,11,2026-08-29,2,Period 2,09:15:00,10:00:00,CLASS,8,22,Room-11,NULL,1,2026-09-01 10:59:33,1,2026-09-01 10:59:33,NULL,0x0000000000002FB5,NULL
653,11,2026-08-29,3,Morning Break,10:00:00,10:15:00,BREAK,NULL,NULL,NULL,Morning Break,1,2026-09-01 10:59:33,1,2026-09-01 10:59:33,NULL,0x0000000000002FB6,NULL
654,11,2026-08-29,4,Period 3,10:15:00,11:00:00,CLASS,7,21,Room-11,NULL,1,2026-09-01 10:59:33,1,2026-09-01 10:59:33,NULL,0x0000000000002FB7,NULL
655,11,2026-08-29,5,Period 4,11:00:00,11:45:00,CLASS,8,22,Room-11,NULL,1,2026-09-01 10:59:33,1,2026-09-01 10:59:33,NULL,0x0000000000002FB8,NULL
656,11,2026-08-29,6,Lunch Break,11:45:00,12:30:00,LUNCH,NULL,NULL,NULL,Lunch Break,1,2026-09-01 10:59:33,1,2026-09-01 10:59:33,NULL,0x0000000000002FB9,NULL
657,11,2026-08-29,7,Period 5,12:30:00,13:15:00,CLASS,7,21,Room-11,NULL,1,2026-09-01 10:59:33,1,2026-09-01 10:59:33,NULL,0x0000000000002FBA,NULL
658,11,2026-08-29,8,Period 6,13:15:00,14:00:00,CLASS,8,22,Room-11,NULL,1,2026-09-01 10:59:33,1,2026-09-01 10:59:33,NULL,0x0000000000002FBB,NULL
659,11,2026-08-29,9,Afternoon Break,14:00:00,14:15:00,BREAK,NULL,NULL,NULL,Afternoon Break,1,2026-09-01 10:59:33,1,2026-09-01 10:59:33,NULL,0x0000000000002FBC,NULL
660,11,2026-08-29,10,Period 7,14:15:00,15:00:00,CLASS,8,22,Room-11,NULL,1,2026-09-01 10:59:33,1,2026-09-01 10:59:33,NULL,0x0000000000002FBD,NULL
661,12,2026-08-24,1,Period 1,08:30:00,09:15:00,CLASS,7,23,Room-12,NULL,1,2026-09-01 10:59:33,1,2026-09-01 10:59:33,NULL,0x0000000000002FBE,NULL
662,12,2026-08-24,2,Period 2,09:15:00,10:00:00,CLASS,8,24,Room-12,NULL,1,2026-09-01 10:59:33,1,2026-09-01 10:59:33,NULL,0x0000000000002FBF,NULL
663,12,2026-08-24,3,Morning Break,10:00:00,10:15:00,BREAK,NULL,NULL,NULL,Morning Break,1,2026-09-01 10:59:33,1,2026-09-01 10:59:33,NULL,0x0000000000002FC0,NULL
664,12,2026-08-24,4,Period 3,10:15:00,11:00:00,CLASS,7,23,Room-12,NULL,1,2026-09-01 10:59:33,1,2026-09-01 10:59:33,NULL,0x0000000000002FC1,NULL
665,12,2026-08-24,5,Period 4,11:00:00,11:45:00,CLASS,8,24,Room-12,NULL,1,2026-09-01 10:59:33,1,2026-09-01 10:59:33,NULL,0x0000000000002FC2,NULL
666,12,2026-08-24,6,Lunch Break,11:45:00,12:30:00,LUNCH,NULL,NULL,NULL,Lunch Break,1,2026-09-01 10:59:33,1,2026-09-01 10:59:33,NULL,0x0000000000002FC3,NULL
667,12,2026-08-24,7,Period 5,12:30:00,13:15:00,CLASS,7,23,Room-12,NULL,1,2026-09-01 10:59:33,1,2026-09-01 10:59:33,NULL,0x0000000000002FC4,NULL
668,12,2026-08-24,8,Period 6,13:15:00,14:00:00,CLASS,8,24,Room-12,NULL,1,2026-09-01 10:59:33,1,2026-09-01 10:59:33,NULL,0x0000000000002FC5,NULL
669,12,2026-08-24,9,Afternoon Break,14:00:00,14:15:00,BREAK,NULL,NULL,NULL,Afternoon Break,1,2026-09-01 10:59:33,1,2026-09-01 10:59:33,NULL,0x0000000000002FC6,NULL
670,12,2026-08-24,10,Period 7,14:15:00,15:00:00,CLASS,8,24,Room-12,NULL,1,2026-09-01 10:59:33,1,2026-09-01 10:59:33,NULL,0x0000000000002FC7,NULL
671,12,2026-08-25,1,Period 1,08:30:00,09:15:00,CLASS,7,23,Room-12,NULL,1,2026-09-01 10:59:33,1,2026-09-01 10:59:33,NULL,0x0000000000002FC8,NULL
672,12,2026-08-25,2,Period 2,09:15:00,10:00:00,CLASS,8,24,Room-12,NULL,1,2026-09-01 10:59:33,1,2026-09-01 10:59:33,NULL,0x0000000000002FC9,NULL
673,12,2026-08-25,3,Morning Break,10:00:00,10:15:00,BREAK,NULL,NULL,NULL,Morning Break,1,2026-09-01 10:59:33,1,2026-09-01 10:59:33,NULL,0x0000000000002FCA,NULL
674,12,2026-08-25,4,Period 3,10:15:00,11:00:00,CLASS,7,23,Room-12,NULL,1,2026-09-01 10:59:33,1,2026-09-01 10:59:33,NULL,0x0000000000002FCB,NULL
675,12,2026-08-25,5,Period 4,11:00:00,11:45:00,CLASS,8,24,Room-12,NULL,1,2026-09-01 10:59:33,1,2026-09-01 10:59:33,NULL,0x0000000000002FCC,NULL
676,12,2026-08-25,6,Lunch Break,11:45:00,12:30:00,LUNCH,NULL,NULL,NULL,Lunch Break,1,2026-09-01 10:59:33,1,2026-09-01 10:59:33,NULL,0x0000000000002FCD,NULL
677,12,2026-08-25,7,Period 5,12:30:00,13:15:00,CLASS,7,23,Room-12,NULL,1,2026-09-01 10:59:33,1,2026-09-01 10:59:33,NULL,0x0000000000002FCE,NULL
678,12,2026-08-25,8,Period 6,13:15:00,14:00:00,CLASS,8,24,Room-12,NULL,1,2026-09-01 10:59:33,1,2026-09-01 10:59:33,NULL,0x0000000000002FCF,NULL
679,12,2026-08-25,9,Afternoon Break,14:00:00,14:15:00,BREAK,NULL,NULL,NULL,Afternoon Break,1,2026-09-01 10:59:33,1,2026-09-01 10:59:33,NULL,0x0000000000002FD0,NULL
680,12,2026-08-25,10,Period 7,14:15:00,15:00:00,CLASS,8,24,Room-12,NULL,1,2026-09-01 10:59:33,1,2026-09-01 10:59:33,NULL,0x0000000000002FD1,NULL
681,12,2026-08-26,1,Period 1,08:30:00,09:15:00,CLASS,7,23,Room-12,NULL,1,2026-09-01 10:59:33,1,2026-09-01 10:59:33,NULL,0x0000000000002FD2,NULL
682,12,2026-08-26,2,Period 2,09:15:00,10:00:00,CLASS,8,24,Room-12,NULL,1,2026-09-01 10:59:33,1,2026-09-01 10:59:33,NULL,0x0000000000002FD3,NULL
683,12,2026-08-26,3,Morning Break,10:00:00,10:15:00,BREAK,NULL,NULL,NULL,Morning Break,1,2026-09-01 10:59:33,1,2026-09-01 10:59:33,NULL,0x0000000000002FD4,NULL
684,12,2026-08-26,4,Period 3,10:15:00,11:00:00,CLASS,7,23,Room-12,NULL,1,2026-09-01 10:59:33,1,2026-09-01 10:59:33,NULL,0x0000000000002FD5,NULL
685,12,2026-08-26,5,Period 4,11:00:00,11:45:00,CLASS,8,24,Room-12,NULL,1,2026-09-01 10:59:33,1,2026-09-01 10:59:33,NULL,0x0000000000002FD6,NULL
686,12,2026-08-26,6,Lunch Break,11:45:00,12:30:00,LUNCH,NULL,NULL,NULL,Lunch Break,1,2026-09-01 10:59:33,1,2026-09-01 10:59:33,NULL,0x0000000000002FD7,NULL
687,12,2026-08-26,7,Period 5,12:30:00,13:15:00,CLASS,7,23,Room-12,NULL,1,2026-09-01 10:59:33,1,2026-09-01 10:59:33,NULL,0x0000000000002FD8,NULL
688,12,2026-08-26,8,Period 6,13:15:00,14:00:00,CLASS,8,24,Room-12,NULL,1,2026-09-01 10:59:33,1,2026-09-01 10:59:33,NULL,0x0000000000002FD9,NULL
689,12,2026-08-26,9,Afternoon Break,14:00:00,14:15:00,BREAK,NULL,NULL,NULL,Afternoon Break,1,2026-09-01 10:59:33,1,2026-09-01 10:59:33,NULL,0x0000000000002FDA,NULL
690,12,2026-08-26,10,Period 7,14:15:00,15:00:00,CLASS,8,24,Room-12,NULL,1,2026-09-01 10:59:33,1,2026-09-01 10:59:33,NULL,0x0000000000002FDB,NULL
691,12,2026-08-27,1,Period 1,08:30:00,09:15:00,CLASS,7,23,Room-12,NULL,1,2026-09-01 10:59:33,1,2026-09-01 10:59:33,NULL,0x0000000000002FDC,NULL
692,12,2026-08-27,2,Period 2,09:15:00,10:00:00,CLASS,8,24,Room-12,NULL,1,2026-09-01 10:59:33,1,2026-09-01 10:59:33,NULL,0x0000000000002FDD,NULL
693,12,2026-08-27,3,Morning Break,10:00:00,10:15:00,BREAK,NULL,NULL,NULL,Morning Break,1,2026-09-01 10:59:33,1,2026-09-01 10:59:33,NULL,0x0000000000002FDE,NULL
694,12,2026-08-27,4,Period 3,10:15:00,11:00:00,CLASS,7,23,Room-12,NULL,1,2026-09-01 10:59:33,1,2026-09-01 10:59:33,NULL,0x0000000000002FDF,NULL
695,12,2026-08-27,5,Period 4,11:00:00,11:45:00,CLASS,8,24,Room-12,NULL,1,2026-09-01 10:59:33,1,2026-09-01 10:59:33,NULL,0x0000000000002FE0,NULL
696,12,2026-08-27,6,Lunch Break,11:45:00,12:30:00,LUNCH,NULL,NULL,NULL,Lunch Break,1,2026-09-01 10:59:33,1,2026-09-01 10:59:33,NULL,0x0000000000002FE1,NULL
697,12,2026-08-27,7,Period 5,12:30:00,13:15:00,CLASS,7,23,Room-12,NULL,1,2026-09-01 10:59:33,1,2026-09-01 10:59:33,NULL,0x0000000000002FE2,NULL
698,12,2026-08-27,8,Period 6,13:15:00,14:00:00,CLASS,8,24,Room-12,NULL,1,2026-09-01 10:59:33,1,2026-09-01 10:59:33,NULL,0x0000000000002FE3,NULL
699,12,2026-08-27,9,Afternoon Break,14:00:00,14:15:00,BREAK,NULL,NULL,NULL,Afternoon Break,1,2026-09-01 10:59:33,1,2026-09-01 10:59:33,NULL,0x0000000000002FE4,NULL
700,12,2026-08-27,10,Period 7,14:15:00,15:00:00,CLASS,8,24,Room-12,NULL,1,2026-09-01 10:59:33,1,2026-09-01 10:59:33,NULL,0x0000000000002FE5,NULL
701,12,2026-08-28,1,Period 1,08:30:00,09:15:00,CLASS,7,23,Room-12,NULL,1,2026-09-01 10:59:33,1,2026-09-01 10:59:33,NULL,0x0000000000002FE6,NULL
702,12,2026-08-28,2,Period 2,09:15:00,10:00:00,CLASS,8,24,Room-12,NULL,1,2026-09-01 10:59:33,1,2026-09-01 10:59:33,NULL,0x0000000000002FE7,NULL
703,12,2026-08-28,3,Morning Break,10:00:00,10:15:00,BREAK,NULL,NULL,NULL,Morning Break,1,2026-09-01 10:59:33,1,2026-09-01 10:59:33,NULL,0x0000000000002FE8,NULL
704,12,2026-08-28,4,Period 3,10:15:00,11:00:00,CLASS,7,23,Room-12,NULL,1,2026-09-01 10:59:33,1,2026-09-01 10:59:33,NULL,0x0000000000002FE9,NULL
705,12,2026-08-28,5,Period 4,11:00:00,11:45:00,CLASS,8,24,Room-12,NULL,1,2026-09-01 10:59:33,1,2026-09-01 10:59:33,NULL,0x0000000000002FEA,NULL
706,12,2026-08-28,6,Lunch Break,11:45:00,12:30:00,LUNCH,NULL,NULL,NULL,Lunch Break,1,2026-09-01 10:59:33,1,2026-09-01 10:59:33,NULL,0x0000000000002FEB,NULL
707,12,2026-08-28,7,Period 5,12:30:00,13:15:00,CLASS,7,23,Room-12,NULL,1,2026-09-01 10:59:33,1,2026-09-01 10:59:33,NULL,0x0000000000002FEC,NULL
708,12,2026-08-28,8,Period 6,13:15:00,14:00:00,CLASS,8,24,Room-12,NULL,1,2026-09-01 10:59:33,1,2026-09-01 10:59:33,NULL,0x0000000000002FED,NULL
709,12,2026-08-28,9,Afternoon Break,14:00:00,14:15:00,BREAK,NULL,NULL,NULL,Afternoon Break,1,2026-09-01 10:59:33,1,2026-09-01 10:59:33,NULL,0x0000000000002FEE,NULL
710,12,2026-08-28,10,Period 7,14:15:00,15:00:00,CLASS,8,24,Room-12,NULL,1,2026-09-01 10:59:33,1,2026-09-01 10:59:33,NULL,0x0000000000002FEF,NULL
711,12,2026-08-29,1,Period 1,08:30:00,09:15:00,CLASS,7,23,Room-12,NULL,1,2026-09-01 10:59:33,1,2026-09-01 10:59:33,NULL,0x0000000000002FF0,NULL
712,12,2026-08-29,2,Period 2,09:15:00,10:00:00,CLASS,8,24,Room-12,NULL,1,2026-09-01 10:59:33,1,2026-09-01 10:59:33,NULL,0x0000000000002FF1,NULL
713,12,2026-08-29,3,Morning Break,10:00:00,10:15:00,BREAK,NULL,NULL,NULL,Morning Break,1,2026-09-01 10:59:33,1,2026-09-01 10:59:33,NULL,0x0000000000002FF2,NULL
714,12,2026-08-29,4,Period 3,10:15:00,11:00:00,CLASS,7,23,Room-12,NULL,1,2026-09-01 10:59:33,1,2026-09-01 10:59:33,NULL,0x0000000000002FF3,NULL
715,12,2026-08-29,5,Period 4,11:00:00,11:45:00,CLASS,8,24,Room-12,NULL,1,2026-09-01 10:59:33,1,2026-09-01 10:59:33,NULL,0x0000000000002FF4,NULL
716,12,2026-08-29,6,Lunch Break,11:45:00,12:30:00,LUNCH,NULL,NULL,NULL,Lunch Break,1,2026-09-01 10:59:33,1,2026-09-01 10:59:33,NULL,0x0000000000002FF5,NULL
717,12,2026-08-29,7,Period 5,12:30:00,13:15:00,CLASS,7,23,Room-12,NULL,1,2026-09-01 10:59:33,1,2026-09-01 10:59:33,NULL,0x0000000000002FF6,NULL
718,12,2026-08-29,8,Period 6,13:15:00,14:00:00,CLASS,8,24,Room-12,NULL,1,2026-09-01 10:59:33,1,2026-09-01 10:59:33,NULL,0x0000000000002FF7,NULL
719,12,2026-08-29,9,Afternoon Break,14:00:00,14:15:00,BREAK,NULL,NULL,NULL,Afternoon Break,1,2026-09-01 10:59:33,1,2026-09-01 10:59:33,NULL,0x0000000000002FF8,NULL
720,12,2026-08-29,10,Period 7,14:15:00,15:00:00,CLASS,8,24,Room-12,NULL,1,2026-09-01 10:59:33,1,2026-09-01 10:59:33,NULL,0x0000000000002FF9,NULL
721,13,2026-08-24,1,Period 1,08:30:00,09:15:00,CLASS,7,25,Room-13,NULL,1,2026-09-01 10:59:33,1,2026-09-01 10:59:33,NULL,0x0000000000002FFA,NULL
722,13,2026-08-24,2,Period 2,09:15:00,10:00:00,CLASS,8,26,Room-13,NULL,1,2026-09-01 10:59:33,1,2026-09-01 10:59:33,NULL,0x0000000000002FFB,NULL
723,13,2026-08-24,3,Morning Break,10:00:00,10:15:00,BREAK,NULL,NULL,NULL,Morning Break,1,2026-09-01 10:59:33,1,2026-09-01 10:59:33,NULL,0x0000000000002FFC,NULL
724,13,2026-08-24,4,Period 3,10:15:00,11:00:00,CLASS,7,25,Room-13,NULL,1,2026-09-01 10:59:33,1,2026-09-01 10:59:33,NULL,0x0000000000002FFD,NULL
725,13,2026-08-24,5,Period 4,11:00:00,11:45:00,CLASS,8,26,Room-13,NULL,1,2026-09-01 10:59:33,1,2026-09-01 10:59:33,NULL,0x0000000000002FFE,NULL
726,13,2026-08-24,6,Lunch Break,11:45:00,12:30:00,LUNCH,NULL,NULL,NULL,Lunch Break,1,2026-09-01 10:59:33,1,2026-09-01 10:59:33,NULL,0x0000000000002FFF,NULL
727,13,2026-08-24,7,Period 5,12:30:00,13:15:00,CLASS,7,25,Room-13,NULL,1,2026-09-01 10:59:33,1,2026-09-01 10:59:33,NULL,0x0000000000003001,NULL
728,13,2026-08-24,8,Period 6,13:15:00,14:00:00,CLASS,8,26,Room-13,NULL,1,2026-09-01 10:59:33,1,2026-09-01 10:59:33,NULL,0x0000000000003002,NULL
729,13,2026-08-24,9,Afternoon Break,14:00:00,14:15:00,BREAK,NULL,NULL,NULL,Afternoon Break,1,2026-09-01 10:59:33,1,2026-09-01 10:59:33,NULL,0x0000000000003003,NULL
730,13,2026-08-24,10,Period 7,14:15:00,15:00:00,CLASS,8,26,Room-13,NULL,1,2026-09-01 10:59:33,1,2026-09-01 10:59:33,NULL,0x0000000000003004,NULL
731,13,2026-08-25,1,Period 1,08:30:00,09:15:00,CLASS,7,25,Room-13,NULL,1,2026-09-01 10:59:33,1,2026-09-01 10:59:33,NULL,0x0000000000003005,NULL
732,13,2026-08-25,2,Period 2,09:15:00,10:00:00,CLASS,8,26,Room-13,NULL,1,2026-09-01 10:59:33,1,2026-09-01 10:59:33,NULL,0x0000000000003006,NULL
733,13,2026-08-25,3,Morning Break,10:00:00,10:15:00,BREAK,NULL,NULL,NULL,Morning Break,1,2026-09-01 10:59:33,1,2026-09-01 10:59:33,NULL,0x0000000000003007,NULL
734,13,2026-08-25,4,Period 3,10:15:00,11:00:00,CLASS,7,25,Room-13,NULL,1,2026-09-01 10:59:33,1,2026-09-01 10:59:33,NULL,0x0000000000003008,NULL
735,13,2026-08-25,5,Period 4,11:00:00,11:45:00,CLASS,8,26,Room-13,NULL,1,2026-09-01 10:59:33,1,2026-09-01 10:59:33,NULL,0x0000000000003009,NULL
736,13,2026-08-25,6,Lunch Break,11:45:00,12:30:00,LUNCH,NULL,NULL,NULL,Lunch Break,1,2026-09-01 10:59:33,1,2026-09-01 10:59:33,NULL,0x000000000000300A,NULL
737,13,2026-08-25,7,Period 5,12:30:00,13:15:00,CLASS,7,25,Room-13,NULL,1,2026-09-01 10:59:33,1,2026-09-01 10:59:33,NULL,0x000000000000300B,NULL
738,13,2026-08-25,8,Period 6,13:15:00,14:00:00,CLASS,8,26,Room-13,NULL,1,2026-09-01 10:59:33,1,2026-09-01 10:59:33,NULL,0x000000000000300C,NULL
739,13,2026-08-25,9,Afternoon Break,14:00:00,14:15:00,BREAK,NULL,NULL,NULL,Afternoon Break,1,2026-09-01 10:59:33,1,2026-09-01 10:59:33,NULL,0x000000000000300D,NULL
740,13,2026-08-25,10,Period 7,14:15:00,15:00:00,CLASS,8,26,Room-13,NULL,1,2026-09-01 10:59:33,1,2026-09-01 10:59:33,NULL,0x000000000000300E,NULL
741,13,2026-08-26,1,Period 1,08:30:00,09:15:00,CLASS,7,25,Room-13,NULL,1,2026-09-01 10:59:33,1,2026-09-01 10:59:33,NULL,0x000000000000300F,NULL
742,13,2026-08-26,2,Period 2,09:15:00,10:00:00,CLASS,8,26,Room-13,NULL,1,2026-09-01 10:59:33,1,2026-09-01 10:59:33,NULL,0x0000000000003010,NULL
743,13,2026-08-26,3,Morning Break,10:00:00,10:15:00,BREAK,NULL,NULL,NULL,Morning Break,1,2026-09-01 10:59:33,1,2026-09-01 10:59:33,NULL,0x0000000000003011,NULL
744,13,2026-08-26,4,Period 3,10:15:00,11:00:00,CLASS,7,25,Room-13,NULL,1,2026-09-01 10:59:33,1,2026-09-01 10:59:33,NULL,0x0000000000003012,NULL
745,13,2026-08-26,5,Period 4,11:00:00,11:45:00,CLASS,8,26,Room-13,NULL,1,2026-09-01 10:59:33,1,2026-09-01 10:59:33,NULL,0x0000000000003013,NULL
746,13,2026-08-26,6,Lunch Break,11:45:00,12:30:00,LUNCH,NULL,NULL,NULL,Lunch Break,1,2026-09-01 10:59:33,1,2026-09-01 10:59:33,NULL,0x0000000000003014,NULL
747,13,2026-08-26,7,Period 5,12:30:00,13:15:00,CLASS,7,25,Room-13,NULL,1,2026-09-01 10:59:33,1,2026-09-01 10:59:33,NULL,0x0000000000003015,NULL
748,13,2026-08-26,8,Period 6,13:15:00,14:00:00,CLASS,8,26,Room-13,NULL,1,2026-09-01 10:59:33,1,2026-09-01 10:59:33,NULL,0x0000000000003016,NULL
749,13,2026-08-26,9,Afternoon Break,14:00:00,14:15:00,BREAK,NULL,NULL,NULL,Afternoon Break,1,2026-09-01 10:59:33,1,2026-09-01 10:59:33,NULL,0x0000000000003017,NULL
750,13,2026-08-26,10,Period 7,14:15:00,15:00:00,CLASS,8,26,Room-13,NULL,1,2026-09-01 10:59:33,1,2026-09-01 10:59:33,NULL,0x0000000000003018,NULL
751,13,2026-08-27,1,Period 1,08:30:00,09:15:00,CLASS,7,25,Room-13,NULL,1,2026-09-01 10:59:33,1,2026-09-01 10:59:33,NULL,0x0000000000003019,NULL
752,13,2026-08-27,2,Period 2,09:15:00,10:00:00,CLASS,8,26,Room-13,NULL,1,2026-09-01 10:59:33,1,2026-09-01 10:59:33,NULL,0x000000000000301A,NULL
753,13,2026-08-27,3,Morning Break,10:00:00,10:15:00,BREAK,NULL,NULL,NULL,Morning Break,1,2026-09-01 10:59:33,1,2026-09-01 10:59:33,NULL,0x000000000000301B,NULL
754,13,2026-08-27,4,Period 3,10:15:00,11:00:00,CLASS,7,25,Room-13,NULL,1,2026-09-01 10:59:33,1,2026-09-01 10:59:33,NULL,0x000000000000301C,NULL
755,13,2026-08-27,5,Period 4,11:00:00,11:45:00,CLASS,8,26,Room-13,NULL,1,2026-09-01 10:59:33,1,2026-09-01 10:59:33,NULL,0x000000000000301D,NULL
756,13,2026-08-27,6,Lunch Break,11:45:00,12:30:00,LUNCH,NULL,NULL,NULL,Lunch Break,1,2026-09-01 10:59:33,1,2026-09-01 10:59:33,NULL,0x000000000000301E,NULL
757,13,2026-08-27,7,Period 5,12:30:00,13:15:00,CLASS,7,25,Room-13,NULL,1,2026-09-01 10:59:33,1,2026-09-01 10:59:33,NULL,0x000000000000301F,NULL
758,13,2026-08-27,8,Period 6,13:15:00,14:00:00,CLASS,8,26,Room-13,NULL,1,2026-09-01 10:59:33,1,2026-09-01 10:59:33,NULL,0x0000000000003020,NULL
759,13,2026-08-27,9,Afternoon Break,14:00:00,14:15:00,BREAK,NULL,NULL,NULL,Afternoon Break,1,2026-09-01 10:59:33,1,2026-09-01 10:59:33,NULL,0x0000000000003021,NULL
760,13,2026-08-27,10,Period 7,14:15:00,15:00:00,CLASS,8,26,Room-13,NULL,1,2026-09-01 10:59:33,1,2026-09-01 10:59:33,NULL,0x0000000000003022,NULL
761,13,2026-08-28,1,Period 1,08:30:00,09:15:00,CLASS,7,25,Room-13,NULL,1,2026-09-01 10:59:33,1,2026-09-01 10:59:33,NULL,0x0000000000003023,NULL
762,13,2026-08-28,2,Period 2,09:15:00,10:00:00,CLASS,8,26,Room-13,NULL,1,2026-09-01 10:59:33,1,2026-09-01 10:59:33,NULL,0x0000000000003024,NULL
763,13,2026-08-28,3,Morning Break,10:00:00,10:15:00,BREAK,NULL,NULL,NULL,Morning Break,1,2026-09-01 10:59:33,1,2026-09-01 10:59:33,NULL,0x0000000000003025,NULL
764,13,2026-08-28,4,Period 3,10:15:00,11:00:00,CLASS,7,25,Room-13,NULL,1,2026-09-01 10:59:33,1,2026-09-01 10:59:33,NULL,0x0000000000003026,NULL
765,13,2026-08-28,5,Period 4,11:00:00,11:45:00,CLASS,8,26,Room-13,NULL,1,2026-09-01 10:59:33,1,2026-09-01 10:59:33,NULL,0x0000000000003027,NULL
766,13,2026-08-28,6,Lunch Break,11:45:00,12:30:00,LUNCH,NULL,NULL,NULL,Lunch Break,1,2026-09-01 10:59:33,1,2026-09-01 10:59:33,NULL,0x0000000000003028,NULL
767,13,2026-08-28,7,Period 5,12:30:00,13:15:00,CLASS,7,25,Room-13,NULL,1,2026-09-01 10:59:33,1,2026-09-01 10:59:33,NULL,0x0000000000003029,NULL
768,13,2026-08-28,8,Period 6,13:15:00,14:00:00,CLASS,8,26,Room-13,NULL,1,2026-09-01 10:59:33,1,2026-09-01 10:59:33,NULL,0x000000000000302A,NULL
769,13,2026-08-28,9,Afternoon Break,14:00:00,14:15:00,BREAK,NULL,NULL,NULL,Afternoon Break,1,2026-09-01 10:59:33,1,2026-09-01 10:59:33,NULL,0x000000000000302B,NULL
770,13,2026-08-28,10,Period 7,14:15:00,15:00:00,CLASS,8,26,Room-13,NULL,1,2026-09-01 10:59:33,1,2026-09-01 10:59:33,NULL,0x000000000000302C,NULL
771,13,2026-08-29,1,Period 1,08:30:00,09:15:00,CLASS,7,25,Room-13,NULL,1,2026-09-01 10:59:33,1,2026-09-01 10:59:33,NULL,0x000000000000302D,NULL
772,13,2026-08-29,2,Period 2,09:15:00,10:00:00,CLASS,8,26,Room-13,NULL,1,2026-09-01 10:59:33,1,2026-09-01 10:59:33,NULL,0x000000000000302E,NULL
773,13,2026-08-29,3,Morning Break,10:00:00,10:15:00,BREAK,NULL,NULL,NULL,Morning Break,1,2026-09-01 10:59:33,1,2026-09-01 10:59:33,NULL,0x000000000000302F,NULL
774,13,2026-08-29,4,Period 3,10:15:00,11:00:00,CLASS,7,25,Room-13,NULL,1,2026-09-01 10:59:33,1,2026-09-01 10:59:33,NULL,0x0000000000003030,NULL
775,13,2026-08-29,5,Period 4,11:00:00,11:45:00,CLASS,8,26,Room-13,NULL,1,2026-09-01 10:59:33,1,2026-09-01 10:59:33,NULL,0x0000000000003031,NULL
776,13,2026-08-29,6,Lunch Break,11:45:00,12:30:00,LUNCH,NULL,NULL,NULL,Lunch Break,1,2026-09-01 10:59:33,1,2026-09-01 10:59:33,NULL,0x0000000000003032,NULL
777,13,2026-08-29,7,Period 5,12:30:00,13:15:00,CLASS,7,25,Room-13,NULL,1,2026-09-01 10:59:33,1,2026-09-01 10:59:33,NULL,0x0000000000003033,NULL
778,13,2026-08-29,8,Period 6,13:15:00,14:00:00,CLASS,8,26,Room-13,NULL,1,2026-09-01 10:59:33,1,2026-09-01 10:59:33,NULL,0x0000000000003034,NULL
779,13,2026-08-29,9,Afternoon Break,14:00:00,14:15:00,BREAK,NULL,NULL,NULL,Afternoon Break,1,2026-09-01 10:59:33,1,2026-09-01 10:59:33,NULL,0x0000000000003035,NULL
780,13,2026-08-29,10,Period 7,14:15:00,15:00:00,CLASS,8,26,Room-13,NULL,1,2026-09-01 10:59:33,1,2026-09-01 10:59:33,NULL,0x0000000000003036,NULL
781,14,2026-08-24,1,Period 1,08:30:00,09:15:00,CLASS,7,27,Room-14,NULL,1,2026-09-01 10:59:33,1,2026-09-01 10:59:33,NULL,0x0000000000003037,NULL
782,14,2026-08-24,2,Period 2,09:15:00,10:00:00,CLASS,8,28,Room-14,NULL,1,2026-09-01 10:59:33,1,2026-09-01 10:59:33,NULL,0x0000000000003038,NULL
783,14,2026-08-24,3,Morning Break,10:00:00,10:15:00,BREAK,NULL,NULL,NULL,Morning Break,1,2026-09-01 10:59:33,1,2026-09-01 10:59:33,NULL,0x0000000000003039,NULL
784,14,2026-08-24,4,Period 3,10:15:00,11:00:00,CLASS,7,27,Room-14,NULL,1,2026-09-01 10:59:33,1,2026-09-01 10:59:33,NULL,0x000000000000303A,NULL
785,14,2026-08-24,5,Period 4,11:00:00,11:45:00,CLASS,8,28,Room-14,NULL,1,2026-09-01 10:59:33,1,2026-09-01 10:59:33,NULL,0x000000000000303B,NULL
786,14,2026-08-24,6,Lunch Break,11:45:00,12:30:00,LUNCH,NULL,NULL,NULL,Lunch Break,1,2026-09-01 10:59:33,1,2026-09-01 10:59:33,NULL,0x000000000000303C,NULL
787,14,2026-08-24,7,Period 5,12:30:00,13:15:00,CLASS,7,27,Room-14,NULL,1,2026-09-01 10:59:33,1,2026-09-01 10:59:33,NULL,0x000000000000303D,NULL
788,14,2026-08-24,8,Period 6,13:15:00,14:00:00,CLASS,8,28,Room-14,NULL,1,2026-09-01 10:59:33,1,2026-09-01 10:59:33,NULL,0x000000000000303E,NULL
789,14,2026-08-24,9,Afternoon Break,14:00:00,14:15:00,BREAK,NULL,NULL,NULL,Afternoon Break,1,2026-09-01 10:59:33,1,2026-09-01 10:59:33,NULL,0x000000000000303F,NULL
790,14,2026-08-24,10,Period 7,14:15:00,15:00:00,CLASS,8,28,Room-14,NULL,1,2026-09-01 10:59:33,1,2026-09-01 10:59:33,NULL,0x0000000000003040,NULL
791,14,2026-08-25,1,Period 1,08:30:00,09:15:00,CLASS,7,27,Room-14,NULL,1,2026-09-01 10:59:33,1,2026-09-01 10:59:33,NULL,0x0000000000003041,NULL
792,14,2026-08-25,2,Period 2,09:15:00,10:00:00,CLASS,8,28,Room-14,NULL,1,2026-09-01 10:59:33,1,2026-09-01 10:59:33,NULL,0x0000000000003042,NULL
793,14,2026-08-25,3,Morning Break,10:00:00,10:15:00,BREAK,NULL,NULL,NULL,Morning Break,1,2026-09-01 10:59:33,1,2026-09-01 10:59:33,NULL,0x0000000000003043,NULL
794,14,2026-08-25,4,Period 3,10:15:00,11:00:00,CLASS,7,27,Room-14,NULL,1,2026-09-01 10:59:33,1,2026-09-01 10:59:33,NULL,0x0000000000003044,NULL
795,14,2026-08-25,5,Period 4,11:00:00,11:45:00,CLASS,8,28,Room-14,NULL,1,2026-09-01 10:59:33,1,2026-09-01 10:59:33,NULL,0x0000000000003045,NULL
796,14,2026-08-25,6,Lunch Break,11:45:00,12:30:00,LUNCH,NULL,NULL,NULL,Lunch Break,1,2026-09-01 10:59:33,1,2026-09-01 10:59:33,NULL,0x0000000000003046,NULL
797,14,2026-08-25,7,Period 5,12:30:00,13:15:00,CLASS,7,27,Room-14,NULL,1,2026-09-01 10:59:33,1,2026-09-01 10:59:33,NULL,0x0000000000003047,NULL
798,14,2026-08-25,8,Period 6,13:15:00,14:00:00,CLASS,8,28,Room-14,NULL,1,2026-09-01 10:59:33,1,2026-09-01 10:59:33,NULL,0x0000000000003048,NULL
799,14,2026-08-25,9,Afternoon Break,14:00:00,14:15:00,BREAK,NULL,NULL,NULL,Afternoon Break,1,2026-09-01 10:59:33,1,2026-09-01 10:59:33,NULL,0x0000000000003049,NULL
800,14,2026-08-25,10,Period 7,14:15:00,15:00:00,CLASS,8,28,Room-14,NULL,1,2026-09-01 10:59:33,1,2026-09-01 10:59:33,NULL,0x000000000000304A,NULL
801,14,2026-08-26,1,Period 1,08:30:00,09:15:00,CLASS,7,27,Room-14,NULL,1,2026-09-01 10:59:33,1,2026-09-01 10:59:33,NULL,0x000000000000304B,NULL
802,14,2026-08-26,2,Period 2,09:15:00,10:00:00,CLASS,8,28,Room-14,NULL,1,2026-09-01 10:59:33,1,2026-09-01 10:59:33,NULL,0x000000000000304C,NULL
803,14,2026-08-26,3,Morning Break,10:00:00,10:15:00,BREAK,NULL,NULL,NULL,Morning Break,1,2026-09-01 10:59:33,1,2026-09-01 10:59:33,NULL,0x000000000000304D,NULL
804,14,2026-08-26,4,Period 3,10:15:00,11:00:00,CLASS,7,27,Room-14,NULL,1,2026-09-01 10:59:33,1,2026-09-01 10:59:33,NULL,0x000000000000304E,NULL
805,14,2026-08-26,5,Period 4,11:00:00,11:45:00,CLASS,8,28,Room-14,NULL,1,2026-09-01 10:59:33,1,2026-09-01 10:59:33,NULL,0x000000000000304F,NULL
806,14,2026-08-26,6,Lunch Break,11:45:00,12:30:00,LUNCH,NULL,NULL,NULL,Lunch Break,1,2026-09-01 10:59:33,1,2026-09-01 10:59:33,NULL,0x0000000000003050,NULL
807,14,2026-08-26,7,Period 5,12:30:00,13:15:00,CLASS,7,27,Room-14,NULL,1,2026-09-01 10:59:33,1,2026-09-01 10:59:33,NULL,0x0000000000003051,NULL
808,14,2026-08-26,8,Period 6,13:15:00,14:00:00,CLASS,8,28,Room-14,NULL,1,2026-09-01 10:59:33,1,2026-09-01 10:59:33,NULL,0x0000000000003052,NULL
809,14,2026-08-26,9,Afternoon Break,14:00:00,14:15:00,BREAK,NULL,NULL,NULL,Afternoon Break,1,2026-09-01 10:59:33,1,2026-09-01 10:59:33,NULL,0x0000000000003053,NULL
810,14,2026-08-26,10,Period 7,14:15:00,15:00:00,CLASS,8,28,Room-14,NULL,1,2026-09-01 10:59:33,1,2026-09-01 10:59:33,NULL,0x0000000000003054,NULL
811,14,2026-08-27,1,Period 1,08:30:00,09:15:00,CLASS,7,27,Room-14,NULL,1,2026-09-01 10:59:33,1,2026-09-01 10:59:33,NULL,0x0000000000003055,NULL
812,14,2026-08-27,2,Period 2,09:15:00,10:00:00,CLASS,8,28,Room-14,NULL,1,2026-09-01 10:59:33,1,2026-09-01 10:59:33,NULL,0x0000000000003056,NULL
813,14,2026-08-27,3,Morning Break,10:00:00,10:15:00,BREAK,NULL,NULL,NULL,Morning Break,1,2026-09-01 10:59:33,1,2026-09-01 10:59:33,NULL,0x0000000000003057,NULL
814,14,2026-08-27,4,Period 3,10:15:00,11:00:00,CLASS,7,27,Room-14,NULL,1,2026-09-01 10:59:33,1,2026-09-01 10:59:33,NULL,0x0000000000003058,NULL
815,14,2026-08-27,5,Period 4,11:00:00,11:45:00,CLASS,8,28,Room-14,NULL,1,2026-09-01 10:59:33,1,2026-09-01 10:59:33,NULL,0x0000000000003059,NULL
816,14,2026-08-27,6,Lunch Break,11:45:00,12:30:00,LUNCH,NULL,NULL,NULL,Lunch Break,1,2026-09-01 10:59:33,1,2026-09-01 10:59:33,NULL,0x000000000000305A,NULL
817,14,2026-08-27,7,Period 5,12:30:00,13:15:00,CLASS,7,27,Room-14,NULL,1,2026-09-01 10:59:33,1,2026-09-01 10:59:33,NULL,0x000000000000305B,NULL
818,14,2026-08-27,8,Period 6,13:15:00,14:00:00,CLASS,8,28,Room-14,NULL,1,2026-09-01 10:59:33,1,2026-09-01 10:59:33,NULL,0x000000000000305C,NULL
819,14,2026-08-27,9,Afternoon Break,14:00:00,14:15:00,BREAK,NULL,NULL,NULL,Afternoon Break,1,2026-09-01 10:59:33,1,2026-09-01 10:59:33,NULL,0x000000000000305D,NULL
820,14,2026-08-27,10,Period 7,14:15:00,15:00:00,CLASS,8,28,Room-14,NULL,1,2026-09-01 10:59:33,1,2026-09-01 10:59:33,NULL,0x000000000000305E,NULL
821,14,2026-08-28,1,Period 1,08:30:00,09:15:00,CLASS,7,27,Room-14,NULL,1,2026-09-01 10:59:33,1,2026-09-01 10:59:33,NULL,0x000000000000305F,NULL
822,14,2026-08-28,2,Period 2,09:15:00,10:00:00,CLASS,8,28,Room-14,NULL,1,2026-09-01 10:59:33,1,2026-09-01 10:59:33,NULL,0x0000000000003060,NULL
823,14,2026-08-28,3,Morning Break,10:00:00,10:15:00,BREAK,NULL,NULL,NULL,Morning Break,1,2026-09-01 10:59:33,1,2026-09-01 10:59:33,NULL,0x0000000000003061,NULL
824,14,2026-08-28,4,Period 3,10:15:00,11:00:00,CLASS,7,27,Room-14,NULL,1,2026-09-01 10:59:33,1,2026-09-01 10:59:33,NULL,0x0000000000003062,NULL
825,14,2026-08-28,5,Period 4,11:00:00,11:45:00,CLASS,8,28,Room-14,NULL,1,2026-09-01 10:59:33,1,2026-09-01 10:59:33,NULL,0x0000000000003063,NULL
826,14,2026-08-28,6,Lunch Break,11:45:00,12:30:00,LUNCH,NULL,NULL,NULL,Lunch Break,1,2026-09-01 10:59:33,1,2026-09-01 10:59:33,NULL,0x0000000000003064,NULL
827,14,2026-08-28,7,Period 5,12:30:00,13:15:00,CLASS,7,27,Room-14,NULL,1,2026-09-01 10:59:33,1,2026-09-01 10:59:33,NULL,0x0000000000003065,NULL
828,14,2026-08-28,8,Period 6,13:15:00,14:00:00,CLASS,8,28,Room-14,NULL,1,2026-09-01 10:59:33,1,2026-09-01 10:59:33,NULL,0x0000000000003066,NULL
829,14,2026-08-28,9,Afternoon Break,14:00:00,14:15:00,BREAK,NULL,NULL,NULL,Afternoon Break,1,2026-09-01 10:59:33,1,2026-09-01 10:59:33,NULL,0x0000000000003067,NULL
830,14,2026-08-28,10,Period 7,14:15:00,15:00:00,CLASS,8,28,Room-14,NULL,1,2026-09-01 10:59:33,1,2026-09-01 10:59:33,NULL,0x0000000000003068,NULL
831,14,2026-08-29,1,Period 1,08:30:00,09:15:00,CLASS,7,27,Room-14,NULL,1,2026-09-01 10:59:33,1,2026-09-01 10:59:33,NULL,0x0000000000003069,NULL
832,14,2026-08-29,2,Period 2,09:15:00,10:00:00,CLASS,8,28,Room-14,NULL,1,2026-09-01 10:59:33,1,2026-09-01 10:59:33,NULL,0x000000000000306A,NULL
833,14,2026-08-29,3,Morning Break,10:00:00,10:15:00,BREAK,NULL,NULL,NULL,Morning Break,1,2026-09-01 10:59:33,1,2026-09-01 10:59:33,NULL,0x000000000000306B,NULL
834,14,2026-08-29,4,Period 3,10:15:00,11:00:00,CLASS,7,27,Room-14,NULL,1,2026-09-01 10:59:33,1,2026-09-01 10:59:33,NULL,0x000000000000306C,NULL
835,14,2026-08-29,5,Period 4,11:00:00,11:45:00,CLASS,8,28,Room-14,NULL,1,2026-09-01 10:59:33,1,2026-09-01 10:59:33,NULL,0x000000000000306D,NULL
836,14,2026-08-29,6,Lunch Break,11:45:00,12:30:00,LUNCH,NULL,NULL,NULL,Lunch Break,1,2026-09-01 10:59:33,1,2026-09-01 10:59:33,NULL,0x000000000000306E,NULL
837,14,2026-08-29,7,Period 5,12:30:00,13:15:00,CLASS,7,27,Room-14,NULL,1,2026-09-01 10:59:33,1,2026-09-01 10:59:33,NULL,0x000000000000306F,NULL
838,14,2026-08-29,8,Period 6,13:15:00,14:00:00,CLASS,8,28,Room-14,NULL,1,2026-09-01 10:59:33,1,2026-09-01 10:59:33,NULL,0x0000000000003070,NULL
839,14,2026-08-29,9,Afternoon Break,14:00:00,14:15:00,BREAK,NULL,NULL,NULL,Afternoon Break,1,2026-09-01 10:59:33,1,2026-09-01 10:59:33,NULL,0x0000000000003071,NULL
840,14,2026-08-29,10,Period 7,14:15:00,15:00:00,CLASS,8,28,Room-14,NULL,1,2026-09-01 10:59:33,1,2026-09-01 10:59:33,NULL,0x0000000000003072,NULL
841,15,2026-08-24,1,Period 1,08:30:00,09:15:00,CLASS,7,29,Room-15,NULL,1,2026-09-01 10:59:33,1,2026-09-01 10:59:33,NULL,0x0000000000003073,NULL
842,15,2026-08-24,2,Period 2,09:15:00,10:00:00,CLASS,8,30,Room-15,NULL,1,2026-09-01 10:59:33,1,2026-09-01 10:59:33,NULL,0x0000000000003074,NULL
843,15,2026-08-24,3,Morning Break,10:00:00,10:15:00,BREAK,NULL,NULL,NULL,Morning Break,1,2026-09-01 10:59:33,1,2026-09-01 10:59:33,NULL,0x0000000000003075,NULL
844,15,2026-08-24,4,Period 3,10:15:00,11:00:00,CLASS,7,29,Room-15,NULL,1,2026-09-01 10:59:33,1,2026-09-01 10:59:33,NULL,0x0000000000003076,NULL
845,15,2026-08-24,5,Period 4,11:00:00,11:45:00,CLASS,8,30,Room-15,NULL,1,2026-09-01 10:59:33,1,2026-09-01 10:59:33,NULL,0x0000000000003077,NULL
846,15,2026-08-24,6,Lunch Break,11:45:00,12:30:00,LUNCH,NULL,NULL,NULL,Lunch Break,1,2026-09-01 10:59:33,1,2026-09-01 10:59:33,NULL,0x0000000000003078,NULL
847,15,2026-08-24,7,Period 5,12:30:00,13:15:00,CLASS,7,29,Room-15,NULL,1,2026-09-01 10:59:33,1,2026-09-01 10:59:33,NULL,0x0000000000003079,NULL
848,15,2026-08-24,8,Period 6,13:15:00,14:00:00,CLASS,8,30,Room-15,NULL,1,2026-09-01 10:59:33,1,2026-09-01 10:59:33,NULL,0x000000000000307A,NULL
849,15,2026-08-24,9,Afternoon Break,14:00:00,14:15:00,BREAK,NULL,NULL,NULL,Afternoon Break,1,2026-09-01 10:59:33,1,2026-09-01 10:59:33,NULL,0x000000000000307B,NULL
850,15,2026-08-24,10,Period 7,14:15:00,15:00:00,CLASS,8,30,Room-15,NULL,1,2026-09-01 10:59:33,1,2026-09-01 10:59:33,NULL,0x000000000000307C,NULL
851,15,2026-08-25,1,Period 1,08:30:00,09:15:00,CLASS,7,29,Room-15,NULL,1,2026-09-01 10:59:33,1,2026-09-01 10:59:33,NULL,0x000000000000307D,NULL
852,15,2026-08-25,2,Period 2,09:15:00,10:00:00,CLASS,8,30,Room-15,NULL,1,2026-09-01 10:59:33,1,2026-09-01 10:59:33,NULL,0x000000000000307E,NULL
853,15,2026-08-25,3,Morning Break,10:00:00,10:15:00,BREAK,NULL,NULL,NULL,Morning Break,1,2026-09-01 10:59:33,1,2026-09-01 10:59:33,NULL,0x000000000000307F,NULL
854,15,2026-08-25,4,Period 3,10:15:00,11:00:00,CLASS,7,29,Room-15,NULL,1,2026-09-01 10:59:33,1,2026-09-01 10:59:33,NULL,0x0000000000003080,NULL
855,15,2026-08-25,5,Period 4,11:00:00,11:45:00,CLASS,8,30,Room-15,NULL,1,2026-09-01 10:59:33,1,2026-09-01 10:59:33,NULL,0x0000000000003081,NULL
856,15,2026-08-25,6,Lunch Break,11:45:00,12:30:00,LUNCH,NULL,NULL,NULL,Lunch Break,1,2026-09-01 10:59:33,1,2026-09-01 10:59:33,NULL,0x0000000000003082,NULL
857,15,2026-08-25,7,Period 5,12:30:00,13:15:00,CLASS,7,29,Room-15,NULL,1,2026-09-01 10:59:33,1,2026-09-01 10:59:33,NULL,0x0000000000003083,NULL
858,15,2026-08-25,8,Period 6,13:15:00,14:00:00,CLASS,8,30,Room-15,NULL,1,2026-09-01 10:59:33,1,2026-09-01 10:59:33,NULL,0x0000000000003084,NULL
859,15,2026-08-25,9,Afternoon Break,14:00:00,14:15:00,BREAK,NULL,NULL,NULL,Afternoon Break,1,2026-09-01 10:59:33,1,2026-09-01 10:59:33,NULL,0x0000000000003085,NULL
860,15,2026-08-25,10,Period 7,14:15:00,15:00:00,CLASS,8,30,Room-15,NULL,1,2026-09-01 10:59:33,1,2026-09-01 10:59:33,NULL,0x0000000000003086,NULL
861,15,2026-08-26,1,Period 1,08:30:00,09:15:00,CLASS,7,29,Room-15,NULL,1,2026-09-01 10:59:33,1,2026-09-01 10:59:33,NULL,0x0000000000003087,NULL
862,15,2026-08-26,2,Period 2,09:15:00,10:00:00,CLASS,8,30,Room-15,NULL,1,2026-09-01 10:59:33,1,2026-09-01 10:59:33,NULL,0x0000000000003088,NULL
863,15,2026-08-26,3,Morning Break,10:00:00,10:15:00,BREAK,NULL,NULL,NULL,Morning Break,1,2026-09-01 10:59:33,1,2026-09-01 10:59:33,NULL,0x0000000000003089,NULL
864,15,2026-08-26,4,Period 3,10:15:00,11:00:00,CLASS,7,29,Room-15,NULL,1,2026-09-01 10:59:33,1,2026-09-01 10:59:33,NULL,0x000000000000308A,NULL
865,15,2026-08-26,5,Period 4,11:00:00,11:45:00,CLASS,8,30,Room-15,NULL,1,2026-09-01 10:59:33,1,2026-09-01 10:59:33,NULL,0x000000000000308B,NULL
866,15,2026-08-26,6,Lunch Break,11:45:00,12:30:00,LUNCH,NULL,NULL,NULL,Lunch Break,1,2026-09-01 10:59:33,1,2026-09-01 10:59:33,NULL,0x000000000000308C,NULL
867,15,2026-08-26,7,Period 5,12:30:00,13:15:00,CLASS,7,29,Room-15,NULL,1,2026-09-01 10:59:33,1,2026-09-01 10:59:33,NULL,0x000000000000308D,NULL
868,15,2026-08-26,8,Period 6,13:15:00,14:00:00,CLASS,8,30,Room-15,NULL,1,2026-09-01 10:59:33,1,2026-09-01 10:59:33,NULL,0x000000000000308E,NULL
869,15,2026-08-26,9,Afternoon Break,14:00:00,14:15:00,BREAK,NULL,NULL,NULL,Afternoon Break,1,2026-09-01 10:59:33,1,2026-09-01 10:59:33,NULL,0x000000000000308F,NULL
870,15,2026-08-26,10,Period 7,14:15:00,15:00:00,CLASS,8,30,Room-15,NULL,1,2026-09-01 10:59:33,1,2026-09-01 10:59:33,NULL,0x0000000000003090,NULL
871,15,2026-08-27,1,Period 1,08:30:00,09:15:00,CLASS,7,29,Room-15,NULL,1,2026-09-01 10:59:33,1,2026-09-01 10:59:33,NULL,0x0000000000003091,NULL
872,15,2026-08-27,2,Period 2,09:15:00,10:00:00,CLASS,8,30,Room-15,NULL,1,2026-09-01 10:59:33,1,2026-09-01 10:59:33,NULL,0x0000000000003092,NULL
873,15,2026-08-27,3,Morning Break,10:00:00,10:15:00,BREAK,NULL,NULL,NULL,Morning Break,1,2026-09-01 10:59:33,1,2026-09-01 10:59:33,NULL,0x0000000000003093,NULL
874,15,2026-08-27,4,Period 3,10:15:00,11:00:00,CLASS,7,29,Room-15,NULL,1,2026-09-01 10:59:33,1,2026-09-01 10:59:33,NULL,0x0000000000003094,NULL
875,15,2026-08-27,5,Period 4,11:00:00,11:45:00,CLASS,8,30,Room-15,NULL,1,2026-09-01 10:59:33,1,2026-09-01 10:59:33,NULL,0x0000000000003095,NULL
876,15,2026-08-27,6,Lunch Break,11:45:00,12:30:00,LUNCH,NULL,NULL,NULL,Lunch Break,1,2026-09-01 10:59:33,1,2026-09-01 10:59:33,NULL,0x0000000000003096,NULL
877,15,2026-08-27,7,Period 5,12:30:00,13:15:00,CLASS,7,29,Room-15,NULL,1,2026-09-01 10:59:33,1,2026-09-01 10:59:33,NULL,0x0000000000003097,NULL
878,15,2026-08-27,8,Period 6,13:15:00,14:00:00,CLASS,8,30,Room-15,NULL,1,2026-09-01 10:59:33,1,2026-09-01 10:59:33,NULL,0x0000000000003098,NULL
879,15,2026-08-27,9,Afternoon Break,14:00:00,14:15:00,BREAK,NULL,NULL,NULL,Afternoon Break,1,2026-09-01 10:59:33,1,2026-09-01 10:59:33,NULL,0x0000000000003099,NULL
880,15,2026-08-27,10,Period 7,14:15:00,15:00:00,CLASS,8,30,Room-15,NULL,1,2026-09-01 10:59:33,1,2026-09-01 10:59:33,NULL,0x000000000000309A,NULL
881,15,2026-08-28,1,Period 1,08:30:00,09:15:00,CLASS,7,29,Room-15,NULL,1,2026-09-01 10:59:33,1,2026-09-01 10:59:33,NULL,0x000000000000309B,NULL
882,15,2026-08-28,2,Period 2,09:15:00,10:00:00,CLASS,8,30,Room-15,NULL,1,2026-09-01 10:59:33,1,2026-09-01 10:59:33,NULL,0x000000000000309C,NULL
883,15,2026-08-28,3,Morning Break,10:00:00,10:15:00,BREAK,NULL,NULL,NULL,Morning Break,1,2026-09-01 10:59:33,1,2026-09-01 10:59:33,NULL,0x000000000000309D,NULL
884,15,2026-08-28,4,Period 3,10:15:00,11:00:00,CLASS,7,29,Room-15,NULL,1,2026-09-01 10:59:33,1,2026-09-01 10:59:33,NULL,0x000000000000309E,NULL
885,15,2026-08-28,5,Period 4,11:00:00,11:45:00,CLASS,8,30,Room-15,NULL,1,2026-09-01 10:59:33,1,2026-09-01 10:59:33,NULL,0x000000000000309F,NULL
886,15,2026-08-28,6,Lunch Break,11:45:00,12:30:00,LUNCH,NULL,NULL,NULL,Lunch Break,1,2026-09-01 10:59:33,1,2026-09-01 10:59:33,NULL,0x00000000000030A0,NULL
887,15,2026-08-28,7,Period 5,12:30:00,13:15:00,CLASS,7,29,Room-15,NULL,1,2026-09-01 10:59:33,1,2026-09-01 10:59:33,NULL,0x00000000000030A1,NULL
888,15,2026-08-28,8,Period 6,13:15:00,14:00:00,CLASS,8,30,Room-15,NULL,1,2026-09-01 10:59:33,1,2026-09-01 10:59:33,NULL,0x00000000000030A2,NULL
889,15,2026-08-28,9,Afternoon Break,14:00:00,14:15:00,BREAK,NULL,NULL,NULL,Afternoon Break,1,2026-09-01 10:59:33,1,2026-09-01 10:59:33,NULL,0x00000000000030A3,NULL
890,15,2026-08-28,10,Period 7,14:15:00,15:00:00,CLASS,8,30,Room-15,NULL,1,2026-09-01 10:59:33,1,2026-09-01 10:59:33,NULL,0x00000000000030A4,NULL
891,15,2026-08-29,1,Period 1,08:30:00,09:15:00,CLASS,7,29,Room-15,NULL,1,2026-09-01 10:59:33,1,2026-09-01 10:59:33,NULL,0x00000000000030A5,NULL
892,15,2026-08-29,2,Period 2,09:15:00,10:00:00,CLASS,8,30,Room-15,NULL,1,2026-09-01 10:59:33,1,2026-09-01 10:59:33,NULL,0x00000000000030A6,NULL
893,15,2026-08-29,3,Morning Break,10:00:00,10:15:00,BREAK,NULL,NULL,NULL,Morning Break,1,2026-09-01 10:59:33,1,2026-09-01 10:59:33,NULL,0x00000000000030A7,NULL
894,15,2026-08-29,4,Period 3,10:15:00,11:00:00,CLASS,7,29,Room-15,NULL,1,2026-09-01 10:59:33,1,2026-09-01 10:59:33,NULL,0x00000000000030A8,NULL
895,15,2026-08-29,5,Period 4,11:00:00,11:45:00,CLASS,8,30,Room-15,NULL,1,2026-09-01 10:59:33,1,2026-09-01 10:59:33,NULL,0x00000000000030A9,NULL
896,15,2026-08-29,6,Lunch Break,11:45:00,12:30:00,LUNCH,NULL,NULL,NULL,Lunch Break,1,2026-09-01 10:59:33,1,2026-09-01 10:59:33,NULL,0x00000000000030AA,NULL
897,15,2026-08-29,7,Period 5,12:30:00,13:15:00,CLASS,7,29,Room-15,NULL,1,2026-09-01 10:59:33,1,2026-09-01 10:59:33,NULL,0x00000000000030AB,NULL
898,15,2026-08-29,8,Period 6,13:15:00,14:00:00,CLASS,8,30,Room-15,NULL,1,2026-09-01 10:59:33,1,2026-09-01 10:59:33,NULL,0x00000000000030AC,NULL
899,15,2026-08-29,9,Afternoon Break,14:00:00,14:15:00,BREAK,NULL,NULL,NULL,Afternoon Break,1,2026-09-01 10:59:33,1,2026-09-01 10:59:33,NULL,0x00000000000030AD,NULL
900,15,2026-08-29,10,Period 7,14:15:00,15:00:00,CLASS,8,30,Room-15,NULL,1,2026-09-01 10:59:33,1,2026-09-01 10:59:33,NULL,0x00000000000030AE,NULL
901,16,2026-08-24,1,Period 1,08:30:00,09:15:00,CLASS,7,31,Room-16,NULL,1,2026-09-01 10:59:33,1,2026-09-01 10:59:33,NULL,0x00000000000030AF,NULL
902,16,2026-08-24,2,Period 2,09:15:00,10:00:00,CLASS,8,32,Room-16,NULL,1,2026-09-01 10:59:33,1,2026-09-01 10:59:33,NULL,0x00000000000030B0,NULL
903,16,2026-08-24,3,Morning Break,10:00:00,10:15:00,BREAK,NULL,NULL,NULL,Morning Break,1,2026-09-01 10:59:33,1,2026-09-01 10:59:33,NULL,0x00000000000030B1,NULL
904,16,2026-08-24,4,Period 3,10:15:00,11:00:00,CLASS,7,31,Room-16,NULL,1,2026-09-01 10:59:33,1,2026-09-01 10:59:33,NULL,0x00000000000030B2,NULL
905,16,2026-08-24,5,Period 4,11:00:00,11:45:00,CLASS,8,32,Room-16,NULL,1,2026-09-01 10:59:33,1,2026-09-01 10:59:33,NULL,0x00000000000030B3,NULL
906,16,2026-08-24,6,Lunch Break,11:45:00,12:30:00,LUNCH,NULL,NULL,NULL,Lunch Break,1,2026-09-01 10:59:33,1,2026-09-01 10:59:33,NULL,0x00000000000030B4,NULL
907,16,2026-08-24,7,Period 5,12:30:00,13:15:00,CLASS,7,31,Room-16,NULL,1,2026-09-01 10:59:33,1,2026-09-01 10:59:33,NULL,0x00000000000030B5,NULL
908,16,2026-08-24,8,Period 6,13:15:00,14:00:00,CLASS,8,32,Room-16,NULL,1,2026-09-01 10:59:33,1,2026-09-01 10:59:33,NULL,0x00000000000030B6,NULL
909,16,2026-08-24,9,Afternoon Break,14:00:00,14:15:00,BREAK,NULL,NULL,NULL,Afternoon Break,1,2026-09-01 10:59:33,1,2026-09-01 10:59:33,NULL,0x00000000000030B7,NULL
910,16,2026-08-24,10,Period 7,14:15:00,15:00:00,CLASS,8,32,Room-16,NULL,1,2026-09-01 10:59:33,1,2026-09-01 10:59:33,NULL,0x00000000000030B8,NULL
911,16,2026-08-25,1,Period 1,08:30:00,09:15:00,CLASS,7,31,Room-16,NULL,1,2026-09-01 10:59:33,1,2026-09-01 10:59:33,NULL,0x00000000000030B9,NULL
912,16,2026-08-25,2,Period 2,09:15:00,10:00:00,CLASS,8,32,Room-16,NULL,1,2026-09-01 10:59:33,1,2026-09-01 10:59:33,NULL,0x00000000000030BA,NULL
913,16,2026-08-25,3,Morning Break,10:00:00,10:15:00,BREAK,NULL,NULL,NULL,Morning Break,1,2026-09-01 10:59:33,1,2026-09-01 10:59:33,NULL,0x00000000000030BB,NULL
914,16,2026-08-25,4,Period 3,10:15:00,11:00:00,CLASS,7,31,Room-16,NULL,1,2026-09-01 10:59:33,1,2026-09-01 10:59:33,NULL,0x00000000000030BC,NULL
915,16,2026-08-25,5,Period 4,11:00:00,11:45:00,CLASS,8,32,Room-16,NULL,1,2026-09-01 10:59:33,1,2026-09-01 10:59:33,NULL,0x00000000000030BD,NULL
916,16,2026-08-25,6,Lunch Break,11:45:00,12:30:00,LUNCH,NULL,NULL,NULL,Lunch Break,1,2026-09-01 10:59:33,1,2026-09-01 10:59:33,NULL,0x00000000000030BE,NULL
917,16,2026-08-25,7,Period 5,12:30:00,13:15:00,CLASS,7,31,Room-16,NULL,1,2026-09-01 10:59:33,1,2026-09-01 10:59:33,NULL,0x00000000000030BF,NULL
918,16,2026-08-25,8,Period 6,13:15:00,14:00:00,CLASS,8,32,Room-16,NULL,1,2026-09-01 10:59:33,1,2026-09-01 10:59:33,NULL,0x00000000000030C0,NULL
919,16,2026-08-25,9,Afternoon Break,14:00:00,14:15:00,BREAK,NULL,NULL,NULL,Afternoon Break,1,2026-09-01 10:59:33,1,2026-09-01 10:59:33,NULL,0x00000000000030C1,NULL
920,16,2026-08-25,10,Period 7,14:15:00,15:00:00,CLASS,8,32,Room-16,NULL,1,2026-09-01 10:59:33,1,2026-09-01 10:59:33,NULL,0x00000000000030C2,NULL
921,16,2026-08-26,1,Period 1,08:30:00,09:15:00,CLASS,7,31,Room-16,NULL,1,2026-09-01 10:59:33,1,2026-09-01 10:59:33,NULL,0x00000000000030C3,NULL
922,16,2026-08-26,2,Period 2,09:15:00,10:00:00,CLASS,8,32,Room-16,NULL,1,2026-09-01 10:59:33,1,2026-09-01 10:59:33,NULL,0x00000000000030C4,NULL
923,16,2026-08-26,3,Morning Break,10:00:00,10:15:00,BREAK,NULL,NULL,NULL,Morning Break,1,2026-09-01 10:59:33,1,2026-09-01 10:59:33,NULL,0x00000000000030C5,NULL
924,16,2026-08-26,4,Period 3,10:15:00,11:00:00,CLASS,7,31,Room-16,NULL,1,2026-09-01 10:59:33,1,2026-09-01 10:59:33,NULL,0x00000000000030C6,NULL
925,16,2026-08-26,5,Period 4,11:00:00,11:45:00,CLASS,8,32,Room-16,NULL,1,2026-09-01 10:59:33,1,2026-09-01 10:59:33,NULL,0x00000000000030C7,NULL
926,16,2026-08-26,6,Lunch Break,11:45:00,12:30:00,LUNCH,NULL,NULL,NULL,Lunch Break,1,2026-09-01 10:59:33,1,2026-09-01 10:59:33,NULL,0x00000000000030C8,NULL
927,16,2026-08-26,7,Period 5,12:30:00,13:15:00,CLASS,7,31,Room-16,NULL,1,2026-09-01 10:59:33,1,2026-09-01 10:59:33,NULL,0x00000000000030C9,NULL
928,16,2026-08-26,8,Period 6,13:15:00,14:00:00,CLASS,8,32,Room-16,NULL,1,2026-09-01 10:59:33,1,2026-09-01 10:59:33,NULL,0x00000000000030CA,NULL
929,16,2026-08-26,9,Afternoon Break,14:00:00,14:15:00,BREAK,NULL,NULL,NULL,Afternoon Break,1,2026-09-01 10:59:33,1,2026-09-01 10:59:33,NULL,0x00000000000030CB,NULL
930,16,2026-08-26,10,Period 7,14:15:00,15:00:00,CLASS,8,32,Room-16,NULL,1,2026-09-01 10:59:33,1,2026-09-01 10:59:33,NULL,0x00000000000030CC,NULL
931,16,2026-08-27,1,Period 1,08:30:00,09:15:00,CLASS,7,31,Room-16,NULL,1,2026-09-01 10:59:33,1,2026-09-01 10:59:33,NULL,0x00000000000030CD,NULL
932,16,2026-08-27,2,Period 2,09:15:00,10:00:00,CLASS,8,32,Room-16,NULL,1,2026-09-01 10:59:33,1,2026-09-01 10:59:33,NULL,0x00000000000030CE,NULL
933,16,2026-08-27,3,Morning Break,10:00:00,10:15:00,BREAK,NULL,NULL,NULL,Morning Break,1,2026-09-01 10:59:33,1,2026-09-01 10:59:33,NULL,0x00000000000030CF,NULL
934,16,2026-08-27,4,Period 3,10:15:00,11:00:00,CLASS,7,31,Room-16,NULL,1,2026-09-01 10:59:33,1,2026-09-01 10:59:33,NULL,0x00000000000030D0,NULL
935,16,2026-08-27,5,Period 4,11:00:00,11:45:00,CLASS,8,32,Room-16,NULL,1,2026-09-01 10:59:33,1,2026-09-01 10:59:33,NULL,0x00000000000030D1,NULL
936,16,2026-08-27,6,Lunch Break,11:45:00,12:30:00,LUNCH,NULL,NULL,NULL,Lunch Break,1,2026-09-01 10:59:33,1,2026-09-01 10:59:33,NULL,0x00000000000030D2,NULL
937,16,2026-08-27,7,Period 5,12:30:00,13:15:00,CLASS,7,31,Room-16,NULL,1,2026-09-01 10:59:33,1,2026-09-01 10:59:33,NULL,0x00000000000030D3,NULL
938,16,2026-08-27,8,Period 6,13:15:00,14:00:00,CLASS,8,32,Room-16,NULL,1,2026-09-01 10:59:33,1,2026-09-01 10:59:33,NULL,0x00000000000030D4,NULL
939,16,2026-08-27,9,Afternoon Break,14:00:00,14:15:00,BREAK,NULL,NULL,NULL,Afternoon Break,1,2026-09-01 10:59:33,1,2026-09-01 10:59:33,NULL,0x00000000000030D5,NULL
940,16,2026-08-27,10,Period 7,14:15:00,15:00:00,CLASS,8,32,Room-16,NULL,1,2026-09-01 10:59:33,1,2026-09-01 10:59:33,NULL,0x00000000000030D6,NULL
941,16,2026-08-28,1,Period 1,08:30:00,09:15:00,CLASS,7,31,Room-16,NULL,1,2026-09-01 10:59:33,1,2026-09-01 10:59:33,NULL,0x00000000000030D7,NULL
942,16,2026-08-28,2,Period 2,09:15:00,10:00:00,CLASS,8,32,Room-16,NULL,1,2026-09-01 10:59:33,1,2026-09-01 10:59:33,NULL,0x00000000000030D8,NULL
943,16,2026-08-28,3,Morning Break,10:00:00,10:15:00,BREAK,NULL,NULL,NULL,Morning Break,1,2026-09-01 10:59:33,1,2026-09-01 10:59:33,NULL,0x00000000000030D9,NULL
944,16,2026-08-28,4,Period 3,10:15:00,11:00:00,CLASS,7,31,Room-16,NULL,1,2026-09-01 10:59:33,1,2026-09-01 10:59:33,NULL,0x00000000000030DA,NULL
945,16,2026-08-28,5,Period 4,11:00:00,11:45:00,CLASS,8,32,Room-16,NULL,1,2026-09-01 10:59:33,1,2026-09-01 10:59:33,NULL,0x00000000000030DB,NULL
946,16,2026-08-28,6,Lunch Break,11:45:00,12:30:00,LUNCH,NULL,NULL,NULL,Lunch Break,1,2026-09-01 10:59:33,1,2026-09-01 10:59:33,NULL,0x00000000000030DC,NULL
947,16,2026-08-28,7,Period 5,12:30:00,13:15:00,CLASS,7,31,Room-16,NULL,1,2026-09-01 10:59:33,1,2026-09-01 10:59:33,NULL,0x00000000000030DD,NULL
948,16,2026-08-28,8,Period 6,13:15:00,14:00:00,CLASS,8,32,Room-16,NULL,1,2026-09-01 10:59:33,1,2026-09-01 10:59:33,NULL,0x00000000000030DE,NULL
949,16,2026-08-28,9,Afternoon Break,14:00:00,14:15:00,BREAK,NULL,NULL,NULL,Afternoon Break,1,2026-09-01 10:59:33,1,2026-09-01 10:59:33,NULL,0x00000000000030DF,NULL
950,16,2026-08-28,10,Period 7,14:15:00,15:00:00,CLASS,8,32,Room-16,NULL,1,2026-09-01 10:59:33,1,2026-09-01 10:59:33,NULL,0x00000000000030E0,NULL
951,16,2026-08-29,1,Period 1,08:30:00,09:15:00,CLASS,7,31,Room-16,NULL,1,2026-09-01 10:59:33,1,2026-09-01 10:59:33,NULL,0x00000000000030E1,NULL
952,16,2026-08-29,2,Period 2,09:15:00,10:00:00,CLASS,8,32,Room-16,NULL,1,2026-09-01 10:59:33,1,2026-09-01 10:59:33,NULL,0x00000000000030E2,NULL
953,16,2026-08-29,3,Morning Break,10:00:00,10:15:00,BREAK,NULL,NULL,NULL,Morning Break,1,2026-09-01 10:59:33,1,2026-09-01 10:59:33,NULL,0x00000000000030E3,NULL
954,16,2026-08-29,4,Period 3,10:15:00,11:00:00,CLASS,7,31,Room-16,NULL,1,2026-09-01 10:59:33,1,2026-09-01 10:59:33,NULL,0x00000000000030E4,NULL
955,16,2026-08-29,5,Period 4,11:00:00,11:45:00,CLASS,8,32,Room-16,NULL,1,2026-09-01 10:59:33,1,2026-09-01 10:59:33,NULL,0x00000000000030E5,NULL
956,16,2026-08-29,6,Lunch Break,11:45:00,12:30:00,LUNCH,NULL,NULL,NULL,Lunch Break,1,2026-09-01 10:59:33,1,2026-09-01 10:59:33,NULL,0x00000000000030E6,NULL
957,16,2026-08-29,7,Period 5,12:30:00,13:15:00,CLASS,7,31,Room-16,NULL,1,2026-09-01 10:59:33,1,2026-09-01 10:59:33,NULL,0x00000000000030E7,NULL
958,16,2026-08-29,8,Period 6,13:15:00,14:00:00,CLASS,8,32,Room-16,NULL,1,2026-09-01 10:59:33,1,2026-09-01 10:59:33,NULL,0x00000000000030E8,NULL
959,16,2026-08-29,9,Afternoon Break,14:00:00,14:15:00,BREAK,NULL,NULL,NULL,Afternoon Break,1,2026-09-01 10:59:33,1,2026-09-01 10:59:33,NULL,0x00000000000030E9,NULL
960,16,2026-08-29,10,Period 7,14:15:00,15:00:00,CLASS,8,32,Room-16,NULL,1,2026-09-01 10:59:33,1,2026-09-01 10:59:33,NULL,0x00000000000030EA,NULL
