student_attendance_id,school_id,branch_id,academic_year_id,class_id,section_id,student_id,timetable_id,timetable_period_id,attendance_date,subject_id,teacher_id,period_number,start_time,end_time,attendance_status,recorded_at,recorded_by,is_active,created_at,created_by,updated_at,updated_by,row_version
1,1,1,1,1,1,1,1,1,2026-08-24,1,1,1,08:30:00,09:15:00,PRESENT,2026-08-24 08:30:00,1,1,2026-09-01 10:59:33,1,2026-09-01 10:59:33,NULL,0x00000000000030EB
2,1,1,1,1,1,1,1,2,2026-08-24,2,2,2,09:15:00,10:00:00,PRESENT,2026-08-24 09:15:00,1,1,2026-09-01 10:59:33,1,2026-09-01 10:59:33,NULL,0x00000000000030EC
3,1,1,1,1,1,1,1,4,2026-08-24,1,1,4,10:15:00,11:00:00,PRESENT,2026-08-24 10:15:00,1,1,2026-09-01 10:59:33,1,2026-09-01 10:59:33,NULL,0x00000000000030ED
4,1,1,1,1,1,1,1,5,2026-08-24,2,2,5,11:00:00,11:45:00,PRESENT,2026-08-24 11:00:00,1,1,2026-09-01 10:59:33,1,2026-09-01 10:59:33,NULL,0x00000000000030EE
5,1,1,1,1,1,1,1,7,2026-08-24,1,1,7,12:30:00,13:15:00,PRESENT,2026-08-24 12:30:00,1,1,2026-09-01 10:59:33,1,2026-09-01 10:59:33,NULL,0x00000000000030EF
6,1,1,1,1,1,1,1,8,2026-08-24,2,2,8,13:15:00,14:00:00,PRESENT,2026-08-24 13:15:00,1,1,2026-09-01 10:59:33,1,2026-09-01 10:59:33,NULL,0x00000000000030F0
7,1,1,1,1,1,1,1,10,2026-08-24,2,2,10,14:15:00,15:00:00,PRESENT,2026-08-24 14:15:00,1,1,2026-09-01 10:59:33,1,2026-09-01 10:59:33,NULL,0x00000000000030F1
8,1,1,1,1,1,1,1,11,2026-08-25,1,1,1,08:30:00,09:15:00,PRESENT,2026-08-25 08:30:00,1,1,2026-09-01 10:59:33,1,2026-09-01 10:59:33,NULL,0x00000000000030F2
9,1,1,1,1,1,1,1,12,2026-08-25,2,2,2,09:15:00,10:00:00,PRESENT,2026-08-25 09:15:00,1,1,2026-09-01 10:59:33,1,2026-09-01 10:59:33,NULL,0x00000000000030F3
10,1,1,1,1,1,1,1,14,2026-08-25,1,1,4,10:15:00,11:00:00,PRESENT,2026-08-25 10:15:00,1,1,2026-09-01 10:59:33,1,2026-09-01 10:59:33,NULL,0x00000000000030F4
11,1,1,1,1,1,1,1,15,2026-08-25,2,2,5,11:00:00,11:45:00,PRESENT,2026-08-25 11:00:00,1,1,2026-09-01 10:59:33,1,2026-09-01 10:59:33,NULL,0x00000000000030F5
12,1,1,1,1,1,1,1,17,2026-08-25,1,1,7,12:30:00,13:15:00,PRESENT,2026-08-25 12:30:00,1,1,2026-09-01 10:59:33,1,2026-09-01 10:59:33,NULL,0x00000000000030F6
13,1,1,1,1,1,1,1,18,2026-08-25,2,2,8,13:15:00,14:00:00,PRESENT,2026-08-25 13:15:00,1,1,2026-09-01 10:59:33,1,2026-09-01 10:59:33,NULL,0x00000000000030F7
14,1,1,1,1,1,1,1,20,2026-08-25,2,2,10,14:15:00,15:00:00,PRESENT,2026-08-25 14:15:00,1,1,2026-09-01 10:59:33,1,2026-09-01 10:59:33,NULL,0x00000000000030F8
15,1,1,1,1,1,1,1,21,2026-08-26,1,1,1,08:30:00,09:15:00,PRESENT,2026-08-26 08:30:00,1,1,2026-09-01 10:59:33,1,2026-09-01 10:59:33,NULL,0x00000000000030F9
16,1,1,1,1,1,1,1,22,2026-08-26,2,2,2,09:15:00,10:00:00,PRESENT,2026-08-26 09:15:00,1,1,2026-09-01 10:59:33,1,2026-09-01 10:59:33,NULL,0x00000000000030FA
17,1,1,1,1,1,1,1,24,2026-08-26,1,1,4,10:15:00,11:00:00,PRESENT,2026-08-26 10:15:00,1,1,2026-09-01 10:59:33,1,2026-09-01 10:59:33,NULL,0x00000000000030FB
18,1,1,1,1,1,1,1,25,2026-08-26,2,2,5,11:00:00,11:45:00,PRESENT,2026-08-26 11:00:00,1,1,2026-09-01 10:59:33,1,2026-09-01 10:59:33,NULL,0x00000000000030FC
19,1,1,1,1,1,1,1,27,2026-08-26,1,1,7,12:30:00,13:15:00,PRESENT,2026-08-26 12:30:00,1,1,2026-09-01 10:59:33,1,2026-09-01 10:59:33,NULL,0x00000000000030FD
20,1,1,1,1,1,1,1,28,2026-08-26,2,2,8,13:15:00,14:00:00,PRESENT,2026-08-26 13:15:00,1,1,2026-09-01 10:59:33,1,2026-09-01 10:59:33,NULL,0x00000000000030FE
21,1,1,1,1,1,1,1,30,2026-08-26,2,2,10,14:15:00,15:00:00,PRESENT,2026-08-26 14:15:00,1,1,2026-09-01 10:59:33,1,2026-09-01 10:59:33,NULL,0x00000000000030FF
22,1,1,1,1,1,1,1,31,2026-08-27,1,1,1,08:30:00,09:15:00,PRESENT,2026-08-27 08:30:00,1,1,2026-09-01 10:59:33,1,2026-09-01 10:59:33,NULL,0x0000000000003101
23,1,1,1,1,1,1,1,32,2026-08-27,2,2,2,09:15:00,10:00:00,PRESENT,2026-08-27 09:15:00,1,1,2026-09-01 10:59:33,1,2026-09-01 10:59:33,NULL,0x0000000000003102
24,1,1,1,1,1,1,1,34,2026-08-27,1,1,4,10:15:00,11:00:00,PRESENT,2026-08-27 10:15:00,1,1,2026-09-01 10:59:33,1,2026-09-01 10:59:33,NULL,0x0000000000003103
25,1,1,1,1,1,1,1,35,2026-08-27,2,2,5,11:00:00,11:45:00,PRESENT,2026-08-27 11:00:00,1,1,2026-09-01 10:59:33,1,2026-09-01 10:59:33,NULL,0x0000000000003104
26,1,1,1,1,1,1,1,37,2026-08-27,1,1,7,12:30:00,13:15:00,PRESENT,2026-08-27 12:30:00,1,1,2026-09-01 10:59:33,1,2026-09-01 10:59:33,NULL,0x0000000000003105
27,1,1,1,1,1,1,1,38,2026-08-27,2,2,8,13:15:00,14:00:00,PRESENT,2026-08-27 13:15:00,1,1,2026-09-01 10:59:33,1,2026-09-01 10:59:33,NULL,0x0000000000003106
28,1,1,1,1,1,1,1,40,2026-08-27,2,2,10,14:15:00,15:00:00,PRESENT,2026-08-27 14:15:00,1,1,2026-09-01 10:59:33,1,2026-09-01 10:59:33,NULL,0x0000000000003107
29,1,1,1,1,1,1,1,41,2026-08-28,1,1,1,08:30:00,09:15:00,PRESENT,2026-08-28 08:30:00,1,1,2026-09-01 10:59:33,1,2026-09-01 10:59:33,NULL,0x0000000000003108
30,1,1,1,1,1,1,1,42,2026-08-28,2,2,2,09:15:00,10:00:00,PRESENT,2026-08-28 09:15:00,1,1,2026-09-01 10:59:33,1,2026-09-01 10:59:33,NULL,0x0000000000003109
31,1,1,1,1,1,1,1,44,2026-08-28,1,1,4,10:15:00,11:00:00,PRESENT,2026-08-28 10:15:00,1,1,2026-09-01 10:59:33,1,2026-09-01 10:59:33,NULL,0x000000000000310A
32,1,1,1,1,1,1,1,45,2026-08-28,2,2,5,11:00:00,11:45:00,PRESENT,2026-08-28 11:00:00,1,1,2026-09-01 10:59:33,1,2026-09-01 10:59:33,NULL,0x000000000000310B
33,1,1,1,1,1,1,1,47,2026-08-28,1,1,7,12:30:00,13:15:00,PRESENT,2026-08-28 12:30:00,1,1,2026-09-01 10:59:33,1,2026-09-01 10:59:33,NULL,0x000000000000310C
34,1,1,1,1,1,1,1,48,2026-08-28,2,2,8,13:15:00,14:00:00,PRESENT,2026-08-28 13:15:00,1,1,2026-09-01 10:59:33,1,2026-09-01 10:59:33,NULL,0x000000000000310D
35,1,1,1,1,1,1,1,50,2026-08-28,2,2,10,14:15:00,15:00:00,PRESENT,2026-08-28 14:15:00,1,1,2026-09-01 10:59:33,1,2026-09-01 10:59:33,NULL,0x000000000000310E
36,1,1,1,1,1,1,1,51,2026-08-29,1,1,1,08:30:00,09:15:00,PRESENT,2026-08-29 08:30:00,1,1,2026-09-01 10:59:33,1,2026-09-01 10:59:33,NULL,0x000000000000310F
37,1,1,1,1,1,1,1,52,2026-08-29,2,2,2,09:15:00,10:00:00,PRESENT,2026-08-29 09:15:00,1,1,2026-09-01 10:59:33,1,2026-09-01 10:59:33,NULL,0x0000000000003110
38,1,1,1,1,1,1,1,54,2026-08-29,1,1,4,10:15:00,11:00:00,PRESENT,2026-08-29 10:15:00,1,1,2026-09-01 10:59:33,1,2026-09-01 10:59:33,NULL,0x0000000000003111
39,1,1,1,1,1,1,1,55,2026-08-29,2,2,5,11:00:00,11:45:00,PRESENT,2026-08-29 11:00:00,1,1,2026-09-01 10:59:33,1,2026-09-01 10:59:33,NULL,0x0000000000003112
40,1,1,1,1,1,1,1,57,2026-08-29,1,1,7,12:30:00,13:15:00,PRESENT,2026-08-29 12:30:00,1,1,2026-09-01 10:59:33,1,2026-09-01 10:59:33,NULL,0x0000000000003113
41,1,1,1,1,1,1,1,58,2026-08-29,2,2,8,13:15:00,14:00:00,PRESENT,2026-08-29 13:15:00,1,1,2026-09-01 10:59:33,1,2026-09-01 10:59:33,NULL,0x0000000000003114
42,1,1,1,1,1,1,1,60,2026-08-29,2,2,10,14:15:00,15:00:00,PRESENT,2026-08-29 14:15:00,1,1,2026-09-01 10:59:33,1,2026-09-01 10:59:33,NULL,0x0000000000003115
43,1,1,1,1,2,2,2,61,2026-08-24,1,3,1,08:30:00,09:15:00,PRESENT,2026-08-24 08:30:00,1,1,2026-09-01 10:59:33,1,2026-09-01 10:59:33,NULL,0x0000000000003116
44,1,1,1,1,2,2,2,62,2026-08-24,2,4,2,09:15:00,10:00:00,PRESENT,2026-08-24 09:15:00,1,1,2026-09-01 10:59:33,1,2026-09-01 10:59:33,NULL,0x0000000000003117
45,1,1,1,1,2,2,2,64,2026-08-24,1,3,4,10:15:00,11:00:00,PRESENT,2026-08-24 10:15:00,1,1,2026-09-01 10:59:33,1,2026-09-01 10:59:33,NULL,0x0000000000003118
46,1,1,1,1,2,2,2,65,2026-08-24,2,4,5,11:00:00,11:45:00,PRESENT,2026-08-24 11:00:00,1,1,2026-09-01 10:59:33,1,2026-09-01 10:59:33,NULL,0x0000000000003119
47,1,1,1,1,2,2,2,67,2026-08-24,1,3,7,12:30:00,13:15:00,PRESENT,2026-08-24 12:30:00,1,1,2026-09-01 10:59:33,1,2026-09-01 10:59:33,NULL,0x000000000000311A
48,1,1,1,1,2,2,2,68,2026-08-24,2,4,8,13:15:00,14:00:00,PRESENT,2026-08-24 13:15:00,1,1,2026-09-01 10:59:33,1,2026-09-01 10:59:33,NULL,0x000000000000311B
49,1,1,1,1,2,2,2,70,2026-08-24,2,4,10,14:15:00,15:00:00,PRESENT,2026-08-24 14:15:00,1,1,2026-09-01 10:59:33,1,2026-09-01 10:59:33,NULL,0x000000000000311C
50,1,1,1,1,2,2,2,71,2026-08-25,1,3,1,08:30:00,09:15:00,PRESENT,2026-08-25 08:30:00,1,1,2026-09-01 10:59:33,1,2026-09-01 10:59:33,NULL,0x000000000000311D
51,1,1,1,1,2,2,2,72,2026-08-25,2,4,2,09:15:00,10:00:00,PRESENT,2026-08-25 09:15:00,1,1,2026-09-01 10:59:33,1,2026-09-01 10:59:33,NULL,0x000000000000311E
52,1,1,1,1,2,2,2,74,2026-08-25,1,3,4,10:15:00,11:00:00,PRESENT,2026-08-25 10:15:00,1,1,2026-09-01 10:59:33,1,2026-09-01 10:59:33,NULL,0x000000000000311F
53,1,1,1,1,2,2,2,75,2026-08-25,2,4,5,11:00:00,11:45:00,PRESENT,2026-08-25 11:00:00,1,1,2026-09-01 10:59:33,1,2026-09-01 10:59:33,NULL,0x0000000000003120
54,1,1,1,1,2,2,2,77,2026-08-25,1,3,7,12:30:00,13:15:00,PRESENT,2026-08-25 12:30:00,1,1,2026-09-01 10:59:33,1,2026-09-01 10:59:33,NULL,0x0000000000003121
55,1,1,1,1,2,2,2,78,2026-08-25,2,4,8,13:15:00,14:00:00,PRESENT,2026-08-25 13:15:00,1,1,2026-09-01 10:59:33,1,2026-09-01 10:59:33,NULL,0x0000000000003122
56,1,1,1,1,2,2,2,80,2026-08-25,2,4,10,14:15:00,15:00:00,PRESENT,2026-08-25 14:15:00,1,1,2026-09-01 10:59:33,1,2026-09-01 10:59:33,NULL,0x0000000000003123
57,1,1,1,1,2,2,2,81,2026-08-26,1,3,1,08:30:00,09:15:00,PRESENT,2026-08-26 08:30:00,1,1,2026-09-01 10:59:33,1,2026-09-01 10:59:33,NULL,0x0000000000003124
58,1,1,1,1,2,2,2,82,2026-08-26,2,4,2,09:15:00,10:00:00,PRESENT,2026-08-26 09:15:00,1,1,2026-09-01 10:59:33,1,2026-09-01 10:59:33,NULL,0x0000000000003125
59,1,1,1,1,2,2,2,84,2026-08-26,1,3,4,10:15:00,11:00:00,PRESENT,2026-08-26 10:15:00,1,1,2026-09-01 10:59:33,1,2026-09-01 10:59:33,NULL,0x0000000000003126
60,1,1,1,1,2,2,2,85,2026-08-26,2,4,5,11:00:00,11:45:00,PRESENT,2026-08-26 11:00:00,1,1,2026-09-01 10:59:33,1,2026-09-01 10:59:33,NULL,0x0000000000003127
61,1,1,1,1,2,2,2,87,2026-08-26,1,3,7,12:30:00,13:15:00,PRESENT,2026-08-26 12:30:00,1,1,2026-09-01 10:59:33,1,2026-09-01 10:59:33,NULL,0x0000000000003128
62,1,1,1,1,2,2,2,88,2026-08-26,2,4,8,13:15:00,14:00:00,PRESENT,2026-08-26 13:15:00,1,1,2026-09-01 10:59:33,1,2026-09-01 10:59:33,NULL,0x0000000000003129
63,1,1,1,1,2,2,2,90,2026-08-26,2,4,10,14:15:00,15:00:00,PRESENT,2026-08-26 14:15:00,1,1,2026-09-01 10:59:33,1,2026-09-01 10:59:33,NULL,0x000000000000312A
64,1,1,1,1,2,2,2,91,2026-08-27,1,3,1,08:30:00,09:15:00,PRESENT,2026-08-27 08:30:00,1,1,2026-09-01 10:59:33,1,2026-09-01 10:59:33,NULL,0x000000000000312B
65,1,1,1,1,2,2,2,92,2026-08-27,2,4,2,09:15:00,10:00:00,PRESENT,2026-08-27 09:15:00,1,1,2026-09-01 10:59:33,1,2026-09-01 10:59:33,NULL,0x000000000000312C
66,1,1,1,1,2,2,2,94,2026-08-27,1,3,4,10:15:00,11:00:00,PRESENT,2026-08-27 10:15:00,1,1,2026-09-01 10:59:33,1,2026-09-01 10:59:33,NULL,0x000000000000312D
67,1,1,1,1,2,2,2,95,2026-08-27,2,4,5,11:00:00,11:45:00,PRESENT,2026-08-27 11:00:00,1,1,2026-09-01 10:59:33,1,2026-09-01 10:59:33,NULL,0x000000000000312E
68,1,1,1,1,2,2,2,97,2026-08-27,1,3,7,12:30:00,13:15:00,PRESENT,2026-08-27 12:30:00,1,1,2026-09-01 10:59:33,1,2026-09-01 10:59:33,NULL,0x000000000000312F
69,1,1,1,1,2,2,2,98,2026-08-27,2,4,8,13:15:00,14:00:00,PRESENT,2026-08-27 13:15:00,1,1,2026-09-01 10:59:33,1,2026-09-01 10:59:33,NULL,0x0000000000003130
70,1,1,1,1,2,2,2,100,2026-08-27,2,4,10,14:15:00,15:00:00,PRESENT,2026-08-27 14:15:00,1,1,2026-09-01 10:59:33,1,2026-09-01 10:59:33,NULL,0x0000000000003131
71,1,1,1,1,2,2,2,101,2026-08-28,1,3,1,08:30:00,09:15:00,PRESENT,2026-08-28 08:30:00,1,1,2026-09-01 10:59:33,1,2026-09-01 10:59:33,NULL,0x0000000000003132
72,1,1,1,1,2,2,2,102,2026-08-28,2,4,2,09:15:00,10:00:00,PRESENT,2026-08-28 09:15:00,1,1,2026-09-01 10:59:33,1,2026-09-01 10:59:33,NULL,0x0000000000003133
73,1,1,1,1,2,2,2,104,2026-08-28,1,3,4,10:15:00,11:00:00,PRESENT,2026-08-28 10:15:00,1,1,2026-09-01 10:59:33,1,2026-09-01 10:59:33,NULL,0x0000000000003134
74,1,1,1,1,2,2,2,105,2026-08-28,2,4,5,11:00:00,11:45:00,PRESENT,2026-08-28 11:00:00,1,1,2026-09-01 10:59:33,1,2026-09-01 10:59:33,NULL,0x0000000000003135
75,1,1,1,1,2,2,2,107,2026-08-28,1,3,7,12:30:00,13:15:00,PRESENT,2026-08-28 12:30:00,1,1,2026-09-01 10:59:33,1,2026-09-01 10:59:33,NULL,0x0000000000003136
76,1,1,1,1,2,2,2,108,2026-08-28,2,4,8,13:15:00,14:00:00,PRESENT,2026-08-28 13:15:00,1,1,2026-09-01 10:59:33,1,2026-09-01 10:59:33,NULL,0x0000000000003137
77,1,1,1,1,2,2,2,110,2026-08-28,2,4,10,14:15:00,15:00:00,PRESENT,2026-08-28 14:15:00,1,1,2026-09-01 10:59:33,1,2026-09-01 10:59:33,NULL,0x0000000000003138
78,1,1,1,1,2,2,2,111,2026-08-29,1,3,1,08:30:00,09:15:00,PRESENT,2026-08-29 08:30:00,1,1,2026-09-01 10:59:33,1,2026-09-01 10:59:33,NULL,0x0000000000003139
79,1,1,1,1,2,2,2,112,2026-08-29,2,4,2,09:15:00,10:00:00,PRESENT,2026-08-29 09:15:00,1,1,2026-09-01 10:59:33,1,2026-09-01 10:59:33,NULL,0x000000000000313A
80,1,1,1,1,2,2,2,114,2026-08-29,1,3,4,10:15:00,11:00:00,PRESENT,2026-08-29 10:15:00,1,1,2026-09-01 10:59:33,1,2026-09-01 10:59:33,NULL,0x000000000000313B
81,1,1,1,1,2,2,2,115,2026-08-29,2,4,5,11:00:00,11:45:00,PRESENT,2026-08-29 11:00:00,1,1,2026-09-01 10:59:33,1,2026-09-01 10:59:33,NULL,0x000000000000313C
82,1,1,1,1,2,2,2,117,2026-08-29,1,3,7,12:30:00,13:15:00,PRESENT,2026-08-29 12:30:00,1,1,2026-09-01 10:59:33,1,2026-09-01 10:59:33,NULL,0x000000000000313D
83,1,1,1,1,2,2,2,118,2026-08-29,2,4,8,13:15:00,14:00:00,PRESENT,2026-08-29 13:15:00,1,1,2026-09-01 10:59:33,1,2026-09-01 10:59:33,NULL,0x000000000000313E
84,1,1,1,1,2,2,2,120,2026-08-29,2,4,10,14:15:00,15:00:00,ABSENT,2026-08-29 14:15:00,1,1,2026-09-01 10:59:33,1,2026-09-01 10:59:33,NULL,0x000000000000313F
85,1,1,1,2,3,3,3,121,2026-08-24,1,5,1,08:30:00,09:15:00,PRESENT,2026-08-24 08:30:00,1,1,2026-09-01 10:59:33,1,2026-09-01 10:59:33,NULL,0x0000000000003140
86,1,1,1,2,3,3,3,122,2026-08-24,2,6,2,09:15:00,10:00:00,PRESENT,2026-08-24 09:15:00,1,1,2026-09-01 10:59:33,1,2026-09-01 10:59:33,NULL,0x0000000000003141
87,1,1,1,2,3,3,3,124,2026-08-24,1,5,4,10:15:00,11:00:00,PRESENT,2026-08-24 10:15:00,1,1,2026-09-01 10:59:33,1,2026-09-01 10:59:33,NULL,0x0000000000003142
88,1,1,1,2,3,3,3,125,2026-08-24,2,6,5,11:00:00,11:45:00,PRESENT,2026-08-24 11:00:00,1,1,2026-09-01 10:59:33,1,2026-09-01 10:59:33,NULL,0x0000000000003143
89,1,1,1,2,3,3,3,127,2026-08-24,1,5,7,12:30:00,13:15:00,PRESENT,2026-08-24 12:30:00,1,1,2026-09-01 10:59:33,1,2026-09-01 10:59:33,NULL,0x0000000000003144
90,1,1,1,2,3,3,3,128,2026-08-24,2,6,8,13:15:00,14:00:00,PRESENT,2026-08-24 13:15:00,1,1,2026-09-01 10:59:33,1,2026-09-01 10:59:33,NULL,0x0000000000003145
91,1,1,1,2,3,3,3,130,2026-08-24,2,6,10,14:15:00,15:00:00,PRESENT,2026-08-24 14:15:00,1,1,2026-09-01 10:59:33,1,2026-09-01 10:59:33,NULL,0x0000000000003146
92,1,1,1,2,3,3,3,131,2026-08-25,1,5,1,08:30:00,09:15:00,PRESENT,2026-08-25 08:30:00,1,1,2026-09-01 10:59:33,1,2026-09-01 10:59:33,NULL,0x0000000000003147
93,1,1,1,2,3,3,3,132,2026-08-25,2,6,2,09:15:00,10:00:00,PRESENT,2026-08-25 09:15:00,1,1,2026-09-01 10:59:33,1,2026-09-01 10:59:33,NULL,0x0000000000003148
94,1,1,1,2,3,3,3,134,2026-08-25,1,5,4,10:15:00,11:00:00,PRESENT,2026-08-25 10:15:00,1,1,2026-09-01 10:59:33,1,2026-09-01 10:59:33,NULL,0x0000000000003149
95,1,1,1,2,3,3,3,135,2026-08-25,2,6,5,11:00:00,11:45:00,PRESENT,2026-08-25 11:00:00,1,1,2026-09-01 10:59:33,1,2026-09-01 10:59:33,NULL,0x000000000000314A
96,1,1,1,2,3,3,3,137,2026-08-25,1,5,7,12:30:00,13:15:00,PRESENT,2026-08-25 12:30:00,1,1,2026-09-01 10:59:33,1,2026-09-01 10:59:33,NULL,0x000000000000314B
97,1,1,1,2,3,3,3,138,2026-08-25,2,6,8,13:15:00,14:00:00,PRESENT,2026-08-25 13:15:00,1,1,2026-09-01 10:59:33,1,2026-09-01 10:59:33,NULL,0x000000000000314C
98,1,1,1,2,3,3,3,140,2026-08-25,2,6,10,14:15:00,15:00:00,PRESENT,2026-08-25 14:15:00,1,1,2026-09-01 10:59:33,1,2026-09-01 10:59:33,NULL,0x000000000000314D
99,1,1,1,2,3,3,3,141,2026-08-26,1,5,1,08:30:00,09:15:00,PRESENT,2026-08-26 08:30:00,1,1,2026-09-01 10:59:33,1,2026-09-01 10:59:33,NULL,0x000000000000314E
100,1,1,1,2,3,3,3,142,2026-08-26,2,6,2,09:15:00,10:00:00,PRESENT,2026-08-26 09:15:00,1,1,2026-09-01 10:59:33,1,2026-09-01 10:59:33,NULL,0x000000000000314F
101,1,1,1,2,3,3,3,144,2026-08-26,1,5,4,10:15:00,11:00:00,PRESENT,2026-08-26 10:15:00,1,1,2026-09-01 10:59:33,1,2026-09-01 10:59:33,NULL,0x0000000000003150
102,1,1,1,2,3,3,3,145,2026-08-26,2,6,5,11:00:00,11:45:00,PRESENT,2026-08-26 11:00:00,1,1,2026-09-01 10:59:33,1,2026-09-01 10:59:33,NULL,0x0000000000003151
103,1,1,1,2,3,3,3,147,2026-08-26,1,5,7,12:30:00,13:15:00,PRESENT,2026-08-26 12:30:00,1,1,2026-09-01 10:59:33,1,2026-09-01 10:59:33,NULL,0x0000000000003152
104,1,1,1,2,3,3,3,148,2026-08-26,2,6,8,13:15:00,14:00:00,PRESENT,2026-08-26 13:15:00,1,1,2026-09-01 10:59:33,1,2026-09-01 10:59:33,NULL,0x0000000000003153
105,1,1,1,2,3,3,3,150,2026-08-26,2,6,10,14:15:00,15:00:00,PRESENT,2026-08-26 14:15:00,1,1,2026-09-01 10:59:33,1,2026-09-01 10:59:33,NULL,0x0000000000003154
106,1,1,1,2,3,3,3,151,2026-08-27,1,5,1,08:30:00,09:15:00,PRESENT,2026-08-27 08:30:00,1,1,2026-09-01 10:59:33,1,2026-09-01 10:59:33,NULL,0x0000000000003155
107,1,1,1,2,3,3,3,152,2026-08-27,2,6,2,09:15:00,10:00:00,PRESENT,2026-08-27 09:15:00,1,1,2026-09-01 10:59:33,1,2026-09-01 10:59:33,NULL,0x0000000000003156
108,1,1,1,2,3,3,3,154,2026-08-27,1,5,4,10:15:00,11:00:00,PRESENT,2026-08-27 10:15:00,1,1,2026-09-01 10:59:33,1,2026-09-01 10:59:33,NULL,0x0000000000003157
109,1,1,1,2,3,3,3,155,2026-08-27,2,6,5,11:00:00,11:45:00,PRESENT,2026-08-27 11:00:00,1,1,2026-09-01 10:59:33,1,2026-09-01 10:59:33,NULL,0x0000000000003158
110,1,1,1,2,3,3,3,157,2026-08-27,1,5,7,12:30:00,13:15:00,PRESENT,2026-08-27 12:30:00,1,1,2026-09-01 10:59:33,1,2026-09-01 10:59:33,NULL,0x0000000000003159
111,1,1,1,2,3,3,3,158,2026-08-27,2,6,8,13:15:00,14:00:00,PRESENT,2026-08-27 13:15:00,1,1,2026-09-01 10:59:33,1,2026-09-01 10:59:33,NULL,0x000000000000315A
112,1,1,1,2,3,3,3,160,2026-08-27,2,6,10,14:15:00,15:00:00,PRESENT,2026-08-27 14:15:00,1,1,2026-09-01 10:59:33,1,2026-09-01 10:59:33,NULL,0x000000000000315B
113,1,1,1,2,3,3,3,161,2026-08-28,1,5,1,08:30:00,09:15:00,PRESENT,2026-08-28 08:30:00,1,1,2026-09-01 10:59:33,1,2026-09-01 10:59:33,NULL,0x000000000000315C
114,1,1,1,2,3,3,3,162,2026-08-28,2,6,2,09:15:00,10:00:00,PRESENT,2026-08-28 09:15:00,1,1,2026-09-01 10:59:33,1,2026-09-01 10:59:33,NULL,0x000000000000315D
115,1,1,1,2,3,3,3,164,2026-08-28,1,5,4,10:15:00,11:00:00,PRESENT,2026-08-28 10:15:00,1,1,2026-09-01 10:59:33,1,2026-09-01 10:59:33,NULL,0x000000000000315E
116,1,1,1,2,3,3,3,165,2026-08-28,2,6,5,11:00:00,11:45:00,PRESENT,2026-08-28 11:00:00,1,1,2026-09-01 10:59:33,1,2026-09-01 10:59:33,NULL,0x000000000000315F
117,1,1,1,2,3,3,3,167,2026-08-28,1,5,7,12:30:00,13:15:00,PRESENT,2026-08-28 12:30:00,1,1,2026-09-01 10:59:33,1,2026-09-01 10:59:33,NULL,0x0000000000003160
118,1,1,1,2,3,3,3,168,2026-08-28,2,6,8,13:15:00,14:00:00,PRESENT,2026-08-28 13:15:00,1,1,2026-09-01 10:59:33,1,2026-09-01 10:59:33,NULL,0x0000000000003161
119,1,1,1,2,3,3,3,170,2026-08-28,2,6,10,14:15:00,15:00:00,ABSENT,2026-08-28 14:15:00,1,1,2026-09-01 10:59:33,1,2026-09-01 10:59:33,NULL,0x0000000000003162
120,1,1,1,2,3,3,3,171,2026-08-29,1,5,1,08:30:00,09:15:00,PRESENT,2026-08-29 08:30:00,1,1,2026-09-01 10:59:33,1,2026-09-01 10:59:33,NULL,0x0000000000003163
121,1,1,1,2,3,3,3,172,2026-08-29,2,6,2,09:15:00,10:00:00,PRESENT,2026-08-29 09:15:00,1,1,2026-09-01 10:59:33,1,2026-09-01 10:59:33,NULL,0x0000000000003164
122,1,1,1,2,3,3,3,174,2026-08-29,1,5,4,10:15:00,11:00:00,PRESENT,2026-08-29 10:15:00,1,1,2026-09-01 10:59:33,1,2026-09-01 10:59:33,NULL,0x0000000000003165
123,1,1,1,2,3,3,3,175,2026-08-29,2,6,5,11:00:00,11:45:00,PRESENT,2026-08-29 11:00:00,1,1,2026-09-01 10:59:33,1,2026-09-01 10:59:33,NULL,0x0000000000003166
124,1,1,1,2,3,3,3,177,2026-08-29,1,5,7,12:30:00,13:15:00,PRESENT,2026-08-29 12:30:00,1,1,2026-09-01 10:59:33,1,2026-09-01 10:59:33,NULL,0x0000000000003167
125,1,1,1,2,3,3,3,178,2026-08-29,2,6,8,13:15:00,14:00:00,PRESENT,2026-08-29 13:15:00,1,1,2026-09-01 10:59:33,1,2026-09-01 10:59:33,NULL,0x0000000000003168
126,1,1,1,2,3,3,3,180,2026-08-29,2,6,10,14:15:00,15:00:00,PRESENT,2026-08-29 14:15:00,1,1,2026-09-01 10:59:33,1,2026-09-01 10:59:33,NULL,0x0000000000003169
127,1,1,1,2,4,4,4,181,2026-08-24,1,7,1,08:30:00,09:15:00,PRESENT,2026-08-24 08:30:00,1,1,2026-09-01 10:59:33,1,2026-09-01 10:59:33,NULL,0x000000000000316A
128,1,1,1,2,4,4,4,182,2026-08-24,2,8,2,09:15:00,10:00:00,PRESENT,2026-08-24 09:15:00,1,1,2026-09-01 10:59:33,1,2026-09-01 10:59:33,NULL,0x000000000000316B
129,1,1,1,2,4,4,4,184,2026-08-24,1,7,4,10:15:00,11:00:00,PRESENT,2026-08-24 10:15:00,1,1,2026-09-01 10:59:33,1,2026-09-01 10:59:33,NULL,0x000000000000316C
130,1,1,1,2,4,4,4,185,2026-08-24,2,8,5,11:00:00,11:45:00,PRESENT,2026-08-24 11:00:00,1,1,2026-09-01 10:59:33,1,2026-09-01 10:59:33,NULL,0x000000000000316D
131,1,1,1,2,4,4,4,187,2026-08-24,1,7,7,12:30:00,13:15:00,PRESENT,2026-08-24 12:30:00,1,1,2026-09-01 10:59:33,1,2026-09-01 10:59:33,NULL,0x000000000000316E
132,1,1,1,2,4,4,4,188,2026-08-24,2,8,8,13:15:00,14:00:00,PRESENT,2026-08-24 13:15:00,1,1,2026-09-01 10:59:33,1,2026-09-01 10:59:33,NULL,0x000000000000316F
133,1,1,1,2,4,4,4,190,2026-08-24,2,8,10,14:15:00,15:00:00,PRESENT,2026-08-24 14:15:00,1,1,2026-09-01 10:59:33,1,2026-09-01 10:59:33,NULL,0x0000000000003170
134,1,1,1,2,4,4,4,191,2026-08-25,1,7,1,08:30:00,09:15:00,PRESENT,2026-08-25 08:30:00,1,1,2026-09-01 10:59:33,1,2026-09-01 10:59:33,NULL,0x0000000000003171
135,1,1,1,2,4,4,4,192,2026-08-25,2,8,2,09:15:00,10:00:00,PRESENT,2026-08-25 09:15:00,1,1,2026-09-01 10:59:33,1,2026-09-01 10:59:33,NULL,0x0000000000003172
136,1,1,1,2,4,4,4,194,2026-08-25,1,7,4,10:15:00,11:00:00,PRESENT,2026-08-25 10:15:00,1,1,2026-09-01 10:59:33,1,2026-09-01 10:59:33,NULL,0x0000000000003173
137,1,1,1,2,4,4,4,195,2026-08-25,2,8,5,11:00:00,11:45:00,PRESENT,2026-08-25 11:00:00,1,1,2026-09-01 10:59:33,1,2026-09-01 10:59:33,NULL,0x0000000000003174
138,1,1,1,2,4,4,4,197,2026-08-25,1,7,7,12:30:00,13:15:00,PRESENT,2026-08-25 12:30:00,1,1,2026-09-01 10:59:33,1,2026-09-01 10:59:33,NULL,0x0000000000003175
139,1,1,1,2,4,4,4,198,2026-08-25,2,8,8,13:15:00,14:00:00,PRESENT,2026-08-25 13:15:00,1,1,2026-09-01 10:59:33,1,2026-09-01 10:59:33,NULL,0x0000000000003176
140,1,1,1,2,4,4,4,200,2026-08-25,2,8,10,14:15:00,15:00:00,PRESENT,2026-08-25 14:15:00,1,1,2026-09-01 10:59:33,1,2026-09-01 10:59:33,NULL,0x0000000000003177
141,1,1,1,2,4,4,4,201,2026-08-26,1,7,1,08:30:00,09:15:00,PRESENT,2026-08-26 08:30:00,1,1,2026-09-01 10:59:33,1,2026-09-01 10:59:33,NULL,0x0000000000003178
142,1,1,1,2,4,4,4,202,2026-08-26,2,8,2,09:15:00,10:00:00,PRESENT,2026-08-26 09:15:00,1,1,2026-09-01 10:59:33,1,2026-09-01 10:59:33,NULL,0x0000000000003179
143,1,1,1,2,4,4,4,204,2026-08-26,1,7,4,10:15:00,11:00:00,PRESENT,2026-08-26 10:15:00,1,1,2026-09-01 10:59:33,1,2026-09-01 10:59:33,NULL,0x000000000000317A
144,1,1,1,2,4,4,4,205,2026-08-26,2,8,5,11:00:00,11:45:00,PRESENT,2026-08-26 11:00:00,1,1,2026-09-01 10:59:33,1,2026-09-01 10:59:33,NULL,0x000000000000317B
145,1,1,1,2,4,4,4,207,2026-08-26,1,7,7,12:30:00,13:15:00,PRESENT,2026-08-26 12:30:00,1,1,2026-09-01 10:59:33,1,2026-09-01 10:59:33,NULL,0x000000000000317C
146,1,1,1,2,4,4,4,208,2026-08-26,2,8,8,13:15:00,14:00:00,PRESENT,2026-08-26 13:15:00,1,1,2026-09-01 10:59:33,1,2026-09-01 10:59:33,NULL,0x000000000000317D
147,1,1,1,2,4,4,4,210,2026-08-26,2,8,10,14:15:00,15:00:00,PRESENT,2026-08-26 14:15:00,1,1,2026-09-01 10:59:33,1,2026-09-01 10:59:33,NULL,0x000000000000317E
148,1,1,1,2,4,4,4,211,2026-08-27,1,7,1,08:30:00,09:15:00,PRESENT,2026-08-27 08:30:00,1,1,2026-09-01 10:59:33,1,2026-09-01 10:59:33,NULL,0x000000000000317F
149,1,1,1,2,4,4,4,212,2026-08-27,2,8,2,09:15:00,10:00:00,PRESENT,2026-08-27 09:15:00,1,1,2026-09-01 10:59:33,1,2026-09-01 10:59:33,NULL,0x0000000000003180
150,1,1,1,2,4,4,4,214,2026-08-27,1,7,4,10:15:00,11:00:00,PRESENT,2026-08-27 10:15:00,1,1,2026-09-01 10:59:33,1,2026-09-01 10:59:33,NULL,0x0000000000003181
151,1,1,1,2,4,4,4,215,2026-08-27,2,8,5,11:00:00,11:45:00,PRESENT,2026-08-27 11:00:00,1,1,2026-09-01 10:59:33,1,2026-09-01 10:59:33,NULL,0x0000000000003182
152,1,1,1,2,4,4,4,217,2026-08-27,1,7,7,12:30:00,13:15:00,PRESENT,2026-08-27 12:30:00,1,1,2026-09-01 10:59:33,1,2026-09-01 10:59:33,NULL,0x0000000000003183
153,1,1,1,2,4,4,4,218,2026-08-27,2,8,8,13:15:00,14:00:00,PRESENT,2026-08-27 13:15:00,1,1,2026-09-01 10:59:33,1,2026-09-01 10:59:33,NULL,0x0000000000003184
154,1,1,1,2,4,4,4,220,2026-08-27,2,8,10,14:15:00,15:00:00,ABSENT,2026-08-27 14:15:00,1,1,2026-09-01 10:59:33,1,2026-09-01 10:59:33,NULL,0x0000000000003185
155,1,1,1,2,4,4,4,221,2026-08-28,1,7,1,08:30:00,09:15:00,PRESENT,2026-08-28 08:30:00,1,1,2026-09-01 10:59:33,1,2026-09-01 10:59:33,NULL,0x0000000000003186
156,1,1,1,2,4,4,4,222,2026-08-28,2,8,2,09:15:00,10:00:00,PRESENT,2026-08-28 09:15:00,1,1,2026-09-01 10:59:33,1,2026-09-01 10:59:33,NULL,0x0000000000003187
157,1,1,1,2,4,4,4,224,2026-08-28,1,7,4,10:15:00,11:00:00,PRESENT,2026-08-28 10:15:00,1,1,2026-09-01 10:59:33,1,2026-09-01 10:59:33,NULL,0x0000000000003188
158,1,1,1,2,4,4,4,225,2026-08-28,2,8,5,11:00:00,11:45:00,PRESENT,2026-08-28 11:00:00,1,1,2026-09-01 10:59:33,1,2026-09-01 10:59:33,NULL,0x0000000000003189
159,1,1,1,2,4,4,4,227,2026-08-28,1,7,7,12:30:00,13:15:00,PRESENT,2026-08-28 12:30:00,1,1,2026-09-01 10:59:33,1,2026-09-01 10:59:33,NULL,0x000000000000318A
160,1,1,1,2,4,4,4,228,2026-08-28,2,8,8,13:15:00,14:00:00,PRESENT,2026-08-28 13:15:00,1,1,2026-09-01 10:59:33,1,2026-09-01 10:59:33,NULL,0x000000000000318B
161,1,1,1,2,4,4,4,230,2026-08-28,2,8,10,14:15:00,15:00:00,PRESENT,2026-08-28 14:15:00,1,1,2026-09-01 10:59:33,1,2026-09-01 10:59:33,NULL,0x000000000000318C
162,1,1,1,2,4,4,4,231,2026-08-29,1,7,1,08:30:00,09:15:00,PRESENT,2026-08-29 08:30:00,1,1,2026-09-01 10:59:33,1,2026-09-01 10:59:33,NULL,0x000000000000318D
163,1,1,1,2,4,4,4,232,2026-08-29,2,8,2,09:15:00,10:00:00,PRESENT,2026-08-29 09:15:00,1,1,2026-09-01 10:59:33,1,2026-09-01 10:59:33,NULL,0x000000000000318E
164,1,1,1,2,4,4,4,234,2026-08-29,1,7,4,10:15:00,11:00:00,PRESENT,2026-08-29 10:15:00,1,1,2026-09-01 10:59:33,1,2026-09-01 10:59:33,NULL,0x000000000000318F
165,1,1,1,2,4,4,4,235,2026-08-29,2,8,5,11:00:00,11:45:00,PRESENT,2026-08-29 11:00:00,1,1,2026-09-01 10:59:33,1,2026-09-01 10:59:33,NULL,0x0000000000003190
166,1,1,1,2,4,4,4,237,2026-08-29,1,7,7,12:30:00,13:15:00,PRESENT,2026-08-29 12:30:00,1,1,2026-09-01 10:59:33,1,2026-09-01 10:59:33,NULL,0x0000000000003191
167,1,1,1,2,4,4,4,238,2026-08-29,2,8,8,13:15:00,14:00:00,ABSENT,2026-08-29 13:15:00,1,1,2026-09-01 10:59:33,1,2026-09-01 10:59:33,NULL,0x0000000000003192
168,1,1,1,2,4,4,4,240,2026-08-29,2,8,10,14:15:00,15:00:00,PRESENT,2026-08-29 14:15:00,1,1,2026-09-01 10:59:33,1,2026-09-01 10:59:33,NULL,0x0000000000003193
169,1,2,1,3,5,5,5,241,2026-08-24,1,9,1,08:30:00,09:15:00,PRESENT,2026-08-24 08:30:00,1,1,2026-09-01 10:59:33,1,2026-09-01 10:59:33,NULL,0x0000000000003194
170,1,2,1,3,5,5,5,242,2026-08-24,2,10,2,09:15:00,10:00:00,PRESENT,2026-08-24 09:15:00,1,1,2026-09-01 10:59:33,1,2026-09-01 10:59:33,NULL,0x0000000000003195
171,1,2,1,3,5,5,5,244,2026-08-24,1,9,4,10:15:00,11:00:00,PRESENT,2026-08-24 10:15:00,1,1,2026-09-01 10:59:33,1,2026-09-01 10:59:33,NULL,0x0000000000003196
172,1,2,1,3,5,5,5,245,2026-08-24,2,10,5,11:00:00,11:45:00,PRESENT,2026-08-24 11:00:00,1,1,2026-09-01 10:59:33,1,2026-09-01 10:59:33,NULL,0x0000000000003197
173,1,2,1,3,5,5,5,247,2026-08-24,1,9,7,12:30:00,13:15:00,PRESENT,2026-08-24 12:30:00,1,1,2026-09-01 10:59:33,1,2026-09-01 10:59:33,NULL,0x0000000000003198
174,1,2,1,3,5,5,5,248,2026-08-24,2,10,8,13:15:00,14:00:00,PRESENT,2026-08-24 13:15:00,1,1,2026-09-01 10:59:33,1,2026-09-01 10:59:33,NULL,0x0000000000003199
175,1,2,1,3,5,5,5,250,2026-08-24,2,10,10,14:15:00,15:00:00,PRESENT,2026-08-24 14:15:00,1,1,2026-09-01 10:59:33,1,2026-09-01 10:59:33,NULL,0x000000000000319A
176,1,2,1,3,5,5,5,251,2026-08-25,1,9,1,08:30:00,09:15:00,PRESENT,2026-08-25 08:30:00,1,1,2026-09-01 10:59:33,1,2026-09-01 10:59:33,NULL,0x000000000000319B
177,1,2,1,3,5,5,5,252,2026-08-25,2,10,2,09:15:00,10:00:00,PRESENT,2026-08-25 09:15:00,1,1,2026-09-01 10:59:33,1,2026-09-01 10:59:33,NULL,0x000000000000319C
178,1,2,1,3,5,5,5,254,2026-08-25,1,9,4,10:15:00,11:00:00,PRESENT,2026-08-25 10:15:00,1,1,2026-09-01 10:59:33,1,2026-09-01 10:59:33,NULL,0x000000000000319D
179,1,2,1,3,5,5,5,255,2026-08-25,2,10,5,11:00:00,11:45:00,PRESENT,2026-08-25 11:00:00,1,1,2026-09-01 10:59:33,1,2026-09-01 10:59:33,NULL,0x000000000000319E
180,1,2,1,3,5,5,5,257,2026-08-25,1,9,7,12:30:00,13:15:00,PRESENT,2026-08-25 12:30:00,1,1,2026-09-01 10:59:33,1,2026-09-01 10:59:33,NULL,0x000000000000319F
181,1,2,1,3,5,5,5,258,2026-08-25,2,10,8,13:15:00,14:00:00,PRESENT,2026-08-25 13:15:00,1,1,2026-09-01 10:59:33,1,2026-09-01 10:59:33,NULL,0x00000000000031A0
182,1,2,1,3,5,5,5,260,2026-08-25,2,10,10,14:15:00,15:00:00,PRESENT,2026-08-25 14:15:00,1,1,2026-09-01 10:59:33,1,2026-09-01 10:59:33,NULL,0x00000000000031A1
183,1,2,1,3,5,5,5,261,2026-08-26,1,9,1,08:30:00,09:15:00,PRESENT,2026-08-26 08:30:00,1,1,2026-09-01 10:59:33,1,2026-09-01 10:59:33,NULL,0x00000000000031A2
184,1,2,1,3,5,5,5,262,2026-08-26,2,10,2,09:15:00,10:00:00,PRESENT,2026-08-26 09:15:00,1,1,2026-09-01 10:59:33,1,2026-09-01 10:59:33,NULL,0x00000000000031A3
185,1,2,1,3,5,5,5,264,2026-08-26,1,9,4,10:15:00,11:00:00,PRESENT,2026-08-26 10:15:00,1,1,2026-09-01 10:59:33,1,2026-09-01 10:59:33,NULL,0x00000000000031A4
186,1,2,1,3,5,5,5,265,2026-08-26,2,10,5,11:00:00,11:45:00,PRESENT,2026-08-26 11:00:00,1,1,2026-09-01 10:59:33,1,2026-09-01 10:59:33,NULL,0x00000000000031A5
187,1,2,1,3,5,5,5,267,2026-08-26,1,9,7,12:30:00,13:15:00,PRESENT,2026-08-26 12:30:00,1,1,2026-09-01 10:59:33,1,2026-09-01 10:59:33,NULL,0x00000000000031A6
188,1,2,1,3,5,5,5,268,2026-08-26,2,10,8,13:15:00,14:00:00,PRESENT,2026-08-26 13:15:00,1,1,2026-09-01 10:59:33,1,2026-09-01 10:59:33,NULL,0x00000000000031A7
189,1,2,1,3,5,5,5,270,2026-08-26,2,10,10,14:15:00,15:00:00,ABSENT,2026-08-26 14:15:00,1,1,2026-09-01 10:59:33,1,2026-09-01 10:59:33,NULL,0x00000000000031A8
190,1,2,1,3,5,5,5,271,2026-08-27,1,9,1,08:30:00,09:15:00,PRESENT,2026-08-27 08:30:00,1,1,2026-09-01 10:59:33,1,2026-09-01 10:59:33,NULL,0x00000000000031A9
191,1,2,1,3,5,5,5,272,2026-08-27,2,10,2,09:15:00,10:00:00,PRESENT,2026-08-27 09:15:00,1,1,2026-09-01 10:59:33,1,2026-09-01 10:59:33,NULL,0x00000000000031AA
192,1,2,1,3,5,5,5,274,2026-08-27,1,9,4,10:15:00,11:00:00,PRESENT,2026-08-27 10:15:00,1,1,2026-09-01 10:59:33,1,2026-09-01 10:59:33,NULL,0x00000000000031AB
193,1,2,1,3,5,5,5,275,2026-08-27,2,10,5,11:00:00,11:45:00,PRESENT,2026-08-27 11:00:00,1,1,2026-09-01 10:59:33,1,2026-09-01 10:59:33,NULL,0x00000000000031AC
194,1,2,1,3,5,5,5,277,2026-08-27,1,9,7,12:30:00,13:15:00,PRESENT,2026-08-27 12:30:00,1,1,2026-09-01 10:59:33,1,2026-09-01 10:59:33,NULL,0x00000000000031AD
195,1,2,1,3,5,5,5,278,2026-08-27,2,10,8,13:15:00,14:00:00,PRESENT,2026-08-27 13:15:00,1,1,2026-09-01 10:59:33,1,2026-09-01 10:59:33,NULL,0x00000000000031AE
196,1,2,1,3,5,5,5,280,2026-08-27,2,10,10,14:15:00,15:00:00,PRESENT,2026-08-27 14:15:00,1,1,2026-09-01 10:59:33,1,2026-09-01 10:59:33,NULL,0x00000000000031AF
197,1,2,1,3,5,5,5,281,2026-08-28,1,9,1,08:30:00,09:15:00,PRESENT,2026-08-28 08:30:00,1,1,2026-09-01 10:59:33,1,2026-09-01 10:59:33,NULL,0x00000000000031B0
198,1,2,1,3,5,5,5,282,2026-08-28,2,10,2,09:15:00,10:00:00,PRESENT,2026-08-28 09:15:00,1,1,2026-09-01 10:59:33,1,2026-09-01 10:59:33,NULL,0x00000000000031B1
199,1,2,1,3,5,5,5,284,2026-08-28,1,9,4,10:15:00,11:00:00,PRESENT,2026-08-28 10:15:00,1,1,2026-09-01 10:59:33,1,2026-09-01 10:59:33,NULL,0x00000000000031B2
200,1,2,1,3,5,5,5,285,2026-08-28,2,10,5,11:00:00,11:45:00,PRESENT,2026-08-28 11:00:00,1,1,2026-09-01 10:59:33,1,2026-09-01 10:59:33,NULL,0x00000000000031B3
201,1,2,1,3,5,5,5,287,2026-08-28,1,9,7,12:30:00,13:15:00,PRESENT,2026-08-28 12:30:00,1,1,2026-09-01 10:59:33,1,2026-09-01 10:59:33,NULL,0x00000000000031B4
202,1,2,1,3,5,5,5,288,2026-08-28,2,10,8,13:15:00,14:00:00,ABSENT,2026-08-28 13:15:00,1,1,2026-09-01 10:59:33,1,2026-09-01 10:59:33,NULL,0x00000000000031B5
203,1,2,1,3,5,5,5,290,2026-08-28,2,10,10,14:15:00,15:00:00,PRESENT,2026-08-28 14:15:00,1,1,2026-09-01 10:59:33,1,2026-09-01 10:59:33,NULL,0x00000000000031B6
204,1,2,1,3,5,5,5,291,2026-08-29,1,9,1,08:30:00,09:15:00,PRESENT,2026-08-29 08:30:00,1,1,2026-09-01 10:59:33,1,2026-09-01 10:59:33,NULL,0x00000000000031B7
205,1,2,1,3,5,5,5,292,2026-08-29,2,10,2,09:15:00,10:00:00,PRESENT,2026-08-29 09:15:00,1,1,2026-09-01 10:59:33,1,2026-09-01 10:59:33,NULL,0x00000000000031B8
206,1,2,1,3,5,5,5,294,2026-08-29,1,9,4,10:15:00,11:00:00,PRESENT,2026-08-29 10:15:00,1,1,2026-09-01 10:59:33,1,2026-09-01 10:59:33,NULL,0x00000000000031B9
207,1,2,1,3,5,5,5,295,2026-08-29,2,10,5,11:00:00,11:45:00,PRESENT,2026-08-29 11:00:00,1,1,2026-09-01 10:59:33,1,2026-09-01 10:59:33,NULL,0x00000000000031BA
208,1,2,1,3,5,5,5,297,2026-08-29,1,9,7,12:30:00,13:15:00,ABSENT,2026-08-29 12:30:00,1,1,2026-09-01 10:59:33,1,2026-09-01 10:59:33,NULL,0x00000000000031BB
209,1,2,1,3,5,5,5,298,2026-08-29,2,10,8,13:15:00,14:00:00,PRESENT,2026-08-29 13:15:00,1,1,2026-09-01 10:59:33,1,2026-09-01 10:59:33,NULL,0x00000000000031BC
210,1,2,1,3,5,5,5,300,2026-08-29,2,10,10,14:15:00,15:00:00,PRESENT,2026-08-29 14:15:00,1,1,2026-09-01 10:59:33,1,2026-09-01 10:59:33,NULL,0x00000000000031BD
211,1,2,1,3,6,6,6,301,2026-08-24,1,11,1,08:30:00,09:15:00,PRESENT,2026-08-24 08:30:00,1,1,2026-09-01 10:59:33,1,2026-09-01 10:59:33,NULL,0x00000000000031BE
212,1,2,1,3,6,6,6,302,2026-08-24,2,12,2,09:15:00,10:00:00,PRESENT,2026-08-24 09:15:00,1,1,2026-09-01 10:59:33,1,2026-09-01 10:59:33,NULL,0x00000000000031BF
213,1,2,1,3,6,6,6,304,2026-08-24,1,11,4,10:15:00,11:00:00,PRESENT,2026-08-24 10:15:00,1,1,2026-09-01 10:59:33,1,2026-09-01 10:59:33,NULL,0x00000000000031C0
214,1,2,1,3,6,6,6,305,2026-08-24,2,12,5,11:00:00,11:45:00,PRESENT,2026-08-24 11:00:00,1,1,2026-09-01 10:59:33,1,2026-09-01 10:59:33,NULL,0x00000000000031C1
215,1,2,1,3,6,6,6,307,2026-08-24,1,11,7,12:30:00,13:15:00,PRESENT,2026-08-24 12:30:00,1,1,2026-09-01 10:59:33,1,2026-09-01 10:59:33,NULL,0x00000000000031C2
216,1,2,1,3,6,6,6,308,2026-08-24,2,12,8,13:15:00,14:00:00,PRESENT,2026-08-24 13:15:00,1,1,2026-09-01 10:59:33,1,2026-09-01 10:59:33,NULL,0x00000000000031C3
217,1,2,1,3,6,6,6,310,2026-08-24,2,12,10,14:15:00,15:00:00,PRESENT,2026-08-24 14:15:00,1,1,2026-09-01 10:59:33,1,2026-09-01 10:59:33,NULL,0x00000000000031C4
218,1,2,1,3,6,6,6,311,2026-08-25,1,11,1,08:30:00,09:15:00,PRESENT,2026-08-25 08:30:00,1,1,2026-09-01 10:59:33,1,2026-09-01 10:59:33,NULL,0x00000000000031C5
219,1,2,1,3,6,6,6,312,2026-08-25,2,12,2,09:15:00,10:00:00,PRESENT,2026-08-25 09:15:00,1,1,2026-09-01 10:59:33,1,2026-09-01 10:59:33,NULL,0x00000000000031C6
220,1,2,1,3,6,6,6,314,2026-08-25,1,11,4,10:15:00,11:00:00,PRESENT,2026-08-25 10:15:00,1,1,2026-09-01 10:59:33,1,2026-09-01 10:59:33,NULL,0x00000000000031C7
221,1,2,1,3,6,6,6,315,2026-08-25,2,12,5,11:00:00,11:45:00,PRESENT,2026-08-25 11:00:00,1,1,2026-09-01 10:59:33,1,2026-09-01 10:59:33,NULL,0x00000000000031C8
222,1,2,1,3,6,6,6,317,2026-08-25,1,11,7,12:30:00,13:15:00,PRESENT,2026-08-25 12:30:00,1,1,2026-09-01 10:59:33,1,2026-09-01 10:59:33,NULL,0x00000000000031C9
223,1,2,1,3,6,6,6,318,2026-08-25,2,12,8,13:15:00,14:00:00,PRESENT,2026-08-25 13:15:00,1,1,2026-09-01 10:59:33,1,2026-09-01 10:59:33,NULL,0x00000000000031CA
224,1,2,1,3,6,6,6,320,2026-08-25,2,12,10,14:15:00,15:00:00,ABSENT,2026-08-25 14:15:00,1,1,2026-09-01 10:59:33,1,2026-09-01 10:59:33,NULL,0x00000000000031CB
225,1,2,1,3,6,6,6,321,2026-08-26,1,11,1,08:30:00,09:15:00,PRESENT,2026-08-26 08:30:00,1,1,2026-09-01 10:59:33,1,2026-09-01 10:59:33,NULL,0x00000000000031CC
226,1,2,1,3,6,6,6,322,2026-08-26,2,12,2,09:15:00,10:00:00,PRESENT,2026-08-26 09:15:00,1,1,2026-09-01 10:59:33,1,2026-09-01 10:59:33,NULL,0x00000000000031CD
227,1,2,1,3,6,6,6,324,2026-08-26,1,11,4,10:15:00,11:00:00,PRESENT,2026-08-26 10:15:00,1,1,2026-09-01 10:59:33,1,2026-09-01 10:59:33,NULL,0x00000000000031CE
228,1,2,1,3,6,6,6,325,2026-08-26,2,12,5,11:00:00,11:45:00,PRESENT,2026-08-26 11:00:00,1,1,2026-09-01 10:59:33,1,2026-09-01 10:59:33,NULL,0x00000000000031CF
229,1,2,1,3,6,6,6,327,2026-08-26,1,11,7,12:30:00,13:15:00,PRESENT,2026-08-26 12:30:00,1,1,2026-09-01 10:59:33,1,2026-09-01 10:59:33,NULL,0x00000000000031D0
230,1,2,1,3,6,6,6,328,2026-08-26,2,12,8,13:15:00,14:00:00,PRESENT,2026-08-26 13:15:00,1,1,2026-09-01 10:59:33,1,2026-09-01 10:59:33,NULL,0x00000000000031D1
231,1,2,1,3,6,6,6,330,2026-08-26,2,12,10,14:15:00,15:00:00,PRESENT,2026-08-26 14:15:00,1,1,2026-09-01 10:59:33,1,2026-09-01 10:59:33,NULL,0x00000000000031D2
232,1,2,1,3,6,6,6,331,2026-08-27,1,11,1,08:30:00,09:15:00,PRESENT,2026-08-27 08:30:00,1,1,2026-09-01 10:59:33,1,2026-09-01 10:59:33,NULL,0x00000000000031D3
233,1,2,1,3,6,6,6,332,2026-08-27,2,12,2,09:15:00,10:00:00,PRESENT,2026-08-27 09:15:00,1,1,2026-09-01 10:59:33,1,2026-09-01 10:59:33,NULL,0x00000000000031D4
234,1,2,1,3,6,6,6,334,2026-08-27,1,11,4,10:15:00,11:00:00,PRESENT,2026-08-27 10:15:00,1,1,2026-09-01 10:59:33,1,2026-09-01 10:59:33,NULL,0x00000000000031D5
235,1,2,1,3,6,6,6,335,2026-08-27,2,12,5,11:00:00,11:45:00,PRESENT,2026-08-27 11:00:00,1,1,2026-09-01 10:59:33,1,2026-09-01 10:59:33,NULL,0x00000000000031D6
236,1,2,1,3,6,6,6,337,2026-08-27,1,11,7,12:30:00,13:15:00,PRESENT,2026-08-27 12:30:00,1,1,2026-09-01 10:59:33,1,2026-09-01 10:59:33,NULL,0x00000000000031D7
237,1,2,1,3,6,6,6,338,2026-08-27,2,12,8,13:15:00,14:00:00,ABSENT,2026-08-27 13:15:00,1,1,2026-09-01 10:59:33,1,2026-09-01 10:59:33,NULL,0x00000000000031D8
238,1,2,1,3,6,6,6,340,2026-08-27,2,12,10,14:15:00,15:00:00,PRESENT,2026-08-27 14:15:00,1,1,2026-09-01 10:59:33,1,2026-09-01 10:59:33,NULL,0x00000000000031D9
239,1,2,1,3,6,6,6,341,2026-08-28,1,11,1,08:30:00,09:15:00,PRESENT,2026-08-28 08:30:00,1,1,2026-09-01 10:59:33,1,2026-09-01 10:59:33,NULL,0x00000000000031DA
240,1,2,1,3,6,6,6,342,2026-08-28,2,12,2,09:15:00,10:00:00,PRESENT,2026-08-28 09:15:00,1,1,2026-09-01 10:59:33,1,2026-09-01 10:59:33,NULL,0x00000000000031DB
241,1,2,1,3,6,6,6,344,2026-08-28,1,11,4,10:15:00,11:00:00,PRESENT,2026-08-28 10:15:00,1,1,2026-09-01 10:59:33,1,2026-09-01 10:59:33,NULL,0x00000000000031DC
242,1,2,1,3,6,6,6,345,2026-08-28,2,12,5,11:00:00,11:45:00,PRESENT,2026-08-28 11:00:00,1,1,2026-09-01 10:59:33,1,2026-09-01 10:59:33,NULL,0x00000000000031DD
243,1,2,1,3,6,6,6,347,2026-08-28,1,11,7,12:30:00,13:15:00,ABSENT,2026-08-28 12:30:00,1,1,2026-09-01 10:59:33,1,2026-09-01 10:59:33,NULL,0x00000000000031DE
244,1,2,1,3,6,6,6,348,2026-08-28,2,12,8,13:15:00,14:00:00,PRESENT,2026-08-28 13:15:00,1,1,2026-09-01 10:59:33,1,2026-09-01 10:59:33,NULL,0x00000000000031DF
245,1,2,1,3,6,6,6,350,2026-08-28,2,12,10,14:15:00,15:00:00,PRESENT,2026-08-28 14:15:00,1,1,2026-09-01 10:59:33,1,2026-09-01 10:59:33,NULL,0x00000000000031E0
246,1,2,1,3,6,6,6,351,2026-08-29,1,11,1,08:30:00,09:15:00,PRESENT,2026-08-29 08:30:00,1,1,2026-09-01 10:59:33,1,2026-09-01 10:59:33,NULL,0x00000000000031E1
247,1,2,1,3,6,6,6,352,2026-08-29,2,12,2,09:15:00,10:00:00,PRESENT,2026-08-29 09:15:00,1,1,2026-09-01 10:59:33,1,2026-09-01 10:59:33,NULL,0x00000000000031E2
248,1,2,1,3,6,6,6,354,2026-08-29,1,11,4,10:15:00,11:00:00,PRESENT,2026-08-29 10:15:00,1,1,2026-09-01 10:59:33,1,2026-09-01 10:59:33,NULL,0x00000000000031E3
249,1,2,1,3,6,6,6,355,2026-08-29,2,12,5,11:00:00,11:45:00,PRESENT,2026-08-29 11:00:00,1,1,2026-09-01 10:59:33,1,2026-09-01 10:59:33,NULL,0x00000000000031E4
250,1,2,1,3,6,6,6,357,2026-08-29,1,11,7,12:30:00,13:15:00,PRESENT,2026-08-29 12:30:00,1,1,2026-09-01 10:59:33,1,2026-09-01 10:59:33,NULL,0x00000000000031E5
251,1,2,1,3,6,6,6,358,2026-08-29,2,12,8,13:15:00,14:00:00,PRESENT,2026-08-29 13:15:00,1,1,2026-09-01 10:59:33,1,2026-09-01 10:59:33,NULL,0x00000000000031E6
252,1,2,1,3,6,6,6,360,2026-08-29,2,12,10,14:15:00,15:00:00,PRESENT,2026-08-29 14:15:00,1,1,2026-09-01 10:59:33,1,2026-09-01 10:59:33,NULL,0x00000000000031E7
253,1,2,1,4,7,7,7,361,2026-08-24,1,13,1,08:30:00,09:15:00,PRESENT,2026-08-24 08:30:00,1,1,2026-09-01 10:59:33,1,2026-09-01 10:59:33,NULL,0x00000000000031E8
254,1,2,1,4,7,7,7,362,2026-08-24,2,14,2,09:15:00,10:00:00,PRESENT,2026-08-24 09:15:00,1,1,2026-09-01 10:59:33,1,2026-09-01 10:59:33,NULL,0x00000000000031E9
255,1,2,1,4,7,7,7,364,2026-08-24,1,13,4,10:15:00,11:00:00,PRESENT,2026-08-24 10:15:00,1,1,2026-09-01 10:59:33,1,2026-09-01 10:59:33,NULL,0x00000000000031EA
256,1,2,1,4,7,7,7,365,2026-08-24,2,14,5,11:00:00,11:45:00,PRESENT,2026-08-24 11:00:00,1,1,2026-09-01 10:59:33,1,2026-09-01 10:59:33,NULL,0x00000000000031EB
257,1,2,1,4,7,7,7,367,2026-08-24,1,13,7,12:30:00,13:15:00,PRESENT,2026-08-24 12:30:00,1,1,2026-09-01 10:59:33,1,2026-09-01 10:59:33,NULL,0x00000000000031EC
258,1,2,1,4,7,7,7,368,2026-08-24,2,14,8,13:15:00,14:00:00,PRESENT,2026-08-24 13:15:00,1,1,2026-09-01 10:59:33,1,2026-09-01 10:59:33,NULL,0x00000000000031ED
259,1,2,1,4,7,7,7,370,2026-08-24,2,14,10,14:15:00,15:00:00,ABSENT,2026-08-24 14:15:00,1,1,2026-09-01 10:59:33,1,2026-09-01 10:59:33,NULL,0x00000000000031EE
260,1,2,1,4,7,7,7,371,2026-08-25,1,13,1,08:30:00,09:15:00,PRESENT,2026-08-25 08:30:00,1,1,2026-09-01 10:59:33,1,2026-09-01 10:59:33,NULL,0x00000000000031EF
261,1,2,1,4,7,7,7,372,2026-08-25,2,14,2,09:15:00,10:00:00,PRESENT,2026-08-25 09:15:00,1,1,2026-09-01 10:59:33,1,2026-09-01 10:59:33,NULL,0x00000000000031F0
262,1,2,1,4,7,7,7,374,2026-08-25,1,13,4,10:15:00,11:00:00,PRESENT,2026-08-25 10:15:00,1,1,2026-09-01 10:59:33,1,2026-09-01 10:59:33,NULL,0x00000000000031F1
263,1,2,1,4,7,7,7,375,2026-08-25,2,14,5,11:00:00,11:45:00,PRESENT,2026-08-25 11:00:00,1,1,2026-09-01 10:59:33,1,2026-09-01 10:59:33,NULL,0x00000000000031F2
264,1,2,1,4,7,7,7,377,2026-08-25,1,13,7,12:30:00,13:15:00,PRESENT,2026-08-25 12:30:00,1,1,2026-09-01 10:59:33,1,2026-09-01 10:59:33,NULL,0x00000000000031F3
265,1,2,1,4,7,7,7,378,2026-08-25,2,14,8,13:15:00,14:00:00,PRESENT,2026-08-25 13:15:00,1,1,2026-09-01 10:59:33,1,2026-09-01 10:59:33,NULL,0x00000000000031F4
266,1,2,1,4,7,7,7,380,2026-08-25,2,14,10,14:15:00,15:00:00,PRESENT,2026-08-25 14:15:00,1,1,2026-09-01 10:59:33,1,2026-09-01 10:59:33,NULL,0x00000000000031F5
267,1,2,1,4,7,7,7,381,2026-08-26,1,13,1,08:30:00,09:15:00,PRESENT,2026-08-26 08:30:00,1,1,2026-09-01 10:59:33,1,2026-09-01 10:59:33,NULL,0x00000000000031F6
268,1,2,1,4,7,7,7,382,2026-08-26,2,14,2,09:15:00,10:00:00,PRESENT,2026-08-26 09:15:00,1,1,2026-09-01 10:59:33,1,2026-09-01 10:59:33,NULL,0x00000000000031F7
269,1,2,1,4,7,7,7,384,2026-08-26,1,13,4,10:15:00,11:00:00,PRESENT,2026-08-26 10:15:00,1,1,2026-09-01 10:59:33,1,2026-09-01 10:59:33,NULL,0x00000000000031F8
270,1,2,1,4,7,7,7,385,2026-08-26,2,14,5,11:00:00,11:45:00,PRESENT,2026-08-26 11:00:00,1,1,2026-09-01 10:59:33,1,2026-09-01 10:59:33,NULL,0x00000000000031F9
271,1,2,1,4,7,7,7,387,2026-08-26,1,13,7,12:30:00,13:15:00,PRESENT,2026-08-26 12:30:00,1,1,2026-09-01 10:59:33,1,2026-09-01 10:59:33,NULL,0x00000000000031FA
272,1,2,1,4,7,7,7,388,2026-08-26,2,14,8,13:15:00,14:00:00,ABSENT,2026-08-26 13:15:00,1,1,2026-09-01 10:59:33,1,2026-09-01 10:59:33,NULL,0x00000000000031FB
273,1,2,1,4,7,7,7,390,2026-08-26,2,14,10,14:15:00,15:00:00,PRESENT,2026-08-26 14:15:00,1,1,2026-09-01 10:59:33,1,2026-09-01 10:59:33,NULL,0x00000000000031FC
274,1,2,1,4,7,7,7,391,2026-08-27,1,13,1,08:30:00,09:15:00,PRESENT,2026-08-27 08:30:00,1,1,2026-09-01 10:59:33,1,2026-09-01 10:59:33,NULL,0x00000000000031FD
275,1,2,1,4,7,7,7,392,2026-08-27,2,14,2,09:15:00,10:00:00,PRESENT,2026-08-27 09:15:00,1,1,2026-09-01 10:59:33,1,2026-09-01 10:59:33,NULL,0x00000000000031FE
276,1,2,1,4,7,7,7,394,2026-08-27,1,13,4,10:15:00,11:00:00,PRESENT,2026-08-27 10:15:00,1,1,2026-09-01 10:59:33,1,2026-09-01 10:59:33,NULL,0x00000000000031FF
277,1,2,1,4,7,7,7,395,2026-08-27,2,14,5,11:00:00,11:45:00,PRESENT,2026-08-27 11:00:00,1,1,2026-09-01 10:59:33,1,2026-09-01 10:59:33,NULL,0x0000000000003201
278,1,2,1,4,7,7,7,397,2026-08-27,1,13,7,12:30:00,13:15:00,ABSENT,2026-08-27 12:30:00,1,1,2026-09-01 10:59:33,1,2026-09-01 10:59:33,NULL,0x0000000000003202
279,1,2,1,4,7,7,7,398,2026-08-27,2,14,8,13:15:00,14:00:00,PRESENT,2026-08-27 13:15:00,1,1,2026-09-01 10:59:33,1,2026-09-01 10:59:33,NULL,0x0000000000003203
280,1,2,1,4,7,7,7,400,2026-08-27,2,14,10,14:15:00,15:00:00,PRESENT,2026-08-27 14:15:00,1,1,2026-09-01 10:59:33,1,2026-09-01 10:59:33,NULL,0x0000000000003204
281,1,2,1,4,7,7,7,401,2026-08-28,1,13,1,08:30:00,09:15:00,PRESENT,2026-08-28 08:30:00,1,1,2026-09-01 10:59:33,1,2026-09-01 10:59:33,NULL,0x0000000000003205
282,1,2,1,4,7,7,7,402,2026-08-28,2,14,2,09:15:00,10:00:00,PRESENT,2026-08-28 09:15:00,1,1,2026-09-01 10:59:33,1,2026-09-01 10:59:33,NULL,0x0000000000003206
283,1,2,1,4,7,7,7,404,2026-08-28,1,13,4,10:15:00,11:00:00,PRESENT,2026-08-28 10:15:00,1,1,2026-09-01 10:59:33,1,2026-09-01 10:59:33,NULL,0x0000000000003207
284,1,2,1,4,7,7,7,405,2026-08-28,2,14,5,11:00:00,11:45:00,PRESENT,2026-08-28 11:00:00,1,1,2026-09-01 10:59:33,1,2026-09-01 10:59:33,NULL,0x0000000000003208
285,1,2,1,4,7,7,7,407,2026-08-28,1,13,7,12:30:00,13:15:00,PRESENT,2026-08-28 12:30:00,1,1,2026-09-01 10:59:33,1,2026-09-01 10:59:33,NULL,0x0000000000003209
286,1,2,1,4,7,7,7,408,2026-08-28,2,14,8,13:15:00,14:00:00,PRESENT,2026-08-28 13:15:00,1,1,2026-09-01 10:59:33,1,2026-09-01 10:59:33,NULL,0x000000000000320A
287,1,2,1,4,7,7,7,410,2026-08-28,2,14,10,14:15:00,15:00:00,PRESENT,2026-08-28 14:15:00,1,1,2026-09-01 10:59:33,1,2026-09-01 10:59:33,NULL,0x000000000000320B
288,1,2,1,4,7,7,7,411,2026-08-29,1,13,1,08:30:00,09:15:00,PRESENT,2026-08-29 08:30:00,1,1,2026-09-01 10:59:33,1,2026-09-01 10:59:33,NULL,0x000000000000320C
289,1,2,1,4,7,7,7,412,2026-08-29,2,14,2,09:15:00,10:00:00,PRESENT,2026-08-29 09:15:00,1,1,2026-09-01 10:59:33,1,2026-09-01 10:59:33,NULL,0x000000000000320D
290,1,2,1,4,7,7,7,414,2026-08-29,1,13,4,10:15:00,11:00:00,PRESENT,2026-08-29 10:15:00,1,1,2026-09-01 10:59:33,1,2026-09-01 10:59:33,NULL,0x000000000000320E
291,1,2,1,4,7,7,7,415,2026-08-29,2,14,5,11:00:00,11:45:00,ABSENT,2026-08-29 11:00:00,1,1,2026-09-01 10:59:33,1,2026-09-01 10:59:33,NULL,0x000000000000320F
292,1,2,1,4,7,7,7,417,2026-08-29,1,13,7,12:30:00,13:15:00,PRESENT,2026-08-29 12:30:00,1,1,2026-09-01 10:59:33,1,2026-09-01 10:59:33,NULL,0x0000000000003210
293,1,2,1,4,7,7,7,418,2026-08-29,2,14,8,13:15:00,14:00:00,PRESENT,2026-08-29 13:15:00,1,1,2026-09-01 10:59:33,1,2026-09-01 10:59:33,NULL,0x0000000000003211
294,1,2,1,4,7,7,7,420,2026-08-29,2,14,10,14:15:00,15:00:00,PRESENT,2026-08-29 14:15:00,1,1,2026-09-01 10:59:33,1,2026-09-01 10:59:33,NULL,0x0000000000003212
295,1,2,1,4,8,8,8,421,2026-08-24,1,15,1,08:30:00,09:15:00,PRESENT,2026-08-24 08:30:00,1,1,2026-09-01 10:59:33,1,2026-09-01 10:59:33,NULL,0x0000000000003213
296,1,2,1,4,8,8,8,422,2026-08-24,2,16,2,09:15:00,10:00:00,PRESENT,2026-08-24 09:15:00,1,1,2026-09-01 10:59:33,1,2026-09-01 10:59:33,NULL,0x0000000000003214
297,1,2,1,4,8,8,8,424,2026-08-24,1,15,4,10:15:00,11:00:00,PRESENT,2026-08-24 10:15:00,1,1,2026-09-01 10:59:33,1,2026-09-01 10:59:33,NULL,0x0000000000003215
298,1,2,1,4,8,8,8,425,2026-08-24,2,16,5,11:00:00,11:45:00,PRESENT,2026-08-24 11:00:00,1,1,2026-09-01 10:59:33,1,2026-09-01 10:59:33,NULL,0x0000000000003216
299,1,2,1,4,8,8,8,427,2026-08-24,1,15,7,12:30:00,13:15:00,PRESENT,2026-08-24 12:30:00,1,1,2026-09-01 10:59:33,1,2026-09-01 10:59:33,NULL,0x0000000000003217
300,1,2,1,4,8,8,8,428,2026-08-24,2,16,8,13:15:00,14:00:00,PRESENT,2026-08-24 13:15:00,1,1,2026-09-01 10:59:33,1,2026-09-01 10:59:33,NULL,0x0000000000003218
301,1,2,1,4,8,8,8,430,2026-08-24,2,16,10,14:15:00,15:00:00,PRESENT,2026-08-24 14:15:00,1,1,2026-09-01 10:59:33,1,2026-09-01 10:59:33,NULL,0x0000000000003219
302,1,2,1,4,8,8,8,431,2026-08-25,1,15,1,08:30:00,09:15:00,PRESENT,2026-08-25 08:30:00,1,1,2026-09-01 10:59:33,1,2026-09-01 10:59:33,NULL,0x000000000000321A
303,1,2,1,4,8,8,8,432,2026-08-25,2,16,2,09:15:00,10:00:00,PRESENT,2026-08-25 09:15:00,1,1,2026-09-01 10:59:33,1,2026-09-01 10:59:33,NULL,0x000000000000321B
304,1,2,1,4,8,8,8,434,2026-08-25,1,15,4,10:15:00,11:00:00,PRESENT,2026-08-25 10:15:00,1,1,2026-09-01 10:59:33,1,2026-09-01 10:59:33,NULL,0x000000000000321C
305,1,2,1,4,8,8,8,435,2026-08-25,2,16,5,11:00:00,11:45:00,PRESENT,2026-08-25 11:00:00,1,1,2026-09-01 10:59:33,1,2026-09-01 10:59:33,NULL,0x000000000000321D
306,1,2,1,4,8,8,8,437,2026-08-25,1,15,7,12:30:00,13:15:00,PRESENT,2026-08-25 12:30:00,1,1,2026-09-01 10:59:33,1,2026-09-01 10:59:33,NULL,0x000000000000321E
307,1,2,1,4,8,8,8,438,2026-08-25,2,16,8,13:15:00,14:00:00,ABSENT,2026-08-25 13:15:00,1,1,2026-09-01 10:59:33,1,2026-09-01 10:59:33,NULL,0x000000000000321F
308,1,2,1,4,8,8,8,440,2026-08-25,2,16,10,14:15:00,15:00:00,PRESENT,2026-08-25 14:15:00,1,1,2026-09-01 10:59:33,1,2026-09-01 10:59:33,NULL,0x0000000000003220
309,1,2,1,4,8,8,8,441,2026-08-26,1,15,1,08:30:00,09:15:00,PRESENT,2026-08-26 08:30:00,1,1,2026-09-01 10:59:33,1,2026-09-01 10:59:33,NULL,0x0000000000003221
310,1,2,1,4,8,8,8,442,2026-08-26,2,16,2,09:15:00,10:00:00,PRESENT,2026-08-26 09:15:00,1,1,2026-09-01 10:59:33,1,2026-09-01 10:59:33,NULL,0x0000000000003222
311,1,2,1,4,8,8,8,444,2026-08-26,1,15,4,10:15:00,11:00:00,PRESENT,2026-08-26 10:15:00,1,1,2026-09-01 10:59:33,1,2026-09-01 10:59:33,NULL,0x0000000000003223
312,1,2,1,4,8,8,8,445,2026-08-26,2,16,5,11:00:00,11:45:00,PRESENT,2026-08-26 11:00:00,1,1,2026-09-01 10:59:33,1,2026-09-01 10:59:33,NULL,0x0000000000003224
313,1,2,1,4,8,8,8,447,2026-08-26,1,15,7,12:30:00,13:15:00,ABSENT,2026-08-26 12:30:00,1,1,2026-09-01 10:59:33,1,2026-09-01 10:59:33,NULL,0x0000000000003225
314,1,2,1,4,8,8,8,448,2026-08-26,2,16,8,13:15:00,14:00:00,PRESENT,2026-08-26 13:15:00,1,1,2026-09-01 10:59:33,1,2026-09-01 10:59:33,NULL,0x0000000000003226
315,1,2,1,4,8,8,8,450,2026-08-26,2,16,10,14:15:00,15:00:00,PRESENT,2026-08-26 14:15:00,1,1,2026-09-01 10:59:33,1,2026-09-01 10:59:33,NULL,0x0000000000003227
316,1,2,1,4,8,8,8,451,2026-08-27,1,15,1,08:30:00,09:15:00,PRESENT,2026-08-27 08:30:00,1,1,2026-09-01 10:59:33,1,2026-09-01 10:59:33,NULL,0x0000000000003228
317,1,2,1,4,8,8,8,452,2026-08-27,2,16,2,09:15:00,10:00:00,PRESENT,2026-08-27 09:15:00,1,1,2026-09-01 10:59:33,1,2026-09-01 10:59:33,NULL,0x0000000000003229
318,1,2,1,4,8,8,8,454,2026-08-27,1,15,4,10:15:00,11:00:00,PRESENT,2026-08-27 10:15:00,1,1,2026-09-01 10:59:33,1,2026-09-01 10:59:33,NULL,0x000000000000322A
319,1,2,1,4,8,8,8,455,2026-08-27,2,16,5,11:00:00,11:45:00,PRESENT,2026-08-27 11:00:00,1,1,2026-09-01 10:59:33,1,2026-09-01 10:59:33,NULL,0x000000000000322B
320,1,2,1,4,8,8,8,457,2026-08-27,1,15,7,12:30:00,13:15:00,PRESENT,2026-08-27 12:30:00,1,1,2026-09-01 10:59:33,1,2026-09-01 10:59:33,NULL,0x000000000000322C
321,1,2,1,4,8,8,8,458,2026-08-27,2,16,8,13:15:00,14:00:00,PRESENT,2026-08-27 13:15:00,1,1,2026-09-01 10:59:33,1,2026-09-01 10:59:33,NULL,0x000000000000322D
322,1,2,1,4,8,8,8,460,2026-08-27,2,16,10,14:15:00,15:00:00,PRESENT,2026-08-27 14:15:00,1,1,2026-09-01 10:59:33,1,2026-09-01 10:59:33,NULL,0x000000000000322E
323,1,2,1,4,8,8,8,461,2026-08-28,1,15,1,08:30:00,09:15:00,PRESENT,2026-08-28 08:30:00,1,1,2026-09-01 10:59:33,1,2026-09-01 10:59:33,NULL,0x000000000000322F
324,1,2,1,4,8,8,8,462,2026-08-28,2,16,2,09:15:00,10:00:00,PRESENT,2026-08-28 09:15:00,1,1,2026-09-01 10:59:33,1,2026-09-01 10:59:33,NULL,0x0000000000003230
325,1,2,1,4,8,8,8,464,2026-08-28,1,15,4,10:15:00,11:00:00,PRESENT,2026-08-28 10:15:00,1,1,2026-09-01 10:59:33,1,2026-09-01 10:59:33,NULL,0x0000000000003231
326,1,2,1,4,8,8,8,465,2026-08-28,2,16,5,11:00:00,11:45:00,ABSENT,2026-08-28 11:00:00,1,1,2026-09-01 10:59:33,1,2026-09-01 10:59:33,NULL,0x0000000000003232
327,1,2,1,4,8,8,8,467,2026-08-28,1,15,7,12:30:00,13:15:00,PRESENT,2026-08-28 12:30:00,1,1,2026-09-01 10:59:33,1,2026-09-01 10:59:33,NULL,0x0000000000003233
328,1,2,1,4,8,8,8,468,2026-08-28,2,16,8,13:15:00,14:00:00,PRESENT,2026-08-28 13:15:00,1,1,2026-09-01 10:59:33,1,2026-09-01 10:59:33,NULL,0x0000000000003234
329,1,2,1,4,8,8,8,470,2026-08-28,2,16,10,14:15:00,15:00:00,PRESENT,2026-08-28 14:15:00,1,1,2026-09-01 10:59:33,1,2026-09-01 10:59:33,NULL,0x0000000000003235
330,1,2,1,4,8,8,8,471,2026-08-29,1,15,1,08:30:00,09:15:00,PRESENT,2026-08-29 08:30:00,1,1,2026-09-01 10:59:33,1,2026-09-01 10:59:33,NULL,0x0000000000003236
331,1,2,1,4,8,8,8,472,2026-08-29,2,16,2,09:15:00,10:00:00,PRESENT,2026-08-29 09:15:00,1,1,2026-09-01 10:59:33,1,2026-09-01 10:59:33,NULL,0x0000000000003237
332,1,2,1,4,8,8,8,474,2026-08-29,1,15,4,10:15:00,11:00:00,ABSENT,2026-08-29 10:15:00,1,1,2026-09-01 10:59:33,1,2026-09-01 10:59:33,NULL,0x0000000000003238
333,1,2,1,4,8,8,8,475,2026-08-29,2,16,5,11:00:00,11:45:00,PRESENT,2026-08-29 11:00:00,1,1,2026-09-01 10:59:33,1,2026-09-01 10:59:33,NULL,0x0000000000003239
334,1,2,1,4,8,8,8,477,2026-08-29,1,15,7,12:30:00,13:15:00,PRESENT,2026-08-29 12:30:00,1,1,2026-09-01 10:59:33,1,2026-09-01 10:59:33,NULL,0x000000000000323A
335,1,2,1,4,8,8,8,478,2026-08-29,2,16,8,13:15:00,14:00:00,PRESENT,2026-08-29 13:15:00,1,1,2026-09-01 10:59:33,1,2026-09-01 10:59:33,NULL,0x000000000000323B
336,1,2,1,4,8,8,8,480,2026-08-29,2,16,10,14:15:00,15:00:00,PRESENT,2026-08-29 14:15:00,1,1,2026-09-01 10:59:33,1,2026-09-01 10:59:33,NULL,0x000000000000323C
337,2,3,2,5,9,9,9,481,2026-08-24,7,17,1,08:30:00,09:15:00,PRESENT,2026-08-24 08:30:00,1,1,2026-09-01 10:59:33,1,2026-09-01 10:59:33,NULL,0x000000000000323D
338,2,3,2,5,9,9,9,482,2026-08-24,8,18,2,09:15:00,10:00:00,PRESENT,2026-08-24 09:15:00,1,1,2026-09-01 10:59:33,1,2026-09-01 10:59:33,NULL,0x000000000000323E
339,2,3,2,5,9,9,9,484,2026-08-24,7,17,4,10:15:00,11:00:00,PRESENT,2026-08-24 10:15:00,1,1,2026-09-01 10:59:33,1,2026-09-01 10:59:33,NULL,0x000000000000323F
340,2,3,2,5,9,9,9,485,2026-08-24,8,18,5,11:00:00,11:45:00,PRESENT,2026-08-24 11:00:00,1,1,2026-09-01 10:59:33,1,2026-09-01 10:59:33,NULL,0x0000000000003240
341,2,3,2,5,9,9,9,487,2026-08-24,7,17,7,12:30:00,13:15:00,PRESENT,2026-08-24 12:30:00,1,1,2026-09-01 10:59:33,1,2026-09-01 10:59:33,NULL,0x0000000000003241
342,2,3,2,5,9,9,9,488,2026-08-24,8,18,8,13:15:00,14:00:00,ABSENT,2026-08-24 13:15:00,1,1,2026-09-01 10:59:33,1,2026-09-01 10:59:33,NULL,0x0000000000003242
343,2,3,2,5,9,9,9,490,2026-08-24,8,18,10,14:15:00,15:00:00,PRESENT,2026-08-24 14:15:00,1,1,2026-09-01 10:59:33,1,2026-09-01 10:59:33,NULL,0x0000000000003243
344,2,3,2,5,9,9,9,491,2026-08-25,7,17,1,08:30:00,09:15:00,PRESENT,2026-08-25 08:30:00,1,1,2026-09-01 10:59:33,1,2026-09-01 10:59:33,NULL,0x0000000000003244
345,2,3,2,5,9,9,9,492,2026-08-25,8,18,2,09:15:00,10:00:00,PRESENT,2026-08-25 09:15:00,1,1,2026-09-01 10:59:33,1,2026-09-01 10:59:33,NULL,0x0000000000003245
346,2,3,2,5,9,9,9,494,2026-08-25,7,17,4,10:15:00,11:00:00,PRESENT,2026-08-25 10:15:00,1,1,2026-09-01 10:59:33,1,2026-09-01 10:59:33,NULL,0x0000000000003246
347,2,3,2,5,9,9,9,495,2026-08-25,8,18,5,11:00:00,11:45:00,PRESENT,2026-08-25 11:00:00,1,1,2026-09-01 10:59:33,1,2026-09-01 10:59:33,NULL,0x0000000000003247
348,2,3,2,5,9,9,9,497,2026-08-25,7,17,7,12:30:00,13:15:00,ABSENT,2026-08-25 12:30:00,1,1,2026-09-01 10:59:33,1,2026-09-01 10:59:33,NULL,0x0000000000003248
349,2,3,2,5,9,9,9,498,2026-08-25,8,18,8,13:15:00,14:00:00,PRESENT,2026-08-25 13:15:00,1,1,2026-09-01 10:59:33,1,2026-09-01 10:59:33,NULL,0x0000000000003249
350,2,3,2,5,9,9,9,500,2026-08-25,8,18,10,14:15:00,15:00:00,PRESENT,2026-08-25 14:15:00,1,1,2026-09-01 10:59:33,1,2026-09-01 10:59:33,NULL,0x000000000000324A
351,2,3,2,5,9,9,9,501,2026-08-26,7,17,1,08:30:00,09:15:00,PRESENT,2026-08-26 08:30:00,1,1,2026-09-01 10:59:33,1,2026-09-01 10:59:33,NULL,0x000000000000324B
352,2,3,2,5,9,9,9,502,2026-08-26,8,18,2,09:15:00,10:00:00,PRESENT,2026-08-26 09:15:00,1,1,2026-09-01 10:59:33,1,2026-09-01 10:59:33,NULL,0x000000000000324C
353,2,3,2,5,9,9,9,504,2026-08-26,7,17,4,10:15:00,11:00:00,PRESENT,2026-08-26 10:15:00,1,1,2026-09-01 10:59:33,1,2026-09-01 10:59:33,NULL,0x000000000000324D
354,2,3,2,5,9,9,9,505,2026-08-26,8,18,5,11:00:00,11:45:00,PRESENT,2026-08-26 11:00:00,1,1,2026-09-01 10:59:33,1,2026-09-01 10:59:33,NULL,0x000000000000324E
355,2,3,2,5,9,9,9,507,2026-08-26,7,17,7,12:30:00,13:15:00,PRESENT,2026-08-26 12:30:00,1,1,2026-09-01 10:59:33,1,2026-09-01 10:59:33,NULL,0x000000000000324F
356,2,3,2,5,9,9,9,508,2026-08-26,8,18,8,13:15:00,14:00:00,PRESENT,2026-08-26 13:15:00,1,1,2026-09-01 10:59:33,1,2026-09-01 10:59:33,NULL,0x0000000000003250
357,2,3,2,5,9,9,9,510,2026-08-26,8,18,10,14:15:00,15:00:00,PRESENT,2026-08-26 14:15:00,1,1,2026-09-01 10:59:33,1,2026-09-01 10:59:33,NULL,0x0000000000003251
358,2,3,2,5,9,9,9,511,2026-08-27,7,17,1,08:30:00,09:15:00,PRESENT,2026-08-27 08:30:00,1,1,2026-09-01 10:59:33,1,2026-09-01 10:59:33,NULL,0x0000000000003252
359,2,3,2,5,9,9,9,512,2026-08-27,8,18,2,09:15:00,10:00:00,PRESENT,2026-08-27 09:15:00,1,1,2026-09-01 10:59:33,1,2026-09-01 10:59:33,NULL,0x0000000000003253
360,2,3,2,5,9,9,9,514,2026-08-27,7,17,4,10:15:00,11:00:00,PRESENT,2026-08-27 10:15:00,1,1,2026-09-01 10:59:33,1,2026-09-01 10:59:33,NULL,0x0000000000003254
361,2,3,2,5,9,9,9,515,2026-08-27,8,18,5,11:00:00,11:45:00,ABSENT,2026-08-27 11:00:00,1,1,2026-09-01 10:59:33,1,2026-09-01 10:59:33,NULL,0x0000000000003255
362,2,3,2,5,9,9,9,517,2026-08-27,7,17,7,12:30:00,13:15:00,PRESENT,2026-08-27 12:30:00,1,1,2026-09-01 10:59:33,1,2026-09-01 10:59:33,NULL,0x0000000000003256
363,2,3,2,5,9,9,9,518,2026-08-27,8,18,8,13:15:00,14:00:00,PRESENT,2026-08-27 13:15:00,1,1,2026-09-01 10:59:33,1,2026-09-01 10:59:33,NULL,0x0000000000003257
364,2,3,2,5,9,9,9,520,2026-08-27,8,18,10,14:15:00,15:00:00,PRESENT,2026-08-27 14:15:00,1,1,2026-09-01 10:59:33,1,2026-09-01 10:59:33,NULL,0x0000000000003258
365,2,3,2,5,9,9,9,521,2026-08-28,7,17,1,08:30:00,09:15:00,PRESENT,2026-08-28 08:30:00,1,1,2026-09-01 10:59:33,1,2026-09-01 10:59:33,NULL,0x0000000000003259
366,2,3,2,5,9,9,9,522,2026-08-28,8,18,2,09:15:00,10:00:00,PRESENT,2026-08-28 09:15:00,1,1,2026-09-01 10:59:33,1,2026-09-01 10:59:33,NULL,0x000000000000325A
367,2,3,2,5,9,9,9,524,2026-08-28,7,17,4,10:15:00,11:00:00,ABSENT,2026-08-28 10:15:00,1,1,2026-09-01 10:59:33,1,2026-09-01 10:59:33,NULL,0x000000000000325B
368,2,3,2,5,9,9,9,525,2026-08-28,8,18,5,11:00:00,11:45:00,PRESENT,2026-08-28 11:00:00,1,1,2026-09-01 10:59:33,1,2026-09-01 10:59:33,NULL,0x000000000000325C
369,2,3,2,5,9,9,9,527,2026-08-28,7,17,7,12:30:00,13:15:00,PRESENT,2026-08-28 12:30:00,1,1,2026-09-01 10:59:33,1,2026-09-01 10:59:33,NULL,0x000000000000325D
370,2,3,2,5,9,9,9,528,2026-08-28,8,18,8,13:15:00,14:00:00,PRESENT,2026-08-28 13:15:00,1,1,2026-09-01 10:59:33,1,2026-09-01 10:59:33,NULL,0x000000000000325E
371,2,3,2,5,9,9,9,530,2026-08-28,8,18,10,14:15:00,15:00:00,PRESENT,2026-08-28 14:15:00,1,1,2026-09-01 10:59:33,1,2026-09-01 10:59:33,NULL,0x000000000000325F
372,2,3,2,5,9,9,9,531,2026-08-29,7,17,1,08:30:00,09:15:00,PRESENT,2026-08-29 08:30:00,1,1,2026-09-01 10:59:33,1,2026-09-01 10:59:33,NULL,0x0000000000003260
373,2,3,2,5,9,9,9,532,2026-08-29,8,18,2,09:15:00,10:00:00,PRESENT,2026-08-29 09:15:00,1,1,2026-09-01 10:59:33,1,2026-09-01 10:59:33,NULL,0x0000000000003261
374,2,3,2,5,9,9,9,534,2026-08-29,7,17,4,10:15:00,11:00:00,PRESENT,2026-08-29 10:15:00,1,1,2026-09-01 10:59:33,1,2026-09-01 10:59:33,NULL,0x0000000000003262
375,2,3,2,5,9,9,9,535,2026-08-29,8,18,5,11:00:00,11:45:00,PRESENT,2026-08-29 11:00:00,1,1,2026-09-01 10:59:33,1,2026-09-01 10:59:33,NULL,0x0000000000003263
376,2,3,2,5,9,9,9,537,2026-08-29,7,17,7,12:30:00,13:15:00,PRESENT,2026-08-29 12:30:00,1,1,2026-09-01 10:59:33,1,2026-09-01 10:59:33,NULL,0x0000000000003264
377,2,3,2,5,9,9,9,538,2026-08-29,8,18,8,13:15:00,14:00:00,PRESENT,2026-08-29 13:15:00,1,1,2026-09-01 10:59:33,1,2026-09-01 10:59:33,NULL,0x0000000000003265
378,2,3,2,5,9,9,9,540,2026-08-29,8,18,10,14:15:00,15:00:00,PRESENT,2026-08-29 14:15:00,1,1,2026-09-01 10:59:33,1,2026-09-01 10:59:33,NULL,0x0000000000003266
379,2,3,2,5,10,10,10,541,2026-08-24,7,19,1,08:30:00,09:15:00,PRESENT,2026-08-24 08:30:00,1,1,2026-09-01 10:59:33,1,2026-09-01 10:59:33,NULL,0x0000000000003267
380,2,3,2,5,10,10,10,542,2026-08-24,8,20,2,09:15:00,10:00:00,PRESENT,2026-08-24 09:15:00,1,1,2026-09-01 10:59:33,1,2026-09-01 10:59:33,NULL,0x0000000000003268
381,2,3,2,5,10,10,10,544,2026-08-24,7,19,4,10:15:00,11:00:00,PRESENT,2026-08-24 10:15:00,1,1,2026-09-01 10:59:33,1,2026-09-01 10:59:33,NULL,0x0000000000003269
382,2,3,2,5,10,10,10,545,2026-08-24,8,20,5,11:00:00,11:45:00,PRESENT,2026-08-24 11:00:00,1,1,2026-09-01 10:59:33,1,2026-09-01 10:59:33,NULL,0x000000000000326A
383,2,3,2,5,10,10,10,547,2026-08-24,7,19,7,12:30:00,13:15:00,ABSENT,2026-08-24 12:30:00,1,1,2026-09-01 10:59:33,1,2026-09-01 10:59:33,NULL,0x000000000000326B
384,2,3,2,5,10,10,10,548,2026-08-24,8,20,8,13:15:00,14:00:00,PRESENT,2026-08-24 13:15:00,1,1,2026-09-01 10:59:33,1,2026-09-01 10:59:33,NULL,0x000000000000326C
385,2,3,2,5,10,10,10,550,2026-08-24,8,20,10,14:15:00,15:00:00,PRESENT,2026-08-24 14:15:00,1,1,2026-09-01 10:59:33,1,2026-09-01 10:59:33,NULL,0x000000000000326D
386,2,3,2,5,10,10,10,551,2026-08-25,7,19,1,08:30:00,09:15:00,PRESENT,2026-08-25 08:30:00,1,1,2026-09-01 10:59:33,1,2026-09-01 10:59:33,NULL,0x000000000000326E
387,2,3,2,5,10,10,10,552,2026-08-25,8,20,2,09:15:00,10:00:00,PRESENT,2026-08-25 09:15:00,1,1,2026-09-01 10:59:33,1,2026-09-01 10:59:33,NULL,0x000000000000326F
388,2,3,2,5,10,10,10,554,2026-08-25,7,19,4,10:15:00,11:00:00,PRESENT,2026-08-25 10:15:00,1,1,2026-09-01 10:59:33,1,2026-09-01 10:59:33,NULL,0x0000000000003270
389,2,3,2,5,10,10,10,555,2026-08-25,8,20,5,11:00:00,11:45:00,PRESENT,2026-08-25 11:00:00,1,1,2026-09-01 10:59:33,1,2026-09-01 10:59:33,NULL,0x0000000000003271
390,2,3,2,5,10,10,10,557,2026-08-25,7,19,7,12:30:00,13:15:00,PRESENT,2026-08-25 12:30:00,1,1,2026-09-01 10:59:33,1,2026-09-01 10:59:33,NULL,0x0000000000003272
391,2,3,2,5,10,10,10,558,2026-08-25,8,20,8,13:15:00,14:00:00,PRESENT,2026-08-25 13:15:00,1,1,2026-09-01 10:59:33,1,2026-09-01 10:59:33,NULL,0x0000000000003273
392,2,3,2,5,10,10,10,560,2026-08-25,8,20,10,14:15:00,15:00:00,PRESENT,2026-08-25 14:15:00,1,1,2026-09-01 10:59:33,1,2026-09-01 10:59:33,NULL,0x0000000000003274
393,2,3,2,5,10,10,10,561,2026-08-26,7,19,1,08:30:00,09:15:00,PRESENT,2026-08-26 08:30:00,1,1,2026-09-01 10:59:33,1,2026-09-01 10:59:33,NULL,0x0000000000003275
394,2,3,2,5,10,10,10,562,2026-08-26,8,20,2,09:15:00,10:00:00,PRESENT,2026-08-26 09:15:00,1,1,2026-09-01 10:59:33,1,2026-09-01 10:59:33,NULL,0x0000000000003276
395,2,3,2,5,10,10,10,564,2026-08-26,7,19,4,10:15:00,11:00:00,PRESENT,2026-08-26 10:15:00,1,1,2026-09-01 10:59:33,1,2026-09-01 10:59:33,NULL,0x0000000000003277
396,2,3,2,5,10,10,10,565,2026-08-26,8,20,5,11:00:00,11:45:00,ABSENT,2026-08-26 11:00:00,1,1,2026-09-01 10:59:33,1,2026-09-01 10:59:33,NULL,0x0000000000003278
397,2,3,2,5,10,10,10,567,2026-08-26,7,19,7,12:30:00,13:15:00,PRESENT,2026-08-26 12:30:00,1,1,2026-09-01 10:59:33,1,2026-09-01 10:59:33,NULL,0x0000000000003279
398,2,3,2,5,10,10,10,568,2026-08-26,8,20,8,13:15:00,14:00:00,PRESENT,2026-08-26 13:15:00,1,1,2026-09-01 10:59:33,1,2026-09-01 10:59:33,NULL,0x000000000000327A
399,2,3,2,5,10,10,10,570,2026-08-26,8,20,10,14:15:00,15:00:00,PRESENT,2026-08-26 14:15:00,1,1,2026-09-01 10:59:33,1,2026-09-01 10:59:33,NULL,0x000000000000327B
400,2,3,2,5,10,10,10,571,2026-08-27,7,19,1,08:30:00,09:15:00,PRESENT,2026-08-27 08:30:00,1,1,2026-09-01 10:59:33,1,2026-09-01 10:59:33,NULL,0x000000000000327C
401,2,3,2,5,10,10,10,572,2026-08-27,8,20,2,09:15:00,10:00:00,PRESENT,2026-08-27 09:15:00,1,1,2026-09-01 10:59:33,1,2026-09-01 10:59:33,NULL,0x000000000000327D
402,2,3,2,5,10,10,10,574,2026-08-27,7,19,4,10:15:00,11:00:00,ABSENT,2026-08-27 10:15:00,1,1,2026-09-01 10:59:33,1,2026-09-01 10:59:33,NULL,0x000000000000327E
403,2,3,2,5,10,10,10,575,2026-08-27,8,20,5,11:00:00,11:45:00,PRESENT,2026-08-27 11:00:00,1,1,2026-09-01 10:59:33,1,2026-09-01 10:59:33,NULL,0x000000000000327F
404,2,3,2,5,10,10,10,577,2026-08-27,7,19,7,12:30:00,13:15:00,PRESENT,2026-08-27 12:30:00,1,1,2026-09-01 10:59:33,1,2026-09-01 10:59:33,NULL,0x0000000000003280
405,2,3,2,5,10,10,10,578,2026-08-27,8,20,8,13:15:00,14:00:00,PRESENT,2026-08-27 13:15:00,1,1,2026-09-01 10:59:33,1,2026-09-01 10:59:33,NULL,0x0000000000003281
406,2,3,2,5,10,10,10,580,2026-08-27,8,20,10,14:15:00,15:00:00,PRESENT,2026-08-27 14:15:00,1,1,2026-09-01 10:59:33,1,2026-09-01 10:59:33,NULL,0x0000000000003282
407,2,3,2,5,10,10,10,581,2026-08-28,7,19,1,08:30:00,09:15:00,PRESENT,2026-08-28 08:30:00,1,1,2026-09-01 10:59:33,1,2026-09-01 10:59:33,NULL,0x0000000000003283
408,2,3,2,5,10,10,10,582,2026-08-28,8,20,2,09:15:00,10:00:00,PRESENT,2026-08-28 09:15:00,1,1,2026-09-01 10:59:33,1,2026-09-01 10:59:33,NULL,0x0000000000003284
409,2,3,2,5,10,10,10,584,2026-08-28,7,19,4,10:15:00,11:00:00,PRESENT,2026-08-28 10:15:00,1,1,2026-09-01 10:59:33,1,2026-09-01 10:59:33,NULL,0x0000000000003285
410,2,3,2,5,10,10,10,585,2026-08-28,8,20,5,11:00:00,11:45:00,PRESENT,2026-08-28 11:00:00,1,1,2026-09-01 10:59:33,1,2026-09-01 10:59:33,NULL,0x0000000000003286
411,2,3,2,5,10,10,10,587,2026-08-28,7,19,7,12:30:00,13:15:00,PRESENT,2026-08-28 12:30:00,1,1,2026-09-01 10:59:33,1,2026-09-01 10:59:33,NULL,0x0000000000003287
412,2,3,2,5,10,10,10,588,2026-08-28,8,20,8,13:15:00,14:00:00,PRESENT,2026-08-28 13:15:00,1,1,2026-09-01 10:59:33,1,2026-09-01 10:59:33,NULL,0x0000000000003288
413,2,3,2,5,10,10,10,590,2026-08-28,8,20,10,14:15:00,15:00:00,PRESENT,2026-08-28 14:15:00,1,1,2026-09-01 10:59:33,1,2026-09-01 10:59:33,NULL,0x0000000000003289
414,2,3,2,5,10,10,10,591,2026-08-29,7,19,1,08:30:00,09:15:00,PRESENT,2026-08-29 08:30:00,1,1,2026-09-01 10:59:33,1,2026-09-01 10:59:33,NULL,0x000000000000328A
415,2,3,2,5,10,10,10,592,2026-08-29,8,20,2,09:15:00,10:00:00,ABSENT,2026-08-29 09:15:00,1,1,2026-09-01 10:59:33,1,2026-09-01 10:59:33,NULL,0x000000000000328B
416,2,3,2,5,10,10,10,594,2026-08-29,7,19,4,10:15:00,11:00:00,PRESENT,2026-08-29 10:15:00,1,1,2026-09-01 10:59:33,1,2026-09-01 10:59:33,NULL,0x000000000000328C
417,2,3,2,5,10,10,10,595,2026-08-29,8,20,5,11:00:00,11:45:00,PRESENT,2026-08-29 11:00:00,1,1,2026-09-01 10:59:33,1,2026-09-01 10:59:33,NULL,0x000000000000328D
418,2,3,2,5,10,10,10,597,2026-08-29,7,19,7,12:30:00,13:15:00,PRESENT,2026-08-29 12:30:00,1,1,2026-09-01 10:59:33,1,2026-09-01 10:59:33,NULL,0x000000000000328E
419,2,3,2,5,10,10,10,598,2026-08-29,8,20,8,13:15:00,14:00:00,PRESENT,2026-08-29 13:15:00,1,1,2026-09-01 10:59:33,1,2026-09-01 10:59:33,NULL,0x000000000000328F
420,2,3,2,5,10,10,10,600,2026-08-29,8,20,10,14:15:00,15:00:00,PRESENT,2026-08-29 14:15:00,1,1,2026-09-01 10:59:33,1,2026-09-01 10:59:33,NULL,0x0000000000003290
421,2,3,2,6,11,11,11,601,2026-08-24,7,21,1,08:30:00,09:15:00,PRESENT,2026-08-24 08:30:00,1,1,2026-09-01 10:59:33,1,2026-09-01 10:59:33,NULL,0x0000000000003291
422,2,3,2,6,11,11,11,602,2026-08-24,8,22,2,09:15:00,10:00:00,PRESENT,2026-08-24 09:15:00,1,1,2026-09-01 10:59:33,1,2026-09-01 10:59:33,NULL,0x0000000000003292
423,2,3,2,6,11,11,11,604,2026-08-24,7,21,4,10:15:00,11:00:00,PRESENT,2026-08-24 10:15:00,1,1,2026-09-01 10:59:33,1,2026-09-01 10:59:33,NULL,0x0000000000003293
424,2,3,2,6,11,11,11,605,2026-08-24,8,22,5,11:00:00,11:45:00,PRESENT,2026-08-24 11:00:00,1,1,2026-09-01 10:59:33,1,2026-09-01 10:59:33,NULL,0x0000000000003294
425,2,3,2,6,11,11,11,607,2026-08-24,7,21,7,12:30:00,13:15:00,PRESENT,2026-08-24 12:30:00,1,1,2026-09-01 10:59:33,1,2026-09-01 10:59:33,NULL,0x0000000000003295
426,2,3,2,6,11,11,11,608,2026-08-24,8,22,8,13:15:00,14:00:00,PRESENT,2026-08-24 13:15:00,1,1,2026-09-01 10:59:33,1,2026-09-01 10:59:33,NULL,0x0000000000003296
427,2,3,2,6,11,11,11,610,2026-08-24,8,22,10,14:15:00,15:00:00,PRESENT,2026-08-24 14:15:00,1,1,2026-09-01 10:59:33,1,2026-09-01 10:59:33,NULL,0x0000000000003297
428,2,3,2,6,11,11,11,611,2026-08-25,7,21,1,08:30:00,09:15:00,PRESENT,2026-08-25 08:30:00,1,1,2026-09-01 10:59:33,1,2026-09-01 10:59:33,NULL,0x0000000000003298
429,2,3,2,6,11,11,11,612,2026-08-25,8,22,2,09:15:00,10:00:00,PRESENT,2026-08-25 09:15:00,1,1,2026-09-01 10:59:33,1,2026-09-01 10:59:33,NULL,0x0000000000003299
430,2,3,2,6,11,11,11,614,2026-08-25,7,21,4,10:15:00,11:00:00,PRESENT,2026-08-25 10:15:00,1,1,2026-09-01 10:59:33,1,2026-09-01 10:59:33,NULL,0x000000000000329A
431,2,3,2,6,11,11,11,615,2026-08-25,8,22,5,11:00:00,11:45:00,ABSENT,2026-08-25 11:00:00,1,1,2026-09-01 10:59:33,1,2026-09-01 10:59:33,NULL,0x000000000000329B
432,2,3,2,6,11,11,11,617,2026-08-25,7,21,7,12:30:00,13:15:00,PRESENT,2026-08-25 12:30:00,1,1,2026-09-01 10:59:33,1,2026-09-01 10:59:33,NULL,0x000000000000329C
433,2,3,2,6,11,11,11,618,2026-08-25,8,22,8,13:15:00,14:00:00,PRESENT,2026-08-25 13:15:00,1,1,2026-09-01 10:59:33,1,2026-09-01 10:59:33,NULL,0x000000000000329D
434,2,3,2,6,11,11,11,620,2026-08-25,8,22,10,14:15:00,15:00:00,PRESENT,2026-08-25 14:15:00,1,1,2026-09-01 10:59:33,1,2026-09-01 10:59:33,NULL,0x000000000000329E
435,2,3,2,6,11,11,11,621,2026-08-26,7,21,1,08:30:00,09:15:00,PRESENT,2026-08-26 08:30:00,1,1,2026-09-01 10:59:33,1,2026-09-01 10:59:33,NULL,0x000000000000329F
436,2,3,2,6,11,11,11,622,2026-08-26,8,22,2,09:15:00,10:00:00,PRESENT,2026-08-26 09:15:00,1,1,2026-09-01 10:59:33,1,2026-09-01 10:59:33,NULL,0x00000000000032A0
437,2,3,2,6,11,11,11,624,2026-08-26,7,21,4,10:15:00,11:00:00,ABSENT,2026-08-26 10:15:00,1,1,2026-09-01 10:59:33,1,2026-09-01 10:59:33,NULL,0x00000000000032A1
438,2,3,2,6,11,11,11,625,2026-08-26,8,22,5,11:00:00,11:45:00,PRESENT,2026-08-26 11:00:00,1,1,2026-09-01 10:59:33,1,2026-09-01 10:59:33,NULL,0x00000000000032A2
439,2,3,2,6,11,11,11,627,2026-08-26,7,21,7,12:30:00,13:15:00,PRESENT,2026-08-26 12:30:00,1,1,2026-09-01 10:59:33,1,2026-09-01 10:59:33,NULL,0x00000000000032A3
440,2,3,2,6,11,11,11,628,2026-08-26,8,22,8,13:15:00,14:00:00,PRESENT,2026-08-26 13:15:00,1,1,2026-09-01 10:59:33,1,2026-09-01 10:59:33,NULL,0x00000000000032A4
441,2,3,2,6,11,11,11,630,2026-08-26,8,22,10,14:15:00,15:00:00,PRESENT,2026-08-26 14:15:00,1,1,2026-09-01 10:59:33,1,2026-09-01 10:59:33,NULL,0x00000000000032A5
442,2,3,2,6,11,11,11,631,2026-08-27,7,21,1,08:30:00,09:15:00,PRESENT,2026-08-27 08:30:00,1,1,2026-09-01 10:59:33,1,2026-09-01 10:59:33,NULL,0x00000000000032A6
443,2,3,2,6,11,11,11,632,2026-08-27,8,22,2,09:15:00,10:00:00,PRESENT,2026-08-27 09:15:00,1,1,2026-09-01 10:59:33,1,2026-09-01 10:59:33,NULL,0x00000000000032A7
444,2,3,2,6,11,11,11,634,2026-08-27,7,21,4,10:15:00,11:00:00,PRESENT,2026-08-27 10:15:00,1,1,2026-09-01 10:59:33,1,2026-09-01 10:59:33,NULL,0x00000000000032A8
445,2,3,2,6,11,11,11,635,2026-08-27,8,22,5,11:00:00,11:45:00,PRESENT,2026-08-27 11:00:00,1,1,2026-09-01 10:59:33,1,2026-09-01 10:59:33,NULL,0x00000000000032A9
446,2,3,2,6,11,11,11,637,2026-08-27,7,21,7,12:30:00,13:15:00,PRESENT,2026-08-27 12:30:00,1,1,2026-09-01 10:59:33,1,2026-09-01 10:59:33,NULL,0x00000000000032AA
447,2,3,2,6,11,11,11,638,2026-08-27,8,22,8,13:15:00,14:00:00,PRESENT,2026-08-27 13:15:00,1,1,2026-09-01 10:59:33,1,2026-09-01 10:59:33,NULL,0x00000000000032AB
448,2,3,2,6,11,11,11,640,2026-08-27,8,22,10,14:15:00,15:00:00,PRESENT,2026-08-27 14:15:00,1,1,2026-09-01 10:59:33,1,2026-09-01 10:59:33,NULL,0x00000000000032AC
449,2,3,2,6,11,11,11,641,2026-08-28,7,21,1,08:30:00,09:15:00,PRESENT,2026-08-28 08:30:00,1,1,2026-09-01 10:59:33,1,2026-09-01 10:59:33,NULL,0x00000000000032AD
450,2,3,2,6,11,11,11,642,2026-08-28,8,22,2,09:15:00,10:00:00,ABSENT,2026-08-28 09:15:00,1,1,2026-09-01 10:59:33,1,2026-09-01 10:59:33,NULL,0x00000000000032AE
451,2,3,2,6,11,11,11,644,2026-08-28,7,21,4,10:15:00,11:00:00,PRESENT,2026-08-28 10:15:00,1,1,2026-09-01 10:59:33,1,2026-09-01 10:59:33,NULL,0x00000000000032AF
452,2,3,2,6,11,11,11,645,2026-08-28,8,22,5,11:00:00,11:45:00,PRESENT,2026-08-28 11:00:00,1,1,2026-09-01 10:59:33,1,2026-09-01 10:59:33,NULL,0x00000000000032B0
453,2,3,2,6,11,11,11,647,2026-08-28,7,21,7,12:30:00,13:15:00,PRESENT,2026-08-28 12:30:00,1,1,2026-09-01 10:59:33,1,2026-09-01 10:59:33,NULL,0x00000000000032B1
454,2,3,2,6,11,11,11,648,2026-08-28,8,22,8,13:15:00,14:00:00,PRESENT,2026-08-28 13:15:00,1,1,2026-09-01 10:59:33,1,2026-09-01 10:59:33,NULL,0x00000000000032B2
455,2,3,2,6,11,11,11,650,2026-08-28,8,22,10,14:15:00,15:00:00,PRESENT,2026-08-28 14:15:00,1,1,2026-09-01 10:59:33,1,2026-09-01 10:59:33,NULL,0x00000000000032B3
456,2,3,2,6,11,11,11,651,2026-08-29,7,21,1,08:30:00,09:15:00,ABSENT,2026-08-29 08:30:00,1,1,2026-09-01 10:59:33,1,2026-09-01 10:59:33,NULL,0x00000000000032B4
457,2,3,2,6,11,11,11,652,2026-08-29,8,22,2,09:15:00,10:00:00,PRESENT,2026-08-29 09:15:00,1,1,2026-09-01 10:59:33,1,2026-09-01 10:59:33,NULL,0x00000000000032B5
458,2,3,2,6,11,11,11,654,2026-08-29,7,21,4,10:15:00,11:00:00,PRESENT,2026-08-29 10:15:00,1,1,2026-09-01 10:59:33,1,2026-09-01 10:59:33,NULL,0x00000000000032B6
459,2,3,2,6,11,11,11,655,2026-08-29,8,22,5,11:00:00,11:45:00,PRESENT,2026-08-29 11:00:00,1,1,2026-09-01 10:59:33,1,2026-09-01 10:59:33,NULL,0x00000000000032B7
460,2,3,2,6,11,11,11,657,2026-08-29,7,21,7,12:30:00,13:15:00,PRESENT,2026-08-29 12:30:00,1,1,2026-09-01 10:59:33,1,2026-09-01 10:59:33,NULL,0x00000000000032B8
461,2,3,2,6,11,11,11,658,2026-08-29,8,22,8,13:15:00,14:00:00,PRESENT,2026-08-29 13:15:00,1,1,2026-09-01 10:59:33,1,2026-09-01 10:59:33,NULL,0x00000000000032B9
462,2,3,2,6,11,11,11,660,2026-08-29,8,22,10,14:15:00,15:00:00,PRESENT,2026-08-29 14:15:00,1,1,2026-09-01 10:59:33,1,2026-09-01 10:59:33,NULL,0x00000000000032BA
463,2,3,2,6,12,12,12,661,2026-08-24,7,23,1,08:30:00,09:15:00,PRESENT,2026-08-24 08:30:00,1,1,2026-09-01 10:59:33,1,2026-09-01 10:59:33,NULL,0x00000000000032BB
464,2,3,2,6,12,12,12,662,2026-08-24,8,24,2,09:15:00,10:00:00,PRESENT,2026-08-24 09:15:00,1,1,2026-09-01 10:59:33,1,2026-09-01 10:59:33,NULL,0x00000000000032BC
465,2,3,2,6,12,12,12,664,2026-08-24,7,23,4,10:15:00,11:00:00,PRESENT,2026-08-24 10:15:00,1,1,2026-09-01 10:59:33,1,2026-09-01 10:59:33,NULL,0x00000000000032BD
466,2,3,2,6,12,12,12,665,2026-08-24,8,24,5,11:00:00,11:45:00,ABSENT,2026-08-24 11:00:00,1,1,2026-09-01 10:59:33,1,2026-09-01 10:59:33,NULL,0x00000000000032BE
467,2,3,2,6,12,12,12,667,2026-08-24,7,23,7,12:30:00,13:15:00,PRESENT,2026-08-24 12:30:00,1,1,2026-09-01 10:59:33,1,2026-09-01 10:59:33,NULL,0x00000000000032BF
468,2,3,2,6,12,12,12,668,2026-08-24,8,24,8,13:15:00,14:00:00,PRESENT,2026-08-24 13:15:00,1,1,2026-09-01 10:59:33,1,2026-09-01 10:59:33,NULL,0x00000000000032C0
469,2,3,2,6,12,12,12,670,2026-08-24,8,24,10,14:15:00,15:00:00,PRESENT,2026-08-24 14:15:00,1,1,2026-09-01 10:59:33,1,2026-09-01 10:59:33,NULL,0x00000000000032C1
470,2,3,2,6,12,12,12,671,2026-08-25,7,23,1,08:30:00,09:15:00,PRESENT,2026-08-25 08:30:00,1,1,2026-09-01 10:59:33,1,2026-09-01 10:59:33,NULL,0x00000000000032C2
471,2,3,2,6,12,12,12,672,2026-08-25,8,24,2,09:15:00,10:00:00,PRESENT,2026-08-25 09:15:00,1,1,2026-09-01 10:59:33,1,2026-09-01 10:59:33,NULL,0x00000000000032C3
472,2,3,2,6,12,12,12,674,2026-08-25,7,23,4,10:15:00,11:00:00,ABSENT,2026-08-25 10:15:00,1,1,2026-09-01 10:59:33,1,2026-09-01 10:59:33,NULL,0x00000000000032C4
473,2,3,2,6,12,12,12,675,2026-08-25,8,24,5,11:00:00,11:45:00,PRESENT,2026-08-25 11:00:00,1,1,2026-09-01 10:59:33,1,2026-09-01 10:59:33,NULL,0x00000000000032C5
474,2,3,2,6,12,12,12,677,2026-08-25,7,23,7,12:30:00,13:15:00,PRESENT,2026-08-25 12:30:00,1,1,2026-09-01 10:59:33,1,2026-09-01 10:59:33,NULL,0x00000000000032C6
475,2,3,2,6,12,12,12,678,2026-08-25,8,24,8,13:15:00,14:00:00,PRESENT,2026-08-25 13:15:00,1,1,2026-09-01 10:59:33,1,2026-09-01 10:59:33,NULL,0x00000000000032C7
476,2,3,2,6,12,12,12,680,2026-08-25,8,24,10,14:15:00,15:00:00,PRESENT,2026-08-25 14:15:00,1,1,2026-09-01 10:59:33,1,2026-09-01 10:59:33,NULL,0x00000000000032C8
477,2,3,2,6,12,12,12,681,2026-08-26,7,23,1,08:30:00,09:15:00,PRESENT,2026-08-26 08:30:00,1,1,2026-09-01 10:59:33,1,2026-09-01 10:59:33,NULL,0x00000000000032C9
478,2,3,2,6,12,12,12,682,2026-08-26,8,24,2,09:15:00,10:00:00,PRESENT,2026-08-26 09:15:00,1,1,2026-09-01 10:59:33,1,2026-09-01 10:59:33,NULL,0x00000000000032CA
479,2,3,2,6,12,12,12,684,2026-08-26,7,23,4,10:15:00,11:00:00,PRESENT,2026-08-26 10:15:00,1,1,2026-09-01 10:59:33,1,2026-09-01 10:59:33,NULL,0x00000000000032CB
480,2,3,2,6,12,12,12,685,2026-08-26,8,24,5,11:00:00,11:45:00,PRESENT,2026-08-26 11:00:00,1,1,2026-09-01 10:59:33,1,2026-09-01 10:59:33,NULL,0x00000000000032CC
481,2,3,2,6,12,12,12,687,2026-08-26,7,23,7,12:30:00,13:15:00,PRESENT,2026-08-26 12:30:00,1,1,2026-09-01 10:59:33,1,2026-09-01 10:59:33,NULL,0x00000000000032CD
482,2,3,2,6,12,12,12,688,2026-08-26,8,24,8,13:15:00,14:00:00,PRESENT,2026-08-26 13:15:00,1,1,2026-09-01 10:59:33,1,2026-09-01 10:59:33,NULL,0x00000000000032CE
483,2,3,2,6,12,12,12,690,2026-08-26,8,24,10,14:15:00,15:00:00,PRESENT,2026-08-26 14:15:00,1,1,2026-09-01 10:59:33,1,2026-09-01 10:59:33,NULL,0x00000000000032CF
484,2,3,2,6,12,12,12,691,2026-08-27,7,23,1,08:30:00,09:15:00,PRESENT,2026-08-27 08:30:00,1,1,2026-09-01 10:59:33,1,2026-09-01 10:59:33,NULL,0x00000000000032D0
485,2,3,2,6,12,12,12,692,2026-08-27,8,24,2,09:15:00,10:00:00,ABSENT,2026-08-27 09:15:00,1,1,2026-09-01 10:59:33,1,2026-09-01 10:59:33,NULL,0x00000000000032D1
486,2,3,2,6,12,12,12,694,2026-08-27,7,23,4,10:15:00,11:00:00,PRESENT,2026-08-27 10:15:00,1,1,2026-09-01 10:59:33,1,2026-09-01 10:59:33,NULL,0x00000000000032D2
487,2,3,2,6,12,12,12,695,2026-08-27,8,24,5,11:00:00,11:45:00,PRESENT,2026-08-27 11:00:00,1,1,2026-09-01 10:59:33,1,2026-09-01 10:59:33,NULL,0x00000000000032D3
488,2,3,2,6,12,12,12,697,2026-08-27,7,23,7,12:30:00,13:15:00,PRESENT,2026-08-27 12:30:00,1,1,2026-09-01 10:59:33,1,2026-09-01 10:59:33,NULL,0x00000000000032D4
489,2,3,2,6,12,12,12,698,2026-08-27,8,24,8,13:15:00,14:00:00,PRESENT,2026-08-27 13:15:00,1,1,2026-09-01 10:59:33,1,2026-09-01 10:59:33,NULL,0x00000000000032D5
490,2,3,2,6,12,12,12,700,2026-08-27,8,24,10,14:15:00,15:00:00,PRESENT,2026-08-27 14:15:00,1,1,2026-09-01 10:59:33,1,2026-09-01 10:59:33,NULL,0x00000000000032D6
491,2,3,2,6,12,12,12,701,2026-08-28,7,23,1,08:30:00,09:15:00,ABSENT,2026-08-28 08:30:00,1,1,2026-09-01 10:59:33,1,2026-09-01 10:59:33,NULL,0x00000000000032D7
492,2,3,2,6,12,12,12,702,2026-08-28,8,24,2,09:15:00,10:00:00,PRESENT,2026-08-28 09:15:00,1,1,2026-09-01 10:59:33,1,2026-09-01 10:59:33,NULL,0x00000000000032D8
493,2,3,2,6,12,12,12,704,2026-08-28,7,23,4,10:15:00,11:00:00,PRESENT,2026-08-28 10:15:00,1,1,2026-09-01 10:59:33,1,2026-09-01 10:59:33,NULL,0x00000000000032D9
494,2,3,2,6,12,12,12,705,2026-08-28,8,24,5,11:00:00,11:45:00,PRESENT,2026-08-28 11:00:00,1,1,2026-09-01 10:59:33,1,2026-09-01 10:59:33,NULL,0x00000000000032DA
495,2,3,2,6,12,12,12,707,2026-08-28,7,23,7,12:30:00,13:15:00,PRESENT,2026-08-28 12:30:00,1,1,2026-09-01 10:59:33,1,2026-09-01 10:59:33,NULL,0x00000000000032DB
496,2,3,2,6,12,12,12,708,2026-08-28,8,24,8,13:15:00,14:00:00,PRESENT,2026-08-28 13:15:00,1,1,2026-09-01 10:59:33,1,2026-09-01 10:59:33,NULL,0x00000000000032DC
497,2,3,2,6,12,12,12,710,2026-08-28,8,24,10,14:15:00,15:00:00,PRESENT,2026-08-28 14:15:00,1,1,2026-09-01 10:59:33,1,2026-09-01 10:59:33,NULL,0x00000000000032DD
498,2,3,2,6,12,12,12,711,2026-08-29,7,23,1,08:30:00,09:15:00,PRESENT,2026-08-29 08:30:00,1,1,2026-09-01 10:59:33,1,2026-09-01 10:59:33,NULL,0x00000000000032DE
499,2,3,2,6,12,12,12,712,2026-08-29,8,24,2,09:15:00,10:00:00,PRESENT,2026-08-29 09:15:00,1,1,2026-09-01 10:59:33,1,2026-09-01 10:59:33,NULL,0x00000000000032DF
500,2,3,2,6,12,12,12,714,2026-08-29,7,23,4,10:15:00,11:00:00,PRESENT,2026-08-29 10:15:00,1,1,2026-09-01 10:59:33,1,2026-09-01 10:59:33,NULL,0x00000000000032E0
501,2,3,2,6,12,12,12,715,2026-08-29,8,24,5,11:00:00,11:45:00,PRESENT,2026-08-29 11:00:00,1,1,2026-09-01 10:59:33,1,2026-09-01 10:59:33,NULL,0x00000000000032E1
502,2,3,2,6,12,12,12,717,2026-08-29,7,23,7,12:30:00,13:15:00,PRESENT,2026-08-29 12:30:00,1,1,2026-09-01 10:59:33,1,2026-09-01 10:59:33,NULL,0x00000000000032E2
503,2,3,2,6,12,12,12,718,2026-08-29,8,24,8,13:15:00,14:00:00,PRESENT,2026-08-29 13:15:00,1,1,2026-09-01 10:59:33,1,2026-09-01 10:59:33,NULL,0x00000000000032E3
504,2,3,2,6,12,12,12,720,2026-08-29,8,24,10,14:15:00,15:00:00,PRESENT,2026-08-29 14:15:00,1,1,2026-09-01 10:59:33,1,2026-09-01 10:59:33,NULL,0x00000000000032E4
505,2,4,2,7,13,13,13,721,2026-08-24,7,25,1,08:30:00,09:15:00,PRESENT,2026-08-24 08:30:00,1,1,2026-09-01 10:59:33,1,2026-09-01 10:59:33,NULL,0x00000000000032E5
506,2,4,2,7,13,13,13,722,2026-08-24,8,26,2,09:15:00,10:00:00,PRESENT,2026-08-24 09:15:00,1,1,2026-09-01 10:59:33,1,2026-09-01 10:59:33,NULL,0x00000000000032E6
507,2,4,2,7,13,13,13,724,2026-08-24,7,25,4,10:15:00,11:00:00,ABSENT,2026-08-24 10:15:00,1,1,2026-09-01 10:59:33,1,2026-09-01 10:59:33,NULL,0x00000000000032E7
508,2,4,2,7,13,13,13,725,2026-08-24,8,26,5,11:00:00,11:45:00,PRESENT,2026-08-24 11:00:00,1,1,2026-09-01 10:59:33,1,2026-09-01 10:59:33,NULL,0x00000000000032E8
509,2,4,2,7,13,13,13,727,2026-08-24,7,25,7,12:30:00,13:15:00,PRESENT,2026-08-24 12:30:00,1,1,2026-09-01 10:59:33,1,2026-09-01 10:59:33,NULL,0x00000000000032E9
510,2,4,2,7,13,13,13,728,2026-08-24,8,26,8,13:15:00,14:00:00,PRESENT,2026-08-24 13:15:00,1,1,2026-09-01 10:59:33,1,2026-09-01 10:59:33,NULL,0x00000000000032EA
511,2,4,2,7,13,13,13,730,2026-08-24,8,26,10,14:15:00,15:00:00,PRESENT,2026-08-24 14:15:00,1,1,2026-09-01 10:59:33,1,2026-09-01 10:59:33,NULL,0x00000000000032EB
512,2,4,2,7,13,13,13,731,2026-08-25,7,25,1,08:30:00,09:15:00,PRESENT,2026-08-25 08:30:00,1,1,2026-09-01 10:59:33,1,2026-09-01 10:59:33,NULL,0x00000000000032EC
513,2,4,2,7,13,13,13,732,2026-08-25,8,26,2,09:15:00,10:00:00,PRESENT,2026-08-25 09:15:00,1,1,2026-09-01 10:59:33,1,2026-09-01 10:59:33,NULL,0x00000000000032ED
514,2,4,2,7,13,13,13,734,2026-08-25,7,25,4,10:15:00,11:00:00,PRESENT,2026-08-25 10:15:00,1,1,2026-09-01 10:59:33,1,2026-09-01 10:59:33,NULL,0x00000000000032EE
515,2,4,2,7,13,13,13,735,2026-08-25,8,26,5,11:00:00,11:45:00,PRESENT,2026-08-25 11:00:00,1,1,2026-09-01 10:59:33,1,2026-09-01 10:59:33,NULL,0x00000000000032EF
516,2,4,2,7,13,13,13,737,2026-08-25,7,25,7,12:30:00,13:15:00,PRESENT,2026-08-25 12:30:00,1,1,2026-09-01 10:59:33,1,2026-09-01 10:59:33,NULL,0x00000000000032F0
517,2,4,2,7,13,13,13,738,2026-08-25,8,26,8,13:15:00,14:00:00,PRESENT,2026-08-25 13:15:00,1,1,2026-09-01 10:59:33,1,2026-09-01 10:59:33,NULL,0x00000000000032F1
518,2,4,2,7,13,13,13,740,2026-08-25,8,26,10,14:15:00,15:00:00,PRESENT,2026-08-25 14:15:00,1,1,2026-09-01 10:59:33,1,2026-09-01 10:59:33,NULL,0x00000000000032F2
519,2,4,2,7,13,13,13,741,2026-08-26,7,25,1,08:30:00,09:15:00,PRESENT,2026-08-26 08:30:00,1,1,2026-09-01 10:59:33,1,2026-09-01 10:59:33,NULL,0x00000000000032F3
520,2,4,2,7,13,13,13,742,2026-08-26,8,26,2,09:15:00,10:00:00,ABSENT,2026-08-26 09:15:00,1,1,2026-09-01 10:59:33,1,2026-09-01 10:59:33,NULL,0x00000000000032F4
521,2,4,2,7,13,13,13,744,2026-08-26,7,25,4,10:15:00,11:00:00,PRESENT,2026-08-26 10:15:00,1,1,2026-09-01 10:59:33,1,2026-09-01 10:59:33,NULL,0x00000000000032F5
522,2,4,2,7,13,13,13,745,2026-08-26,8,26,5,11:00:00,11:45:00,PRESENT,2026-08-26 11:00:00,1,1,2026-09-01 10:59:33,1,2026-09-01 10:59:33,NULL,0x00000000000032F6
523,2,4,2,7,13,13,13,747,2026-08-26,7,25,7,12:30:00,13:15:00,PRESENT,2026-08-26 12:30:00,1,1,2026-09-01 10:59:33,1,2026-09-01 10:59:33,NULL,0x00000000000032F7
524,2,4,2,7,13,13,13,748,2026-08-26,8,26,8,13:15:00,14:00:00,PRESENT,2026-08-26 13:15:00,1,1,2026-09-01 10:59:33,1,2026-09-01 10:59:33,NULL,0x00000000000032F8
525,2,4,2,7,13,13,13,750,2026-08-26,8,26,10,14:15:00,15:00:00,PRESENT,2026-08-26 14:15:00,1,1,2026-09-01 10:59:33,1,2026-09-01 10:59:33,NULL,0x00000000000032F9
526,2,4,2,7,13,13,13,751,2026-08-27,7,25,1,08:30:00,09:15:00,ABSENT,2026-08-27 08:30:00,1,1,2026-09-01 10:59:33,1,2026-09-01 10:59:33,NULL,0x00000000000032FA
527,2,4,2,7,13,13,13,752,2026-08-27,8,26,2,09:15:00,10:00:00,PRESENT,2026-08-27 09:15:00,1,1,2026-09-01 10:59:33,1,2026-09-01 10:59:33,NULL,0x00000000000032FB
528,2,4,2,7,13,13,13,754,2026-08-27,7,25,4,10:15:00,11:00:00,PRESENT,2026-08-27 10:15:00,1,1,2026-09-01 10:59:33,1,2026-09-01 10:59:33,NULL,0x00000000000032FC
529,2,4,2,7,13,13,13,755,2026-08-27,8,26,5,11:00:00,11:45:00,PRESENT,2026-08-27 11:00:00,1,1,2026-09-01 10:59:33,1,2026-09-01 10:59:33,NULL,0x00000000000032FD
530,2,4,2,7,13,13,13,757,2026-08-27,7,25,7,12:30:00,13:15:00,PRESENT,2026-08-27 12:30:00,1,1,2026-09-01 10:59:33,1,2026-09-01 10:59:33,NULL,0x00000000000032FE
531,2,4,2,7,13,13,13,758,2026-08-27,8,26,8,13:15:00,14:00:00,PRESENT,2026-08-27 13:15:00,1,1,2026-09-01 10:59:33,1,2026-09-01 10:59:33,NULL,0x00000000000032FF
532,2,4,2,7,13,13,13,760,2026-08-27,8,26,10,14:15:00,15:00:00,PRESENT,2026-08-27 14:15:00,1,1,2026-09-01 10:59:33,1,2026-09-01 10:59:33,NULL,0x0000000000003301
533,2,4,2,7,13,13,13,761,2026-08-28,7,25,1,08:30:00,09:15:00,PRESENT,2026-08-28 08:30:00,1,1,2026-09-01 10:59:33,1,2026-09-01 10:59:33,NULL,0x0000000000003302
534,2,4,2,7,13,13,13,762,2026-08-28,8,26,2,09:15:00,10:00:00,PRESENT,2026-08-28 09:15:00,1,1,2026-09-01 10:59:33,1,2026-09-01 10:59:33,NULL,0x0000000000003303
535,2,4,2,7,13,13,13,764,2026-08-28,7,25,4,10:15:00,11:00:00,PRESENT,2026-08-28 10:15:00,1,1,2026-09-01 10:59:33,1,2026-09-01 10:59:33,NULL,0x0000000000003304
536,2,4,2,7,13,13,13,765,2026-08-28,8,26,5,11:00:00,11:45:00,PRESENT,2026-08-28 11:00:00,1,1,2026-09-01 10:59:33,1,2026-09-01 10:59:33,NULL,0x0000000000003305
537,2,4,2,7,13,13,13,767,2026-08-28,7,25,7,12:30:00,13:15:00,PRESENT,2026-08-28 12:30:00,1,1,2026-09-01 10:59:33,1,2026-09-01 10:59:33,NULL,0x0000000000003306
538,2,4,2,7,13,13,13,768,2026-08-28,8,26,8,13:15:00,14:00:00,PRESENT,2026-08-28 13:15:00,1,1,2026-09-01 10:59:33,1,2026-09-01 10:59:33,NULL,0x0000000000003307
539,2,4,2,7,13,13,13,770,2026-08-28,8,26,10,14:15:00,15:00:00,PRESENT,2026-08-28 14:15:00,1,1,2026-09-01 10:59:33,1,2026-09-01 10:59:33,NULL,0x0000000000003308
540,2,4,2,7,13,13,13,771,2026-08-29,7,25,1,08:30:00,09:15:00,PRESENT,2026-08-29 08:30:00,1,1,2026-09-01 10:59:33,1,2026-09-01 10:59:33,NULL,0x0000000000003309
541,2,4,2,7,13,13,13,772,2026-08-29,8,26,2,09:15:00,10:00:00,PRESENT,2026-08-29 09:15:00,1,1,2026-09-01 10:59:33,1,2026-09-01 10:59:33,NULL,0x000000000000330A
542,2,4,2,7,13,13,13,774,2026-08-29,7,25,4,10:15:00,11:00:00,PRESENT,2026-08-29 10:15:00,1,1,2026-09-01 10:59:33,1,2026-09-01 10:59:33,NULL,0x000000000000330B
543,2,4,2,7,13,13,13,775,2026-08-29,8,26,5,11:00:00,11:45:00,PRESENT,2026-08-29 11:00:00,1,1,2026-09-01 10:59:33,1,2026-09-01 10:59:33,NULL,0x000000000000330C
544,2,4,2,7,13,13,13,777,2026-08-29,7,25,7,12:30:00,13:15:00,PRESENT,2026-08-29 12:30:00,1,1,2026-09-01 10:59:33,1,2026-09-01 10:59:33,NULL,0x000000000000330D
545,2,4,2,7,13,13,13,778,2026-08-29,8,26,8,13:15:00,14:00:00,PRESENT,2026-08-29 13:15:00,1,1,2026-09-01 10:59:33,1,2026-09-01 10:59:33,NULL,0x000000000000330E
546,2,4,2,7,13,13,13,780,2026-08-29,8,26,10,14:15:00,15:00:00,PRESENT,2026-08-29 14:15:00,1,1,2026-09-01 10:59:33,1,2026-09-01 10:59:33,NULL,0x000000000000330F
547,2,4,2,7,14,14,14,781,2026-08-24,7,27,1,08:30:00,09:15:00,PRESENT,2026-08-24 08:30:00,1,1,2026-09-01 10:59:33,1,2026-09-01 10:59:33,NULL,0x0000000000003310
548,2,4,2,7,14,14,14,782,2026-08-24,8,28,2,09:15:00,10:00:00,PRESENT,2026-08-24 09:15:00,1,1,2026-09-01 10:59:33,1,2026-09-01 10:59:33,NULL,0x0000000000003311
549,2,4,2,7,14,14,14,784,2026-08-24,7,27,4,10:15:00,11:00:00,PRESENT,2026-08-24 10:15:00,1,1,2026-09-01 10:59:33,1,2026-09-01 10:59:33,NULL,0x0000000000003312
550,2,4,2,7,14,14,14,785,2026-08-24,8,28,5,11:00:00,11:45:00,PRESENT,2026-08-24 11:00:00,1,1,2026-09-01 10:59:33,1,2026-09-01 10:59:33,NULL,0x0000000000003313
551,2,4,2,7,14,14,14,787,2026-08-24,7,27,7,12:30:00,13:15:00,PRESENT,2026-08-24 12:30:00,1,1,2026-09-01 10:59:33,1,2026-09-01 10:59:33,NULL,0x0000000000003314
552,2,4,2,7,14,14,14,788,2026-08-24,8,28,8,13:15:00,14:00:00,PRESENT,2026-08-24 13:15:00,1,1,2026-09-01 10:59:33,1,2026-09-01 10:59:33,NULL,0x0000000000003315
553,2,4,2,7,14,14,14,790,2026-08-24,8,28,10,14:15:00,15:00:00,PRESENT,2026-08-24 14:15:00,1,1,2026-09-01 10:59:33,1,2026-09-01 10:59:33,NULL,0x0000000000003316
554,2,4,2,7,14,14,14,791,2026-08-25,7,27,1,08:30:00,09:15:00,PRESENT,2026-08-25 08:30:00,1,1,2026-09-01 10:59:33,1,2026-09-01 10:59:33,NULL,0x0000000000003317
555,2,4,2,7,14,14,14,792,2026-08-25,8,28,2,09:15:00,10:00:00,ABSENT,2026-08-25 09:15:00,1,1,2026-09-01 10:59:33,1,2026-09-01 10:59:33,NULL,0x0000000000003318
556,2,4,2,7,14,14,14,794,2026-08-25,7,27,4,10:15:00,11:00:00,PRESENT,2026-08-25 10:15:00,1,1,2026-09-01 10:59:33,1,2026-09-01 10:59:33,NULL,0x0000000000003319
557,2,4,2,7,14,14,14,795,2026-08-25,8,28,5,11:00:00,11:45:00,PRESENT,2026-08-25 11:00:00,1,1,2026-09-01 10:59:33,1,2026-09-01 10:59:33,NULL,0x000000000000331A
558,2,4,2,7,14,14,14,797,2026-08-25,7,27,7,12:30:00,13:15:00,PRESENT,2026-08-25 12:30:00,1,1,2026-09-01 10:59:33,1,2026-09-01 10:59:33,NULL,0x000000000000331B
559,2,4,2,7,14,14,14,798,2026-08-25,8,28,8,13:15:00,14:00:00,PRESENT,2026-08-25 13:15:00,1,1,2026-09-01 10:59:33,1,2026-09-01 10:59:33,NULL,0x000000000000331C
560,2,4,2,7,14,14,14,800,2026-08-25,8,28,10,14:15:00,15:00:00,PRESENT,2026-08-25 14:15:00,1,1,2026-09-01 10:59:33,1,2026-09-01 10:59:33,NULL,0x000000000000331D
561,2,4,2,7,14,14,14,801,2026-08-26,7,27,1,08:30:00,09:15:00,ABSENT,2026-08-26 08:30:00,1,1,2026-09-01 10:59:33,1,2026-09-01 10:59:33,NULL,0x000000000000331E
562,2,4,2,7,14,14,14,802,2026-08-26,8,28,2,09:15:00,10:00:00,PRESENT,2026-08-26 09:15:00,1,1,2026-09-01 10:59:33,1,2026-09-01 10:59:33,NULL,0x000000000000331F
563,2,4,2,7,14,14,14,804,2026-08-26,7,27,4,10:15:00,11:00:00,PRESENT,2026-08-26 10:15:00,1,1,2026-09-01 10:59:33,1,2026-09-01 10:59:33,NULL,0x0000000000003320
564,2,4,2,7,14,14,14,805,2026-08-26,8,28,5,11:00:00,11:45:00,PRESENT,2026-08-26 11:00:00,1,1,2026-09-01 10:59:33,1,2026-09-01 10:59:33,NULL,0x0000000000003321
565,2,4,2,7,14,14,14,807,2026-08-26,7,27,7,12:30:00,13:15:00,PRESENT,2026-08-26 12:30:00,1,1,2026-09-01 10:59:33,1,2026-09-01 10:59:33,NULL,0x0000000000003322
566,2,4,2,7,14,14,14,808,2026-08-26,8,28,8,13:15:00,14:00:00,PRESENT,2026-08-26 13:15:00,1,1,2026-09-01 10:59:33,1,2026-09-01 10:59:33,NULL,0x0000000000003323
567,2,4,2,7,14,14,14,810,2026-08-26,8,28,10,14:15:00,15:00:00,PRESENT,2026-08-26 14:15:00,1,1,2026-09-01 10:59:33,1,2026-09-01 10:59:33,NULL,0x0000000000003324
568,2,4,2,7,14,14,14,811,2026-08-27,7,27,1,08:30:00,09:15:00,PRESENT,2026-08-27 08:30:00,1,1,2026-09-01 10:59:33,1,2026-09-01 10:59:33,NULL,0x0000000000003325
569,2,4,2,7,14,14,14,812,2026-08-27,8,28,2,09:15:00,10:00:00,PRESENT,2026-08-27 09:15:00,1,1,2026-09-01 10:59:33,1,2026-09-01 10:59:33,NULL,0x0000000000003326
570,2,4,2,7,14,14,14,814,2026-08-27,7,27,4,10:15:00,11:00:00,PRESENT,2026-08-27 10:15:00,1,1,2026-09-01 10:59:33,1,2026-09-01 10:59:33,NULL,0x0000000000003327
571,2,4,2,7,14,14,14,815,2026-08-27,8,28,5,11:00:00,11:45:00,PRESENT,2026-08-27 11:00:00,1,1,2026-09-01 10:59:33,1,2026-09-01 10:59:33,NULL,0x0000000000003328
572,2,4,2,7,14,14,14,817,2026-08-27,7,27,7,12:30:00,13:15:00,PRESENT,2026-08-27 12:30:00,1,1,2026-09-01 10:59:33,1,2026-09-01 10:59:33,NULL,0x0000000000003329
573,2,4,2,7,14,14,14,818,2026-08-27,8,28,8,13:15:00,14:00:00,PRESENT,2026-08-27 13:15:00,1,1,2026-09-01 10:59:33,1,2026-09-01 10:59:33,NULL,0x000000000000332A
574,2,4,2,7,14,14,14,820,2026-08-27,8,28,10,14:15:00,15:00:00,PRESENT,2026-08-27 14:15:00,1,1,2026-09-01 10:59:33,1,2026-09-01 10:59:33,NULL,0x000000000000332B
575,2,4,2,7,14,14,14,821,2026-08-28,7,27,1,08:30:00,09:15:00,PRESENT,2026-08-28 08:30:00,1,1,2026-09-01 10:59:33,1,2026-09-01 10:59:33,NULL,0x000000000000332C
576,2,4,2,7,14,14,14,822,2026-08-28,8,28,2,09:15:00,10:00:00,PRESENT,2026-08-28 09:15:00,1,1,2026-09-01 10:59:33,1,2026-09-01 10:59:33,NULL,0x000000000000332D
577,2,4,2,7,14,14,14,824,2026-08-28,7,27,4,10:15:00,11:00:00,PRESENT,2026-08-28 10:15:00,1,1,2026-09-01 10:59:33,1,2026-09-01 10:59:33,NULL,0x000000000000332E
578,2,4,2,7,14,14,14,825,2026-08-28,8,28,5,11:00:00,11:45:00,PRESENT,2026-08-28 11:00:00,1,1,2026-09-01 10:59:33,1,2026-09-01 10:59:33,NULL,0x000000000000332F
579,2,4,2,7,14,14,14,827,2026-08-28,7,27,7,12:30:00,13:15:00,PRESENT,2026-08-28 12:30:00,1,1,2026-09-01 10:59:33,1,2026-09-01 10:59:33,NULL,0x0000000000003330
580,2,4,2,7,14,14,14,828,2026-08-28,8,28,8,13:15:00,14:00:00,PRESENT,2026-08-28 13:15:00,1,1,2026-09-01 10:59:33,1,2026-09-01 10:59:33,NULL,0x0000000000003331
581,2,4,2,7,14,14,14,830,2026-08-28,8,28,10,14:15:00,15:00:00,PRESENT,2026-08-28 14:15:00,1,1,2026-09-01 10:59:33,1,2026-09-01 10:59:33,NULL,0x0000000000003332
582,2,4,2,7,14,14,14,831,2026-08-29,7,27,1,08:30:00,09:15:00,PRESENT,2026-08-29 08:30:00,1,1,2026-09-01 10:59:33,1,2026-09-01 10:59:33,NULL,0x0000000000003333
583,2,4,2,7,14,14,14,832,2026-08-29,8,28,2,09:15:00,10:00:00,PRESENT,2026-08-29 09:15:00,1,1,2026-09-01 10:59:33,1,2026-09-01 10:59:33,NULL,0x0000000000003334
584,2,4,2,7,14,14,14,834,2026-08-29,7,27,4,10:15:00,11:00:00,PRESENT,2026-08-29 10:15:00,1,1,2026-09-01 10:59:33,1,2026-09-01 10:59:33,NULL,0x0000000000003335
585,2,4,2,7,14,14,14,835,2026-08-29,8,28,5,11:00:00,11:45:00,PRESENT,2026-08-29 11:00:00,1,1,2026-09-01 10:59:33,1,2026-09-01 10:59:33,NULL,0x0000000000003336
586,2,4,2,7,14,14,14,837,2026-08-29,7,27,7,12:30:00,13:15:00,PRESENT,2026-08-29 12:30:00,1,1,2026-09-01 10:59:33,1,2026-09-01 10:59:33,NULL,0x0000000000003337
587,2,4,2,7,14,14,14,838,2026-08-29,8,28,8,13:15:00,14:00:00,PRESENT,2026-08-29 13:15:00,1,1,2026-09-01 10:59:33,1,2026-09-01 10:59:33,NULL,0x0000000000003338
588,2,4,2,7,14,14,14,840,2026-08-29,8,28,10,14:15:00,15:00:00,PRESENT,2026-08-29 14:15:00,1,1,2026-09-01 10:59:33,1,2026-09-01 10:59:33,NULL,0x0000000000003339
589,2,4,2,8,15,15,15,841,2026-08-24,7,29,1,08:30:00,09:15:00,PRESENT,2026-08-24 08:30:00,1,1,2026-09-01 10:59:33,1,2026-09-01 10:59:33,NULL,0x000000000000333A
590,2,4,2,8,15,15,15,842,2026-08-24,8,30,2,09:15:00,10:00:00,ABSENT,2026-08-24 09:15:00,1,1,2026-09-01 10:59:33,1,2026-09-01 10:59:33,NULL,0x000000000000333B
591,2,4,2,8,15,15,15,844,2026-08-24,7,29,4,10:15:00,11:00:00,PRESENT,2026-08-24 10:15:00,1,1,2026-09-01 10:59:33,1,2026-09-01 10:59:33,NULL,0x000000000000333C
592,2,4,2,8,15,15,15,845,2026-08-24,8,30,5,11:00:00,11:45:00,PRESENT,2026-08-24 11:00:00,1,1,2026-09-01 10:59:33,1,2026-09-01 10:59:33,NULL,0x000000000000333D
593,2,4,2,8,15,15,15,847,2026-08-24,7,29,7,12:30:00,13:15:00,PRESENT,2026-08-24 12:30:00,1,1,2026-09-01 10:59:33,1,2026-09-01 10:59:33,NULL,0x000000000000333E
594,2,4,2,8,15,15,15,848,2026-08-24,8,30,8,13:15:00,14:00:00,PRESENT,2026-08-24 13:15:00,1,1,2026-09-01 10:59:33,1,2026-09-01 10:59:33,NULL,0x000000000000333F
595,2,4,2,8,15,15,15,850,2026-08-24,8,30,10,14:15:00,15:00:00,PRESENT,2026-08-24 14:15:00,1,1,2026-09-01 10:59:33,1,2026-09-01 10:59:33,NULL,0x0000000000003340
596,2,4,2,8,15,15,15,851,2026-08-25,7,29,1,08:30:00,09:15:00,ABSENT,2026-08-25 08:30:00,1,1,2026-09-01 10:59:33,1,2026-09-01 10:59:33,NULL,0x0000000000003341
597,2,4,2,8,15,15,15,852,2026-08-25,8,30,2,09:15:00,10:00:00,PRESENT,2026-08-25 09:15:00,1,1,2026-09-01 10:59:33,1,2026-09-01 10:59:33,NULL,0x0000000000003342
598,2,4,2,8,15,15,15,854,2026-08-25,7,29,4,10:15:00,11:00:00,PRESENT,2026-08-25 10:15:00,1,1,2026-09-01 10:59:33,1,2026-09-01 10:59:33,NULL,0x0000000000003343
599,2,4,2,8,15,15,15,855,2026-08-25,8,30,5,11:00:00,11:45:00,PRESENT,2026-08-25 11:00:00,1,1,2026-09-01 10:59:33,1,2026-09-01 10:59:33,NULL,0x0000000000003344
600,2,4,2,8,15,15,15,857,2026-08-25,7,29,7,12:30:00,13:15:00,PRESENT,2026-08-25 12:30:00,1,1,2026-09-01 10:59:33,1,2026-09-01 10:59:33,NULL,0x0000000000003345
601,2,4,2,8,15,15,15,858,2026-08-25,8,30,8,13:15:00,14:00:00,PRESENT,2026-08-25 13:15:00,1,1,2026-09-01 10:59:33,1,2026-09-01 10:59:33,NULL,0x0000000000003346
602,2,4,2,8,15,15,15,860,2026-08-25,8,30,10,14:15:00,15:00:00,PRESENT,2026-08-25 14:15:00,1,1,2026-09-01 10:59:33,1,2026-09-01 10:59:33,NULL,0x0000000000003347
603,2,4,2,8,15,15,15,861,2026-08-26,7,29,1,08:30:00,09:15:00,PRESENT,2026-08-26 08:30:00,1,1,2026-09-01 10:59:33,1,2026-09-01 10:59:33,NULL,0x0000000000003348
604,2,4,2,8,15,15,15,862,2026-08-26,8,30,2,09:15:00,10:00:00,PRESENT,2026-08-26 09:15:00,1,1,2026-09-01 10:59:33,1,2026-09-01 10:59:33,NULL,0x0000000000003349
605,2,4,2,8,15,15,15,864,2026-08-26,7,29,4,10:15:00,11:00:00,PRESENT,2026-08-26 10:15:00,1,1,2026-09-01 10:59:33,1,2026-09-01 10:59:33,NULL,0x000000000000334A
606,2,4,2,8,15,15,15,865,2026-08-26,8,30,5,11:00:00,11:45:00,PRESENT,2026-08-26 11:00:00,1,1,2026-09-01 10:59:33,1,2026-09-01 10:59:33,NULL,0x000000000000334B
607,2,4,2,8,15,15,15,867,2026-08-26,7,29,7,12:30:00,13:15:00,PRESENT,2026-08-26 12:30:00,1,1,2026-09-01 10:59:33,1,2026-09-01 10:59:33,NULL,0x000000000000334C
608,2,4,2,8,15,15,15,868,2026-08-26,8,30,8,13:15:00,14:00:00,PRESENT,2026-08-26 13:15:00,1,1,2026-09-01 10:59:33,1,2026-09-01 10:59:33,NULL,0x000000000000334D
609,2,4,2,8,15,15,15,870,2026-08-26,8,30,10,14:15:00,15:00:00,PRESENT,2026-08-26 14:15:00,1,1,2026-09-01 10:59:33,1,2026-09-01 10:59:33,NULL,0x000000000000334E
610,2,4,2,8,15,15,15,871,2026-08-27,7,29,1,08:30:00,09:15:00,PRESENT,2026-08-27 08:30:00,1,1,2026-09-01 10:59:33,1,2026-09-01 10:59:33,NULL,0x000000000000334F
611,2,4,2,8,15,15,15,872,2026-08-27,8,30,2,09:15:00,10:00:00,PRESENT,2026-08-27 09:15:00,1,1,2026-09-01 10:59:33,1,2026-09-01 10:59:33,NULL,0x0000000000003350
612,2,4,2,8,15,15,15,874,2026-08-27,7,29,4,10:15:00,11:00:00,PRESENT,2026-08-27 10:15:00,1,1,2026-09-01 10:59:33,1,2026-09-01 10:59:33,NULL,0x0000000000003351
613,2,4,2,8,15,15,15,875,2026-08-27,8,30,5,11:00:00,11:45:00,PRESENT,2026-08-27 11:00:00,1,1,2026-09-01 10:59:33,1,2026-09-01 10:59:33,NULL,0x0000000000003352
614,2,4,2,8,15,15,15,877,2026-08-27,7,29,7,12:30:00,13:15:00,PRESENT,2026-08-27 12:30:00,1,1,2026-09-01 10:59:33,1,2026-09-01 10:59:33,NULL,0x0000000000003353
615,2,4,2,8,15,15,15,878,2026-08-27,8,30,8,13:15:00,14:00:00,PRESENT,2026-08-27 13:15:00,1,1,2026-09-01 10:59:33,1,2026-09-01 10:59:33,NULL,0x0000000000003354
616,2,4,2,8,15,15,15,880,2026-08-27,8,30,10,14:15:00,15:00:00,PRESENT,2026-08-27 14:15:00,1,1,2026-09-01 10:59:33,1,2026-09-01 10:59:33,NULL,0x0000000000003355
617,2,4,2,8,15,15,15,881,2026-08-28,7,29,1,08:30:00,09:15:00,PRESENT,2026-08-28 08:30:00,1,1,2026-09-01 10:59:33,1,2026-09-01 10:59:33,NULL,0x0000000000003356
618,2,4,2,8,15,15,15,882,2026-08-28,8,30,2,09:15:00,10:00:00,PRESENT,2026-08-28 09:15:00,1,1,2026-09-01 10:59:33,1,2026-09-01 10:59:33,NULL,0x0000000000003357
619,2,4,2,8,15,15,15,884,2026-08-28,7,29,4,10:15:00,11:00:00,PRESENT,2026-08-28 10:15:00,1,1,2026-09-01 10:59:33,1,2026-09-01 10:59:33,NULL,0x0000000000003358
620,2,4,2,8,15,15,15,885,2026-08-28,8,30,5,11:00:00,11:45:00,PRESENT,2026-08-28 11:00:00,1,1,2026-09-01 10:59:33,1,2026-09-01 10:59:33,NULL,0x0000000000003359
621,2,4,2,8,15,15,15,887,2026-08-28,7,29,7,12:30:00,13:15:00,PRESENT,2026-08-28 12:30:00,1,1,2026-09-01 10:59:33,1,2026-09-01 10:59:33,NULL,0x000000000000335A
622,2,4,2,8,15,15,15,888,2026-08-28,8,30,8,13:15:00,14:00:00,PRESENT,2026-08-28 13:15:00,1,1,2026-09-01 10:59:33,1,2026-09-01 10:59:33,NULL,0x000000000000335B
623,2,4,2,8,15,15,15,890,2026-08-28,8,30,10,14:15:00,15:00:00,PRESENT,2026-08-28 14:15:00,1,1,2026-09-01 10:59:33,1,2026-09-01 10:59:33,NULL,0x000000000000335C
624,2,4,2,8,15,15,15,891,2026-08-29,7,29,1,08:30:00,09:15:00,PRESENT,2026-08-29 08:30:00,1,1,2026-09-01 10:59:33,1,2026-09-01 10:59:33,NULL,0x000000000000335D
625,2,4,2,8,15,15,15,892,2026-08-29,8,30,2,09:15:00,10:00:00,PRESENT,2026-08-29 09:15:00,1,1,2026-09-01 10:59:33,1,2026-09-01 10:59:33,NULL,0x000000000000335E
626,2,4,2,8,15,15,15,894,2026-08-29,7,29,4,10:15:00,11:00:00,PRESENT,2026-08-29 10:15:00,1,1,2026-09-01 10:59:33,1,2026-09-01 10:59:33,NULL,0x000000000000335F
627,2,4,2,8,15,15,15,895,2026-08-29,8,30,5,11:00:00,11:45:00,PRESENT,2026-08-29 11:00:00,1,1,2026-09-01 10:59:33,1,2026-09-01 10:59:33,NULL,0x0000000000003360
628,2,4,2,8,15,15,15,897,2026-08-29,7,29,7,12:30:00,13:15:00,PRESENT,2026-08-29 12:30:00,1,1,2026-09-01 10:59:33,1,2026-09-01 10:59:33,NULL,0x0000000000003361
629,2,4,2,8,15,15,15,898,2026-08-29,8,30,8,13:15:00,14:00:00,PRESENT,2026-08-29 13:15:00,1,1,2026-09-01 10:59:33,1,2026-09-01 10:59:33,NULL,0x0000000000003362
630,2,4,2,8,15,15,15,900,2026-08-29,8,30,10,14:15:00,15:00:00,PRESENT,2026-08-29 14:15:00,1,1,2026-09-01 10:59:33,1,2026-09-01 10:59:33,NULL,0x0000000000003363
631,2,4,2,8,16,16,16,901,2026-08-24,7,31,1,08:30:00,09:15:00,ABSENT,2026-08-24 08:30:00,1,1,2026-09-01 10:59:33,1,2026-09-01 10:59:33,NULL,0x0000000000003364
632,2,4,2,8,16,16,16,902,2026-08-24,8,32,2,09:15:00,10:00:00,PRESENT,2026-08-24 09:15:00,1,1,2026-09-01 10:59:33,1,2026-09-01 10:59:33,NULL,0x0000000000003365
633,2,4,2,8,16,16,16,904,2026-08-24,7,31,4,10:15:00,11:00:00,PRESENT,2026-08-24 10:15:00,1,1,2026-09-01 10:59:33,1,2026-09-01 10:59:33,NULL,0x0000000000003366
634,2,4,2,8,16,16,16,905,2026-08-24,8,32,5,11:00:00,11:45:00,PRESENT,2026-08-24 11:00:00,1,1,2026-09-01 10:59:33,1,2026-09-01 10:59:33,NULL,0x0000000000003367
635,2,4,2,8,16,16,16,907,2026-08-24,7,31,7,12:30:00,13:15:00,PRESENT,2026-08-24 12:30:00,1,1,2026-09-01 10:59:33,1,2026-09-01 10:59:33,NULL,0x0000000000003368
636,2,4,2,8,16,16,16,908,2026-08-24,8,32,8,13:15:00,14:00:00,PRESENT,2026-08-24 13:15:00,1,1,2026-09-01 10:59:33,1,2026-09-01 10:59:33,NULL,0x0000000000003369
637,2,4,2,8,16,16,16,910,2026-08-24,8,32,10,14:15:00,15:00:00,PRESENT,2026-08-24 14:15:00,1,1,2026-09-01 10:59:33,1,2026-09-01 10:59:33,NULL,0x000000000000336A
638,2,4,2,8,16,16,16,911,2026-08-25,7,31,1,08:30:00,09:15:00,PRESENT,2026-08-25 08:30:00,1,1,2026-09-01 10:59:33,1,2026-09-01 10:59:33,NULL,0x000000000000336B
639,2,4,2,8,16,16,16,912,2026-08-25,8,32,2,09:15:00,10:00:00,PRESENT,2026-08-25 09:15:00,1,1,2026-09-01 10:59:33,1,2026-09-01 10:59:33,NULL,0x000000000000336C
640,2,4,2,8,16,16,16,914,2026-08-25,7,31,4,10:15:00,11:00:00,PRESENT,2026-08-25 10:15:00,1,1,2026-09-01 10:59:33,1,2026-09-01 10:59:33,NULL,0x000000000000336D
641,2,4,2,8,16,16,16,915,2026-08-25,8,32,5,11:00:00,11:45:00,PRESENT,2026-08-25 11:00:00,1,1,2026-09-01 10:59:33,1,2026-09-01 10:59:33,NULL,0x000000000000336E
642,2,4,2,8,16,16,16,917,2026-08-25,7,31,7,12:30:00,13:15:00,PRESENT,2026-08-25 12:30:00,1,1,2026-09-01 10:59:33,1,2026-09-01 10:59:33,NULL,0x000000000000336F
643,2,4,2,8,16,16,16,918,2026-08-25,8,32,8,13:15:00,14:00:00,PRESENT,2026-08-25 13:15:00,1,1,2026-09-01 10:59:33,1,2026-09-01 10:59:33,NULL,0x0000000000003370
644,2,4,2,8,16,16,16,920,2026-08-25,8,32,10,14:15:00,15:00:00,PRESENT,2026-08-25 14:15:00,1,1,2026-09-01 10:59:33,1,2026-09-01 10:59:33,NULL,0x0000000000003371
645,2,4,2,8,16,16,16,921,2026-08-26,7,31,1,08:30:00,09:15:00,PRESENT,2026-08-26 08:30:00,1,1,2026-09-01 10:59:33,1,2026-09-01 10:59:33,NULL,0x0000000000003372
646,2,4,2,8,16,16,16,922,2026-08-26,8,32,2,09:15:00,10:00:00,PRESENT,2026-08-26 09:15:00,1,1,2026-09-01 10:59:33,1,2026-09-01 10:59:33,NULL,0x0000000000003373
647,2,4,2,8,16,16,16,924,2026-08-26,7,31,4,10:15:00,11:00:00,PRESENT,2026-08-26 10:15:00,1,1,2026-09-01 10:59:33,1,2026-09-01 10:59:33,NULL,0x0000000000003374
648,2,4,2,8,16,16,16,925,2026-08-26,8,32,5,11:00:00,11:45:00,PRESENT,2026-08-26 11:00:00,1,1,2026-09-01 10:59:33,1,2026-09-01 10:59:33,NULL,0x0000000000003375
649,2,4,2,8,16,16,16,927,2026-08-26,7,31,7,12:30:00,13:15:00,PRESENT,2026-08-26 12:30:00,1,1,2026-09-01 10:59:33,1,2026-09-01 10:59:33,NULL,0x0000000000003376
650,2,4,2,8,16,16,16,928,2026-08-26,8,32,8,13:15:00,14:00:00,PRESENT,2026-08-26 13:15:00,1,1,2026-09-01 10:59:33,1,2026-09-01 10:59:33,NULL,0x0000000000003377
651,2,4,2,8,16,16,16,930,2026-08-26,8,32,10,14:15:00,15:00:00,PRESENT,2026-08-26 14:15:00,1,1,2026-09-01 10:59:33,1,2026-09-01 10:59:33,NULL,0x0000000000003378
652,2,4,2,8,16,16,16,931,2026-08-27,7,31,1,08:30:00,09:15:00,PRESENT,2026-08-27 08:30:00,1,1,2026-09-01 10:59:33,1,2026-09-01 10:59:33,NULL,0x0000000000003379
653,2,4,2,8,16,16,16,932,2026-08-27,8,32,2,09:15:00,10:00:00,PRESENT,2026-08-27 09:15:00,1,1,2026-09-01 10:59:33,1,2026-09-01 10:59:33,NULL,0x000000000000337A
654,2,4,2,8,16,16,16,934,2026-08-27,7,31,4,10:15:00,11:00:00,PRESENT,2026-08-27 10:15:00,1,1,2026-09-01 10:59:33,1,2026-09-01 10:59:33,NULL,0x000000000000337B
655,2,4,2,8,16,16,16,935,2026-08-27,8,32,5,11:00:00,11:45:00,PRESENT,2026-08-27 11:00:00,1,1,2026-09-01 10:59:33,1,2026-09-01 10:59:33,NULL,0x000000000000337C
656,2,4,2,8,16,16,16,937,2026-08-27,7,31,7,12:30:00,13:15:00,PRESENT,2026-08-27 12:30:00,1,1,2026-09-01 10:59:33,1,2026-09-01 10:59:33,NULL,0x000000000000337D
657,2,4,2,8,16,16,16,938,2026-08-27,8,32,8,13:15:00,14:00:00,PRESENT,2026-08-27 13:15:00,1,1,2026-09-01 10:59:33,1,2026-09-01 10:59:33,NULL,0x000000000000337E
658,2,4,2,8,16,16,16,940,2026-08-27,8,32,10,14:15:00,15:00:00,PRESENT,2026-08-27 14:15:00,1,1,2026-09-01 10:59:33,1,2026-09-01 10:59:33,NULL,0x000000000000337F
659,2,4,2,8,16,16,16,941,2026-08-28,7,31,1,08:30:00,09:15:00,PRESENT,2026-08-28 08:30:00,1,1,2026-09-01 10:59:33,1,2026-09-01 10:59:33,NULL,0x0000000000003380
660,2,4,2,8,16,16,16,942,2026-08-28,8,32,2,09:15:00,10:00:00,PRESENT,2026-08-28 09:15:00,1,1,2026-09-01 10:59:33,1,2026-09-01 10:59:33,NULL,0x0000000000003381
661,2,4,2,8,16,16,16,944,2026-08-28,7,31,4,10:15:00,11:00:00,PRESENT,2026-08-28 10:15:00,1,1,2026-09-01 10:59:33,1,2026-09-01 10:59:33,NULL,0x0000000000003382
662,2,4,2,8,16,16,16,945,2026-08-28,8,32,5,11:00:00,11:45:00,PRESENT,2026-08-28 11:00:00,1,1,2026-09-01 10:59:33,1,2026-09-01 10:59:33,NULL,0x0000000000003383
663,2,4,2,8,16,16,16,947,2026-08-28,7,31,7,12:30:00,13:15:00,PRESENT,2026-08-28 12:30:00,1,1,2026-09-01 10:59:33,1,2026-09-01 10:59:33,NULL,0x0000000000003384
664,2,4,2,8,16,16,16,948,2026-08-28,8,32,8,13:15:00,14:00:00,PRESENT,2026-08-28 13:15:00,1,1,2026-09-01 10:59:33,1,2026-09-01 10:59:33,NULL,0x0000000000003385
665,2,4,2,8,16,16,16,950,2026-08-28,8,32,10,14:15:00,15:00:00,PRESENT,2026-08-28 14:15:00,1,1,2026-09-01 10:59:33,1,2026-09-01 10:59:33,NULL,0x0000000000003386
666,2,4,2,8,16,16,16,951,2026-08-29,7,31,1,08:30:00,09:15:00,PRESENT,2026-08-29 08:30:00,1,1,2026-09-01 10:59:33,1,2026-09-01 10:59:33,NULL,0x0000000000003387
667,2,4,2,8,16,16,16,952,2026-08-29,8,32,2,09:15:00,10:00:00,PRESENT,2026-08-29 09:15:00,1,1,2026-09-01 10:59:33,1,2026-09-01 10:59:33,NULL,0x0000000000003388
668,2,4,2,8,16,16,16,954,2026-08-29,7,31,4,10:15:00,11:00:00,PRESENT,2026-08-29 10:15:00,1,1,2026-09-01 10:59:33,1,2026-09-01 10:59:33,NULL,0x0000000000003389
669,2,4,2,8,16,16,16,955,2026-08-29,8,32,5,11:00:00,11:45:00,PRESENT,2026-08-29 11:00:00,1,1,2026-09-01 10:59:33,1,2026-09-01 10:59:33,NULL,0x000000000000338A
670,2,4,2,8,16,16,16,957,2026-08-29,7,31,7,12:30:00,13:15:00,PRESENT,2026-08-29 12:30:00,1,1,2026-09-01 10:59:33,1,2026-09-01 10:59:33,NULL,0x000000000000338B
671,2,4,2,8,16,16,16,958,2026-08-29,8,32,8,13:15:00,14:00:00,PRESENT,2026-08-29 13:15:00,1,1,2026-09-01 10:59:33,1,2026-09-01 10:59:33,NULL,0x000000000000338C
672,2,4,2,8,16,16,16,960,2026-08-29,8,32,10,14:15:00,15:00:00,PRESENT,2026-08-29 14:15:00,1,1,2026-09-01 10:59:33,1,2026-09-01 10:59:33,NULL,0x000000000000338D
673,1,1,1,1,1,17,1,1,2026-08-24,1,1,1,08:30:00,09:15:00,PRESENT,2026-08-24 08:30:00,1,1,2026-09-01 10:59:33,1,2026-09-01 10:59:33,NULL,0x000000000000338E
674,1,1,1,1,1,17,1,2,2026-08-24,2,2,2,09:15:00,10:00:00,PRESENT,2026-08-24 09:15:00,1,1,2026-09-01 10:59:33,1,2026-09-01 10:59:33,NULL,0x000000000000338F
675,1,1,1,1,1,17,1,4,2026-08-24,1,1,4,10:15:00,11:00:00,PRESENT,2026-08-24 10:15:00,1,1,2026-09-01 10:59:33,1,2026-09-01 10:59:33,NULL,0x0000000000003390
676,1,1,1,1,1,17,1,5,2026-08-24,2,2,5,11:00:00,11:45:00,PRESENT,2026-08-24 11:00:00,1,1,2026-09-01 10:59:33,1,2026-09-01 10:59:33,NULL,0x0000000000003391
677,1,1,1,1,1,17,1,7,2026-08-24,1,1,7,12:30:00,13:15:00,PRESENT,2026-08-24 12:30:00,1,1,2026-09-01 10:59:33,1,2026-09-01 10:59:33,NULL,0x0000000000003392
678,1,1,1,1,1,17,1,8,2026-08-24,2,2,8,13:15:00,14:00:00,PRESENT,2026-08-24 13:15:00,1,1,2026-09-01 10:59:33,1,2026-09-01 10:59:33,NULL,0x0000000000003393
679,1,1,1,1,1,17,1,10,2026-08-24,2,2,10,14:15:00,15:00:00,PRESENT,2026-08-24 14:15:00,1,1,2026-09-01 10:59:33,1,2026-09-01 10:59:33,NULL,0x0000000000003394
680,1,1,1,1,1,17,1,11,2026-08-25,1,1,1,08:30:00,09:15:00,PRESENT,2026-08-25 08:30:00,1,1,2026-09-01 10:59:33,1,2026-09-01 10:59:33,NULL,0x0000000000003395
681,1,1,1,1,1,17,1,12,2026-08-25,2,2,2,09:15:00,10:00:00,PRESENT,2026-08-25 09:15:00,1,1,2026-09-01 10:59:33,1,2026-09-01 10:59:33,NULL,0x0000000000003396
682,1,1,1,1,1,17,1,14,2026-08-25,1,1,4,10:15:00,11:00:00,PRESENT,2026-08-25 10:15:00,1,1,2026-09-01 10:59:33,1,2026-09-01 10:59:33,NULL,0x0000000000003397
683,1,1,1,1,1,17,1,15,2026-08-25,2,2,5,11:00:00,11:45:00,PRESENT,2026-08-25 11:00:00,1,1,2026-09-01 10:59:33,1,2026-09-01 10:59:33,NULL,0x0000000000003398
684,1,1,1,1,1,17,1,17,2026-08-25,1,1,7,12:30:00,13:15:00,PRESENT,2026-08-25 12:30:00,1,1,2026-09-01 10:59:33,1,2026-09-01 10:59:33,NULL,0x0000000000003399
685,1,1,1,1,1,17,1,18,2026-08-25,2,2,8,13:15:00,14:00:00,PRESENT,2026-08-25 13:15:00,1,1,2026-09-01 10:59:33,1,2026-09-01 10:59:33,NULL,0x000000000000339A
686,1,1,1,1,1,17,1,20,2026-08-25,2,2,10,14:15:00,15:00:00,PRESENT,2026-08-25 14:15:00,1,1,2026-09-01 10:59:33,1,2026-09-01 10:59:33,NULL,0x000000000000339B
687,1,1,1,1,1,17,1,21,2026-08-26,1,1,1,08:30:00,09:15:00,PRESENT,2026-08-26 08:30:00,1,1,2026-09-01 10:59:33,1,2026-09-01 10:59:33,NULL,0x000000000000339C
688,1,1,1,1,1,17,1,22,2026-08-26,2,2,2,09:15:00,10:00:00,PRESENT,2026-08-26 09:15:00,1,1,2026-09-01 10:59:33,1,2026-09-01 10:59:33,NULL,0x000000000000339D
689,1,1,1,1,1,17,1,24,2026-08-26,1,1,4,10:15:00,11:00:00,PRESENT,2026-08-26 10:15:00,1,1,2026-09-01 10:59:33,1,2026-09-01 10:59:33,NULL,0x000000000000339E
690,1,1,1,1,1,17,1,25,2026-08-26,2,2,5,11:00:00,11:45:00,PRESENT,2026-08-26 11:00:00,1,1,2026-09-01 10:59:33,1,2026-09-01 10:59:33,NULL,0x000000000000339F
691,1,1,1,1,1,17,1,27,2026-08-26,1,1,7,12:30:00,13:15:00,PRESENT,2026-08-26 12:30:00,1,1,2026-09-01 10:59:33,1,2026-09-01 10:59:33,NULL,0x00000000000033A0
692,1,1,1,1,1,17,1,28,2026-08-26,2,2,8,13:15:00,14:00:00,PRESENT,2026-08-26 13:15:00,1,1,2026-09-01 10:59:33,1,2026-09-01 10:59:33,NULL,0x00000000000033A1
693,1,1,1,1,1,17,1,30,2026-08-26,2,2,10,14:15:00,15:00:00,PRESENT,2026-08-26 14:15:00,1,1,2026-09-01 10:59:33,1,2026-09-01 10:59:33,NULL,0x00000000000033A2
694,1,1,1,1,1,17,1,31,2026-08-27,1,1,1,08:30:00,09:15:00,PRESENT,2026-08-27 08:30:00,1,1,2026-09-01 10:59:33,1,2026-09-01 10:59:33,NULL,0x00000000000033A3
695,1,1,1,1,1,17,1,32,2026-08-27,2,2,2,09:15:00,10:00:00,PRESENT,2026-08-27 09:15:00,1,1,2026-09-01 10:59:33,1,2026-09-01 10:59:33,NULL,0x00000000000033A4
696,1,1,1,1,1,17,1,34,2026-08-27,1,1,4,10:15:00,11:00:00,PRESENT,2026-08-27 10:15:00,1,1,2026-09-01 10:59:33,1,2026-09-01 10:59:33,NULL,0x00000000000033A5
697,1,1,1,1,1,17,1,35,2026-08-27,2,2,5,11:00:00,11:45:00,PRESENT,2026-08-27 11:00:00,1,1,2026-09-01 10:59:33,1,2026-09-01 10:59:33,NULL,0x00000000000033A6
698,1,1,1,1,1,17,1,37,2026-08-27,1,1,7,12:30:00,13:15:00,PRESENT,2026-08-27 12:30:00,1,1,2026-09-01 10:59:33,1,2026-09-01 10:59:33,NULL,0x00000000000033A7
699,1,1,1,1,1,17,1,38,2026-08-27,2,2,8,13:15:00,14:00:00,PRESENT,2026-08-27 13:15:00,1,1,2026-09-01 10:59:33,1,2026-09-01 10:59:33,NULL,0x00000000000033A8
700,1,1,1,1,1,17,1,40,2026-08-27,2,2,10,14:15:00,15:00:00,PRESENT,2026-08-27 14:15:00,1,1,2026-09-01 10:59:33,1,2026-09-01 10:59:33,NULL,0x00000000000033A9
701,1,1,1,1,1,17,1,41,2026-08-28,1,1,1,08:30:00,09:15:00,PRESENT,2026-08-28 08:30:00,1,1,2026-09-01 10:59:33,1,2026-09-01 10:59:33,NULL,0x00000000000033AA
702,1,1,1,1,1,17,1,42,2026-08-28,2,2,2,09:15:00,10:00:00,PRESENT,2026-08-28 09:15:00,1,1,2026-09-01 10:59:33,1,2026-09-01 10:59:33,NULL,0x00000000000033AB
703,1,1,1,1,1,17,1,44,2026-08-28,1,1,4,10:15:00,11:00:00,PRESENT,2026-08-28 10:15:00,1,1,2026-09-01 10:59:33,1,2026-09-01 10:59:33,NULL,0x00000000000033AC
704,1,1,1,1,1,17,1,45,2026-08-28,2,2,5,11:00:00,11:45:00,PRESENT,2026-08-28 11:00:00,1,1,2026-09-01 10:59:33,1,2026-09-01 10:59:33,NULL,0x00000000000033AD
705,1,1,1,1,1,17,1,47,2026-08-28,1,1,7,12:30:00,13:15:00,PRESENT,2026-08-28 12:30:00,1,1,2026-09-01 10:59:33,1,2026-09-01 10:59:33,NULL,0x00000000000033AE
706,1,1,1,1,1,17,1,48,2026-08-28,2,2,8,13:15:00,14:00:00,PRESENT,2026-08-28 13:15:00,1,1,2026-09-01 10:59:33,1,2026-09-01 10:59:33,NULL,0x00000000000033AF
707,1,1,1,1,1,17,1,50,2026-08-28,2,2,10,14:15:00,15:00:00,PRESENT,2026-08-28 14:15:00,1,1,2026-09-01 10:59:33,1,2026-09-01 10:59:33,NULL,0x00000000000033B0
708,1,1,1,1,1,17,1,51,2026-08-29,1,1,1,08:30:00,09:15:00,PRESENT,2026-08-29 08:30:00,1,1,2026-09-01 10:59:33,1,2026-09-01 10:59:33,NULL,0x00000000000033B1
709,1,1,1,1,1,17,1,52,2026-08-29,2,2,2,09:15:00,10:00:00,PRESENT,2026-08-29 09:15:00,1,1,2026-09-01 10:59:33,1,2026-09-01 10:59:33,NULL,0x00000000000033B2
710,1,1,1,1,1,17,1,54,2026-08-29,1,1,4,10:15:00,11:00:00,PRESENT,2026-08-29 10:15:00,1,1,2026-09-01 10:59:33,1,2026-09-01 10:59:33,NULL,0x00000000000033B3
711,1,1,1,1,1,17,1,55,2026-08-29,2,2,5,11:00:00,11:45:00,PRESENT,2026-08-29 11:00:00,1,1,2026-09-01 10:59:33,1,2026-09-01 10:59:33,NULL,0x00000000000033B4
712,1,1,1,1,1,17,1,57,2026-08-29,1,1,7,12:30:00,13:15:00,PRESENT,2026-08-29 12:30:00,1,1,2026-09-01 10:59:33,1,2026-09-01 10:59:33,NULL,0x00000000000033B5
713,1,1,1,1,1,17,1,58,2026-08-29,2,2,8,13:15:00,14:00:00,PRESENT,2026-08-29 13:15:00,1,1,2026-09-01 10:59:33,1,2026-09-01 10:59:33,NULL,0x00000000000033B6
714,1,1,1,1,1,17,1,60,2026-08-29,2,2,10,14:15:00,15:00:00,PRESENT,2026-08-29 14:15:00,1,1,2026-09-01 10:59:33,1,2026-09-01 10:59:33,NULL,0x00000000000033B7
715,1,1,1,1,2,18,2,61,2026-08-24,1,3,1,08:30:00,09:15:00,PRESENT,2026-08-24 08:30:00,1,1,2026-09-01 10:59:33,1,2026-09-01 10:59:33,NULL,0x00000000000033B8
716,1,1,1,1,2,18,2,62,2026-08-24,2,4,2,09:15:00,10:00:00,PRESENT,2026-08-24 09:15:00,1,1,2026-09-01 10:59:33,1,2026-09-01 10:59:33,NULL,0x00000000000033B9
717,1,1,1,1,2,18,2,64,2026-08-24,1,3,4,10:15:00,11:00:00,PRESENT,2026-08-24 10:15:00,1,1,2026-09-01 10:59:33,1,2026-09-01 10:59:33,NULL,0x00000000000033BA
718,1,1,1,1,2,18,2,65,2026-08-24,2,4,5,11:00:00,11:45:00,PRESENT,2026-08-24 11:00:00,1,1,2026-09-01 10:59:33,1,2026-09-01 10:59:33,NULL,0x00000000000033BB
719,1,1,1,1,2,18,2,67,2026-08-24,1,3,7,12:30:00,13:15:00,PRESENT,2026-08-24 12:30:00,1,1,2026-09-01 10:59:33,1,2026-09-01 10:59:33,NULL,0x00000000000033BC
720,1,1,1,1,2,18,2,68,2026-08-24,2,4,8,13:15:00,14:00:00,PRESENT,2026-08-24 13:15:00,1,1,2026-09-01 10:59:33,1,2026-09-01 10:59:33,NULL,0x00000000000033BD
721,1,1,1,1,2,18,2,70,2026-08-24,2,4,10,14:15:00,15:00:00,PRESENT,2026-08-24 14:15:00,1,1,2026-09-01 10:59:33,1,2026-09-01 10:59:33,NULL,0x00000000000033BE
722,1,1,1,1,2,18,2,71,2026-08-25,1,3,1,08:30:00,09:15:00,PRESENT,2026-08-25 08:30:00,1,1,2026-09-01 10:59:33,1,2026-09-01 10:59:33,NULL,0x00000000000033BF
723,1,1,1,1,2,18,2,72,2026-08-25,2,4,2,09:15:00,10:00:00,PRESENT,2026-08-25 09:15:00,1,1,2026-09-01 10:59:33,1,2026-09-01 10:59:33,NULL,0x00000000000033C0
724,1,1,1,1,2,18,2,74,2026-08-25,1,3,4,10:15:00,11:00:00,PRESENT,2026-08-25 10:15:00,1,1,2026-09-01 10:59:33,1,2026-09-01 10:59:33,NULL,0x00000000000033C1
725,1,1,1,1,2,18,2,75,2026-08-25,2,4,5,11:00:00,11:45:00,PRESENT,2026-08-25 11:00:00,1,1,2026-09-01 10:59:33,1,2026-09-01 10:59:33,NULL,0x00000000000033C2
726,1,1,1,1,2,18,2,77,2026-08-25,1,3,7,12:30:00,13:15:00,PRESENT,2026-08-25 12:30:00,1,1,2026-09-01 10:59:33,1,2026-09-01 10:59:33,NULL,0x00000000000033C3
727,1,1,1,1,2,18,2,78,2026-08-25,2,4,8,13:15:00,14:00:00,PRESENT,2026-08-25 13:15:00,1,1,2026-09-01 10:59:33,1,2026-09-01 10:59:33,NULL,0x00000000000033C4
728,1,1,1,1,2,18,2,80,2026-08-25,2,4,10,14:15:00,15:00:00,PRESENT,2026-08-25 14:15:00,1,1,2026-09-01 10:59:33,1,2026-09-01 10:59:33,NULL,0x00000000000033C5
729,1,1,1,1,2,18,2,81,2026-08-26,1,3,1,08:30:00,09:15:00,PRESENT,2026-08-26 08:30:00,1,1,2026-09-01 10:59:33,1,2026-09-01 10:59:33,NULL,0x00000000000033C6
730,1,1,1,1,2,18,2,82,2026-08-26,2,4,2,09:15:00,10:00:00,PRESENT,2026-08-26 09:15:00,1,1,2026-09-01 10:59:33,1,2026-09-01 10:59:33,NULL,0x00000000000033C7
731,1,1,1,1,2,18,2,84,2026-08-26,1,3,4,10:15:00,11:00:00,PRESENT,2026-08-26 10:15:00,1,1,2026-09-01 10:59:33,1,2026-09-01 10:59:33,NULL,0x00000000000033C8
732,1,1,1,1,2,18,2,85,2026-08-26,2,4,5,11:00:00,11:45:00,PRESENT,2026-08-26 11:00:00,1,1,2026-09-01 10:59:33,1,2026-09-01 10:59:33,NULL,0x00000000000033C9
733,1,1,1,1,2,18,2,87,2026-08-26,1,3,7,12:30:00,13:15:00,PRESENT,2026-08-26 12:30:00,1,1,2026-09-01 10:59:33,1,2026-09-01 10:59:33,NULL,0x00000000000033CA
734,1,1,1,1,2,18,2,88,2026-08-26,2,4,8,13:15:00,14:00:00,PRESENT,2026-08-26 13:15:00,1,1,2026-09-01 10:59:33,1,2026-09-01 10:59:33,NULL,0x00000000000033CB
735,1,1,1,1,2,18,2,90,2026-08-26,2,4,10,14:15:00,15:00:00,PRESENT,2026-08-26 14:15:00,1,1,2026-09-01 10:59:33,1,2026-09-01 10:59:33,NULL,0x00000000000033CC
736,1,1,1,1,2,18,2,91,2026-08-27,1,3,1,08:30:00,09:15:00,PRESENT,2026-08-27 08:30:00,1,1,2026-09-01 10:59:33,1,2026-09-01 10:59:33,NULL,0x00000000000033CD
737,1,1,1,1,2,18,2,92,2026-08-27,2,4,2,09:15:00,10:00:00,PRESENT,2026-08-27 09:15:00,1,1,2026-09-01 10:59:33,1,2026-09-01 10:59:33,NULL,0x00000000000033CE
738,1,1,1,1,2,18,2,94,2026-08-27,1,3,4,10:15:00,11:00:00,PRESENT,2026-08-27 10:15:00,1,1,2026-09-01 10:59:33,1,2026-09-01 10:59:33,NULL,0x00000000000033CF
739,1,1,1,1,2,18,2,95,2026-08-27,2,4,5,11:00:00,11:45:00,PRESENT,2026-08-27 11:00:00,1,1,2026-09-01 10:59:33,1,2026-09-01 10:59:33,NULL,0x00000000000033D0
740,1,1,1,1,2,18,2,97,2026-08-27,1,3,7,12:30:00,13:15:00,PRESENT,2026-08-27 12:30:00,1,1,2026-09-01 10:59:33,1,2026-09-01 10:59:33,NULL,0x00000000000033D1
741,1,1,1,1,2,18,2,98,2026-08-27,2,4,8,13:15:00,14:00:00,PRESENT,2026-08-27 13:15:00,1,1,2026-09-01 10:59:33,1,2026-09-01 10:59:33,NULL,0x00000000000033D2
742,1,1,1,1,2,18,2,100,2026-08-27,2,4,10,14:15:00,15:00:00,PRESENT,2026-08-27 14:15:00,1,1,2026-09-01 10:59:33,1,2026-09-01 10:59:33,NULL,0x00000000000033D3
743,1,1,1,1,2,18,2,101,2026-08-28,1,3,1,08:30:00,09:15:00,PRESENT,2026-08-28 08:30:00,1,1,2026-09-01 10:59:33,1,2026-09-01 10:59:33,NULL,0x00000000000033D4
744,1,1,1,1,2,18,2,102,2026-08-28,2,4,2,09:15:00,10:00:00,PRESENT,2026-08-28 09:15:00,1,1,2026-09-01 10:59:33,1,2026-09-01 10:59:33,NULL,0x00000000000033D5
745,1,1,1,1,2,18,2,104,2026-08-28,1,3,4,10:15:00,11:00:00,PRESENT,2026-08-28 10:15:00,1,1,2026-09-01 10:59:33,1,2026-09-01 10:59:33,NULL,0x00000000000033D6
746,1,1,1,1,2,18,2,105,2026-08-28,2,4,5,11:00:00,11:45:00,PRESENT,2026-08-28 11:00:00,1,1,2026-09-01 10:59:33,1,2026-09-01 10:59:33,NULL,0x00000000000033D7
747,1,1,1,1,2,18,2,107,2026-08-28,1,3,7,12:30:00,13:15:00,PRESENT,2026-08-28 12:30:00,1,1,2026-09-01 10:59:33,1,2026-09-01 10:59:33,NULL,0x00000000000033D8
748,1,1,1,1,2,18,2,108,2026-08-28,2,4,8,13:15:00,14:00:00,PRESENT,2026-08-28 13:15:00,1,1,2026-09-01 10:59:33,1,2026-09-01 10:59:33,NULL,0x00000000000033D9
749,1,1,1,1,2,18,2,110,2026-08-28,2,4,10,14:15:00,15:00:00,PRESENT,2026-08-28 14:15:00,1,1,2026-09-01 10:59:33,1,2026-09-01 10:59:33,NULL,0x00000000000033DA
750,1,1,1,1,2,18,2,111,2026-08-29,1,3,1,08:30:00,09:15:00,PRESENT,2026-08-29 08:30:00,1,1,2026-09-01 10:59:33,1,2026-09-01 10:59:33,NULL,0x00000000000033DB
751,1,1,1,1,2,18,2,112,2026-08-29,2,4,2,09:15:00,10:00:00,PRESENT,2026-08-29 09:15:00,1,1,2026-09-01 10:59:33,1,2026-09-01 10:59:33,NULL,0x00000000000033DC
752,1,1,1,1,2,18,2,114,2026-08-29,1,3,4,10:15:00,11:00:00,PRESENT,2026-08-29 10:15:00,1,1,2026-09-01 10:59:33,1,2026-09-01 10:59:33,NULL,0x00000000000033DD
753,1,1,1,1,2,18,2,115,2026-08-29,2,4,5,11:00:00,11:45:00,PRESENT,2026-08-29 11:00:00,1,1,2026-09-01 10:59:33,1,2026-09-01 10:59:33,NULL,0x00000000000033DE
754,1,1,1,1,2,18,2,117,2026-08-29,1,3,7,12:30:00,13:15:00,PRESENT,2026-08-29 12:30:00,1,1,2026-09-01 10:59:33,1,2026-09-01 10:59:33,NULL,0x00000000000033DF
755,1,1,1,1,2,18,2,118,2026-08-29,2,4,8,13:15:00,14:00:00,PRESENT,2026-08-29 13:15:00,1,1,2026-09-01 10:59:33,1,2026-09-01 10:59:33,NULL,0x00000000000033E0
756,1,1,1,1,2,18,2,120,2026-08-29,2,4,10,14:15:00,15:00:00,PRESENT,2026-08-29 14:15:00,1,1,2026-09-01 10:59:33,1,2026-09-01 10:59:33,NULL,0x00000000000033E1
757,1,1,1,2,3,19,3,121,2026-08-24,1,5,1,08:30:00,09:15:00,PRESENT,2026-08-24 08:30:00,1,1,2026-09-01 10:59:33,1,2026-09-01 10:59:33,NULL,0x00000000000033E2
758,1,1,1,2,3,19,3,122,2026-08-24,2,6,2,09:15:00,10:00:00,PRESENT,2026-08-24 09:15:00,1,1,2026-09-01 10:59:33,1,2026-09-01 10:59:33,NULL,0x00000000000033E3
759,1,1,1,2,3,19,3,124,2026-08-24,1,5,4,10:15:00,11:00:00,PRESENT,2026-08-24 10:15:00,1,1,2026-09-01 10:59:33,1,2026-09-01 10:59:33,NULL,0x00000000000033E4
760,1,1,1,2,3,19,3,125,2026-08-24,2,6,5,11:00:00,11:45:00,PRESENT,2026-08-24 11:00:00,1,1,2026-09-01 10:59:33,1,2026-09-01 10:59:33,NULL,0x00000000000033E5
761,1,1,1,2,3,19,3,127,2026-08-24,1,5,7,12:30:00,13:15:00,PRESENT,2026-08-24 12:30:00,1,1,2026-09-01 10:59:33,1,2026-09-01 10:59:33,NULL,0x00000000000033E6
762,1,1,1,2,3,19,3,128,2026-08-24,2,6,8,13:15:00,14:00:00,PRESENT,2026-08-24 13:15:00,1,1,2026-09-01 10:59:33,1,2026-09-01 10:59:33,NULL,0x00000000000033E7
763,1,1,1,2,3,19,3,130,2026-08-24,2,6,10,14:15:00,15:00:00,PRESENT,2026-08-24 14:15:00,1,1,2026-09-01 10:59:33,1,2026-09-01 10:59:33,NULL,0x00000000000033E8
764,1,1,1,2,3,19,3,131,2026-08-25,1,5,1,08:30:00,09:15:00,PRESENT,2026-08-25 08:30:00,1,1,2026-09-01 10:59:33,1,2026-09-01 10:59:33,NULL,0x00000000000033E9
765,1,1,1,2,3,19,3,132,2026-08-25,2,6,2,09:15:00,10:00:00,PRESENT,2026-08-25 09:15:00,1,1,2026-09-01 10:59:33,1,2026-09-01 10:59:33,NULL,0x00000000000033EA
766,1,1,1,2,3,19,3,134,2026-08-25,1,5,4,10:15:00,11:00:00,PRESENT,2026-08-25 10:15:00,1,1,2026-09-01 10:59:33,1,2026-09-01 10:59:33,NULL,0x00000000000033EB
767,1,1,1,2,3,19,3,135,2026-08-25,2,6,5,11:00:00,11:45:00,PRESENT,2026-08-25 11:00:00,1,1,2026-09-01 10:59:33,1,2026-09-01 10:59:33,NULL,0x00000000000033EC
768,1,1,1,2,3,19,3,137,2026-08-25,1,5,7,12:30:00,13:15:00,PRESENT,2026-08-25 12:30:00,1,1,2026-09-01 10:59:33,1,2026-09-01 10:59:33,NULL,0x00000000000033ED
769,1,1,1,2,3,19,3,138,2026-08-25,2,6,8,13:15:00,14:00:00,PRESENT,2026-08-25 13:15:00,1,1,2026-09-01 10:59:33,1,2026-09-01 10:59:33,NULL,0x00000000000033EE
770,1,1,1,2,3,19,3,140,2026-08-25,2,6,10,14:15:00,15:00:00,PRESENT,2026-08-25 14:15:00,1,1,2026-09-01 10:59:33,1,2026-09-01 10:59:33,NULL,0x00000000000033EF
771,1,1,1,2,3,19,3,141,2026-08-26,1,5,1,08:30:00,09:15:00,PRESENT,2026-08-26 08:30:00,1,1,2026-09-01 10:59:33,1,2026-09-01 10:59:33,NULL,0x00000000000033F0
772,1,1,1,2,3,19,3,142,2026-08-26,2,6,2,09:15:00,10:00:00,PRESENT,2026-08-26 09:15:00,1,1,2026-09-01 10:59:33,1,2026-09-01 10:59:33,NULL,0x00000000000033F1
773,1,1,1,2,3,19,3,144,2026-08-26,1,5,4,10:15:00,11:00:00,PRESENT,2026-08-26 10:15:00,1,1,2026-09-01 10:59:33,1,2026-09-01 10:59:33,NULL,0x00000000000033F2
774,1,1,1,2,3,19,3,145,2026-08-26,2,6,5,11:00:00,11:45:00,PRESENT,2026-08-26 11:00:00,1,1,2026-09-01 10:59:33,1,2026-09-01 10:59:33,NULL,0x00000000000033F3
775,1,1,1,2,3,19,3,147,2026-08-26,1,5,7,12:30:00,13:15:00,PRESENT,2026-08-26 12:30:00,1,1,2026-09-01 10:59:33,1,2026-09-01 10:59:33,NULL,0x00000000000033F4
776,1,1,1,2,3,19,3,148,2026-08-26,2,6,8,13:15:00,14:00:00,PRESENT,2026-08-26 13:15:00,1,1,2026-09-01 10:59:33,1,2026-09-01 10:59:33,NULL,0x00000000000033F5
777,1,1,1,2,3,19,3,150,2026-08-26,2,6,10,14:15:00,15:00:00,PRESENT,2026-08-26 14:15:00,1,1,2026-09-01 10:59:33,1,2026-09-01 10:59:33,NULL,0x00000000000033F6
778,1,1,1,2,3,19,3,151,2026-08-27,1,5,1,08:30:00,09:15:00,PRESENT,2026-08-27 08:30:00,1,1,2026-09-01 10:59:33,1,2026-09-01 10:59:33,NULL,0x00000000000033F7
779,1,1,1,2,3,19,3,152,2026-08-27,2,6,2,09:15:00,10:00:00,PRESENT,2026-08-27 09:15:00,1,1,2026-09-01 10:59:33,1,2026-09-01 10:59:33,NULL,0x00000000000033F8
780,1,1,1,2,3,19,3,154,2026-08-27,1,5,4,10:15:00,11:00:00,PRESENT,2026-08-27 10:15:00,1,1,2026-09-01 10:59:33,1,2026-09-01 10:59:33,NULL,0x00000000000033F9
781,1,1,1,2,3,19,3,155,2026-08-27,2,6,5,11:00:00,11:45:00,PRESENT,2026-08-27 11:00:00,1,1,2026-09-01 10:59:33,1,2026-09-01 10:59:33,NULL,0x00000000000033FA
782,1,1,1,2,3,19,3,157,2026-08-27,1,5,7,12:30:00,13:15:00,PRESENT,2026-08-27 12:30:00,1,1,2026-09-01 10:59:33,1,2026-09-01 10:59:33,NULL,0x00000000000033FB
783,1,1,1,2,3,19,3,158,2026-08-27,2,6,8,13:15:00,14:00:00,PRESENT,2026-08-27 13:15:00,1,1,2026-09-01 10:59:33,1,2026-09-01 10:59:33,NULL,0x00000000000033FC
784,1,1,1,2,3,19,3,160,2026-08-27,2,6,10,14:15:00,15:00:00,PRESENT,2026-08-27 14:15:00,1,1,2026-09-01 10:59:33,1,2026-09-01 10:59:33,NULL,0x00000000000033FD
785,1,1,1,2,3,19,3,161,2026-08-28,1,5,1,08:30:00,09:15:00,PRESENT,2026-08-28 08:30:00,1,1,2026-09-01 10:59:33,1,2026-09-01 10:59:33,NULL,0x00000000000033FE
786,1,1,1,2,3,19,3,162,2026-08-28,2,6,2,09:15:00,10:00:00,PRESENT,2026-08-28 09:15:00,1,1,2026-09-01 10:59:33,1,2026-09-01 10:59:33,NULL,0x00000000000033FF
787,1,1,1,2,3,19,3,164,2026-08-28,1,5,4,10:15:00,11:00:00,PRESENT,2026-08-28 10:15:00,1,1,2026-09-01 10:59:33,1,2026-09-01 10:59:33,NULL,0x0000000000003401
788,1,1,1,2,3,19,3,165,2026-08-28,2,6,5,11:00:00,11:45:00,PRESENT,2026-08-28 11:00:00,1,1,2026-09-01 10:59:33,1,2026-09-01 10:59:33,NULL,0x0000000000003402
789,1,1,1,2,3,19,3,167,2026-08-28,1,5,7,12:30:00,13:15:00,PRESENT,2026-08-28 12:30:00,1,1,2026-09-01 10:59:33,1,2026-09-01 10:59:33,NULL,0x0000000000003403
790,1,1,1,2,3,19,3,168,2026-08-28,2,6,8,13:15:00,14:00:00,PRESENT,2026-08-28 13:15:00,1,1,2026-09-01 10:59:33,1,2026-09-01 10:59:33,NULL,0x0000000000003404
791,1,1,1,2,3,19,3,170,2026-08-28,2,6,10,14:15:00,15:00:00,PRESENT,2026-08-28 14:15:00,1,1,2026-09-01 10:59:33,1,2026-09-01 10:59:33,NULL,0x0000000000003405
792,1,1,1,2,3,19,3,171,2026-08-29,1,5,1,08:30:00,09:15:00,PRESENT,2026-08-29 08:30:00,1,1,2026-09-01 10:59:33,1,2026-09-01 10:59:33,NULL,0x0000000000003406
793,1,1,1,2,3,19,3,172,2026-08-29,2,6,2,09:15:00,10:00:00,PRESENT,2026-08-29 09:15:00,1,1,2026-09-01 10:59:33,1,2026-09-01 10:59:33,NULL,0x0000000000003407
794,1,1,1,2,3,19,3,174,2026-08-29,1,5,4,10:15:00,11:00:00,PRESENT,2026-08-29 10:15:00,1,1,2026-09-01 10:59:33,1,2026-09-01 10:59:33,NULL,0x0000000000003408
795,1,1,1,2,3,19,3,175,2026-08-29,2,6,5,11:00:00,11:45:00,PRESENT,2026-08-29 11:00:00,1,1,2026-09-01 10:59:33,1,2026-09-01 10:59:33,NULL,0x0000000000003409
796,1,1,1,2,3,19,3,177,2026-08-29,1,5,7,12:30:00,13:15:00,PRESENT,2026-08-29 12:30:00,1,1,2026-09-01 10:59:33,1,2026-09-01 10:59:33,NULL,0x000000000000340A
797,1,1,1,2,3,19,3,178,2026-08-29,2,6,8,13:15:00,14:00:00,PRESENT,2026-08-29 13:15:00,1,1,2026-09-01 10:59:33,1,2026-09-01 10:59:33,NULL,0x000000000000340B
798,1,1,1,2,3,19,3,180,2026-08-29,2,6,10,14:15:00,15:00:00,ABSENT,2026-08-29 14:15:00,1,1,2026-09-01 10:59:33,1,2026-09-01 10:59:33,NULL,0x000000000000340C
799,1,1,1,2,4,20,4,181,2026-08-24,1,7,1,08:30:00,09:15:00,PRESENT,2026-08-24 08:30:00,1,1,2026-09-01 10:59:33,1,2026-09-01 10:59:33,NULL,0x000000000000340D
800,1,1,1,2,4,20,4,182,2026-08-24,2,8,2,09:15:00,10:00:00,PRESENT,2026-08-24 09:15:00,1,1,2026-09-01 10:59:33,1,2026-09-01 10:59:33,NULL,0x000000000000340E
801,1,1,1,2,4,20,4,184,2026-08-24,1,7,4,10:15:00,11:00:00,PRESENT,2026-08-24 10:15:00,1,1,2026-09-01 10:59:33,1,2026-09-01 10:59:33,NULL,0x000000000000340F
802,1,1,1,2,4,20,4,185,2026-08-24,2,8,5,11:00:00,11:45:00,PRESENT,2026-08-24 11:00:00,1,1,2026-09-01 10:59:33,1,2026-09-01 10:59:33,NULL,0x0000000000003410
803,1,1,1,2,4,20,4,187,2026-08-24,1,7,7,12:30:00,13:15:00,PRESENT,2026-08-24 12:30:00,1,1,2026-09-01 10:59:33,1,2026-09-01 10:59:33,NULL,0x0000000000003411
804,1,1,1,2,4,20,4,188,2026-08-24,2,8,8,13:15:00,14:00:00,PRESENT,2026-08-24 13:15:00,1,1,2026-09-01 10:59:33,1,2026-09-01 10:59:33,NULL,0x0000000000003412
805,1,1,1,2,4,20,4,190,2026-08-24,2,8,10,14:15:00,15:00:00,PRESENT,2026-08-24 14:15:00,1,1,2026-09-01 10:59:33,1,2026-09-01 10:59:33,NULL,0x0000000000003413
806,1,1,1,2,4,20,4,191,2026-08-25,1,7,1,08:30:00,09:15:00,PRESENT,2026-08-25 08:30:00,1,1,2026-09-01 10:59:33,1,2026-09-01 10:59:33,NULL,0x0000000000003414
807,1,1,1,2,4,20,4,192,2026-08-25,2,8,2,09:15:00,10:00:00,PRESENT,2026-08-25 09:15:00,1,1,2026-09-01 10:59:33,1,2026-09-01 10:59:33,NULL,0x0000000000003415
808,1,1,1,2,4,20,4,194,2026-08-25,1,7,4,10:15:00,11:00:00,PRESENT,2026-08-25 10:15:00,1,1,2026-09-01 10:59:33,1,2026-09-01 10:59:33,NULL,0x0000000000003416
809,1,1,1,2,4,20,4,195,2026-08-25,2,8,5,11:00:00,11:45:00,PRESENT,2026-08-25 11:00:00,1,1,2026-09-01 10:59:33,1,2026-09-01 10:59:33,NULL,0x0000000000003417
810,1,1,1,2,4,20,4,197,2026-08-25,1,7,7,12:30:00,13:15:00,PRESENT,2026-08-25 12:30:00,1,1,2026-09-01 10:59:33,1,2026-09-01 10:59:33,NULL,0x0000000000003418
811,1,1,1,2,4,20,4,198,2026-08-25,2,8,8,13:15:00,14:00:00,PRESENT,2026-08-25 13:15:00,1,1,2026-09-01 10:59:33,1,2026-09-01 10:59:33,NULL,0x0000000000003419
812,1,1,1,2,4,20,4,200,2026-08-25,2,8,10,14:15:00,15:00:00,PRESENT,2026-08-25 14:15:00,1,1,2026-09-01 10:59:33,1,2026-09-01 10:59:33,NULL,0x000000000000341A
813,1,1,1,2,4,20,4,201,2026-08-26,1,7,1,08:30:00,09:15:00,PRESENT,2026-08-26 08:30:00,1,1,2026-09-01 10:59:33,1,2026-09-01 10:59:33,NULL,0x000000000000341B
814,1,1,1,2,4,20,4,202,2026-08-26,2,8,2,09:15:00,10:00:00,PRESENT,2026-08-26 09:15:00,1,1,2026-09-01 10:59:33,1,2026-09-01 10:59:33,NULL,0x000000000000341C
815,1,1,1,2,4,20,4,204,2026-08-26,1,7,4,10:15:00,11:00:00,PRESENT,2026-08-26 10:15:00,1,1,2026-09-01 10:59:33,1,2026-09-01 10:59:33,NULL,0x000000000000341D
816,1,1,1,2,4,20,4,205,2026-08-26,2,8,5,11:00:00,11:45:00,PRESENT,2026-08-26 11:00:00,1,1,2026-09-01 10:59:33,1,2026-09-01 10:59:33,NULL,0x000000000000341E
817,1,1,1,2,4,20,4,207,2026-08-26,1,7,7,12:30:00,13:15:00,PRESENT,2026-08-26 12:30:00,1,1,2026-09-01 10:59:33,1,2026-09-01 10:59:33,NULL,0x000000000000341F
818,1,1,1,2,4,20,4,208,2026-08-26,2,8,8,13:15:00,14:00:00,PRESENT,2026-08-26 13:15:00,1,1,2026-09-01 10:59:33,1,2026-09-01 10:59:33,NULL,0x0000000000003420
819,1,1,1,2,4,20,4,210,2026-08-26,2,8,10,14:15:00,15:00:00,PRESENT,2026-08-26 14:15:00,1,1,2026-09-01 10:59:33,1,2026-09-01 10:59:33,NULL,0x0000000000003421
820,1,1,1,2,4,20,4,211,2026-08-27,1,7,1,08:30:00,09:15:00,PRESENT,2026-08-27 08:30:00,1,1,2026-09-01 10:59:33,1,2026-09-01 10:59:33,NULL,0x0000000000003422
821,1,1,1,2,4,20,4,212,2026-08-27,2,8,2,09:15:00,10:00:00,PRESENT,2026-08-27 09:15:00,1,1,2026-09-01 10:59:33,1,2026-09-01 10:59:33,NULL,0x0000000000003423
822,1,1,1,2,4,20,4,214,2026-08-27,1,7,4,10:15:00,11:00:00,PRESENT,2026-08-27 10:15:00,1,1,2026-09-01 10:59:33,1,2026-09-01 10:59:33,NULL,0x0000000000003424
823,1,1,1,2,4,20,4,215,2026-08-27,2,8,5,11:00:00,11:45:00,PRESENT,2026-08-27 11:00:00,1,1,2026-09-01 10:59:33,1,2026-09-01 10:59:33,NULL,0x0000000000003425
824,1,1,1,2,4,20,4,217,2026-08-27,1,7,7,12:30:00,13:15:00,PRESENT,2026-08-27 12:30:00,1,1,2026-09-01 10:59:33,1,2026-09-01 10:59:33,NULL,0x0000000000003426
825,1,1,1,2,4,20,4,218,2026-08-27,2,8,8,13:15:00,14:00:00,PRESENT,2026-08-27 13:15:00,1,1,2026-09-01 10:59:33,1,2026-09-01 10:59:33,NULL,0x0000000000003427
826,1,1,1,2,4,20,4,220,2026-08-27,2,8,10,14:15:00,15:00:00,PRESENT,2026-08-27 14:15:00,1,1,2026-09-01 10:59:33,1,2026-09-01 10:59:33,NULL,0x0000000000003428
827,1,1,1,2,4,20,4,221,2026-08-28,1,7,1,08:30:00,09:15:00,PRESENT,2026-08-28 08:30:00,1,1,2026-09-01 10:59:33,1,2026-09-01 10:59:33,NULL,0x0000000000003429
828,1,1,1,2,4,20,4,222,2026-08-28,2,8,2,09:15:00,10:00:00,PRESENT,2026-08-28 09:15:00,1,1,2026-09-01 10:59:33,1,2026-09-01 10:59:33,NULL,0x000000000000342A
829,1,1,1,2,4,20,4,224,2026-08-28,1,7,4,10:15:00,11:00:00,PRESENT,2026-08-28 10:15:00,1,1,2026-09-01 10:59:33,1,2026-09-01 10:59:33,NULL,0x000000000000342B
830,1,1,1,2,4,20,4,225,2026-08-28,2,8,5,11:00:00,11:45:00,PRESENT,2026-08-28 11:00:00,1,1,2026-09-01 10:59:33,1,2026-09-01 10:59:33,NULL,0x000000000000342C
831,1,1,1,2,4,20,4,227,2026-08-28,1,7,7,12:30:00,13:15:00,PRESENT,2026-08-28 12:30:00,1,1,2026-09-01 10:59:33,1,2026-09-01 10:59:33,NULL,0x000000000000342D
832,1,1,1,2,4,20,4,228,2026-08-28,2,8,8,13:15:00,14:00:00,PRESENT,2026-08-28 13:15:00,1,1,2026-09-01 10:59:33,1,2026-09-01 10:59:33,NULL,0x000000000000342E
833,1,1,1,2,4,20,4,230,2026-08-28,2,8,10,14:15:00,15:00:00,ABSENT,2026-08-28 14:15:00,1,1,2026-09-01 10:59:33,1,2026-09-01 10:59:33,NULL,0x000000000000342F
834,1,1,1,2,4,20,4,231,2026-08-29,1,7,1,08:30:00,09:15:00,PRESENT,2026-08-29 08:30:00,1,1,2026-09-01 10:59:33,1,2026-09-01 10:59:33,NULL,0x0000000000003430
835,1,1,1,2,4,20,4,232,2026-08-29,2,8,2,09:15:00,10:00:00,PRESENT,2026-08-29 09:15:00,1,1,2026-09-01 10:59:33,1,2026-09-01 10:59:33,NULL,0x0000000000003431
836,1,1,1,2,4,20,4,234,2026-08-29,1,7,4,10:15:00,11:00:00,PRESENT,2026-08-29 10:15:00,1,1,2026-09-01 10:59:33,1,2026-09-01 10:59:33,NULL,0x0000000000003432
837,1,1,1,2,4,20,4,235,2026-08-29,2,8,5,11:00:00,11:45:00,PRESENT,2026-08-29 11:00:00,1,1,2026-09-01 10:59:33,1,2026-09-01 10:59:33,NULL,0x0000000000003433
838,1,1,1,2,4,20,4,237,2026-08-29,1,7,7,12:30:00,13:15:00,PRESENT,2026-08-29 12:30:00,1,1,2026-09-01 10:59:33,1,2026-09-01 10:59:33,NULL,0x0000000000003434
839,1,1,1,2,4,20,4,238,2026-08-29,2,8,8,13:15:00,14:00:00,PRESENT,2026-08-29 13:15:00,1,1,2026-09-01 10:59:33,1,2026-09-01 10:59:33,NULL,0x0000000000003435
840,1,1,1,2,4,20,4,240,2026-08-29,2,8,10,14:15:00,15:00:00,PRESENT,2026-08-29 14:15:00,1,1,2026-09-01 10:59:33,1,2026-09-01 10:59:33,NULL,0x0000000000003436
841,1,2,1,3,5,21,5,241,2026-08-24,1,9,1,08:30:00,09:15:00,PRESENT,2026-08-24 08:30:00,1,1,2026-09-01 10:59:33,1,2026-09-01 10:59:33,NULL,0x0000000000003437
842,1,2,1,3,5,21,5,242,2026-08-24,2,10,2,09:15:00,10:00:00,PRESENT,2026-08-24 09:15:00,1,1,2026-09-01 10:59:33,1,2026-09-01 10:59:33,NULL,0x0000000000003438
843,1,2,1,3,5,21,5,244,2026-08-24,1,9,4,10:15:00,11:00:00,PRESENT,2026-08-24 10:15:00,1,1,2026-09-01 10:59:33,1,2026-09-01 10:59:33,NULL,0x0000000000003439
844,1,2,1,3,5,21,5,245,2026-08-24,2,10,5,11:00:00,11:45:00,PRESENT,2026-08-24 11:00:00,1,1,2026-09-01 10:59:33,1,2026-09-01 10:59:33,NULL,0x000000000000343A
845,1,2,1,3,5,21,5,247,2026-08-24,1,9,7,12:30:00,13:15:00,PRESENT,2026-08-24 12:30:00,1,1,2026-09-01 10:59:33,1,2026-09-01 10:59:33,NULL,0x000000000000343B
846,1,2,1,3,5,21,5,248,2026-08-24,2,10,8,13:15:00,14:00:00,PRESENT,2026-08-24 13:15:00,1,1,2026-09-01 10:59:33,1,2026-09-01 10:59:33,NULL,0x000000000000343C
847,1,2,1,3,5,21,5,250,2026-08-24,2,10,10,14:15:00,15:00:00,PRESENT,2026-08-24 14:15:00,1,1,2026-09-01 10:59:33,1,2026-09-01 10:59:33,NULL,0x000000000000343D
848,1,2,1,3,5,21,5,251,2026-08-25,1,9,1,08:30:00,09:15:00,PRESENT,2026-08-25 08:30:00,1,1,2026-09-01 10:59:33,1,2026-09-01 10:59:33,NULL,0x000000000000343E
849,1,2,1,3,5,21,5,252,2026-08-25,2,10,2,09:15:00,10:00:00,PRESENT,2026-08-25 09:15:00,1,1,2026-09-01 10:59:33,1,2026-09-01 10:59:33,NULL,0x000000000000343F
850,1,2,1,3,5,21,5,254,2026-08-25,1,9,4,10:15:00,11:00:00,PRESENT,2026-08-25 10:15:00,1,1,2026-09-01 10:59:33,1,2026-09-01 10:59:33,NULL,0x0000000000003440
851,1,2,1,3,5,21,5,255,2026-08-25,2,10,5,11:00:00,11:45:00,PRESENT,2026-08-25 11:00:00,1,1,2026-09-01 10:59:33,1,2026-09-01 10:59:33,NULL,0x0000000000003441
852,1,2,1,3,5,21,5,257,2026-08-25,1,9,7,12:30:00,13:15:00,PRESENT,2026-08-25 12:30:00,1,1,2026-09-01 10:59:33,1,2026-09-01 10:59:33,NULL,0x0000000000003442
853,1,2,1,3,5,21,5,258,2026-08-25,2,10,8,13:15:00,14:00:00,PRESENT,2026-08-25 13:15:00,1,1,2026-09-01 10:59:33,1,2026-09-01 10:59:33,NULL,0x0000000000003443
854,1,2,1,3,5,21,5,260,2026-08-25,2,10,10,14:15:00,15:00:00,PRESENT,2026-08-25 14:15:00,1,1,2026-09-01 10:59:33,1,2026-09-01 10:59:33,NULL,0x0000000000003444
855,1,2,1,3,5,21,5,261,2026-08-26,1,9,1,08:30:00,09:15:00,PRESENT,2026-08-26 08:30:00,1,1,2026-09-01 10:59:33,1,2026-09-01 10:59:33,NULL,0x0000000000003445
856,1,2,1,3,5,21,5,262,2026-08-26,2,10,2,09:15:00,10:00:00,PRESENT,2026-08-26 09:15:00,1,1,2026-09-01 10:59:33,1,2026-09-01 10:59:33,NULL,0x0000000000003446
857,1,2,1,3,5,21,5,264,2026-08-26,1,9,4,10:15:00,11:00:00,PRESENT,2026-08-26 10:15:00,1,1,2026-09-01 10:59:33,1,2026-09-01 10:59:33,NULL,0x0000000000003447
858,1,2,1,3,5,21,5,265,2026-08-26,2,10,5,11:00:00,11:45:00,PRESENT,2026-08-26 11:00:00,1,1,2026-09-01 10:59:33,1,2026-09-01 10:59:33,NULL,0x0000000000003448
859,1,2,1,3,5,21,5,267,2026-08-26,1,9,7,12:30:00,13:15:00,PRESENT,2026-08-26 12:30:00,1,1,2026-09-01 10:59:33,1,2026-09-01 10:59:33,NULL,0x0000000000003449
860,1,2,1,3,5,21,5,268,2026-08-26,2,10,8,13:15:00,14:00:00,PRESENT,2026-08-26 13:15:00,1,1,2026-09-01 10:59:33,1,2026-09-01 10:59:33,NULL,0x000000000000344A
861,1,2,1,3,5,21,5,270,2026-08-26,2,10,10,14:15:00,15:00:00,PRESENT,2026-08-26 14:15:00,1,1,2026-09-01 10:59:33,1,2026-09-01 10:59:33,NULL,0x000000000000344B
862,1,2,1,3,5,21,5,271,2026-08-27,1,9,1,08:30:00,09:15:00,PRESENT,2026-08-27 08:30:00,1,1,2026-09-01 10:59:33,1,2026-09-01 10:59:33,NULL,0x000000000000344C
863,1,2,1,3,5,21,5,272,2026-08-27,2,10,2,09:15:00,10:00:00,PRESENT,2026-08-27 09:15:00,1,1,2026-09-01 10:59:33,1,2026-09-01 10:59:33,NULL,0x000000000000344D
864,1,2,1,3,5,21,5,274,2026-08-27,1,9,4,10:15:00,11:00:00,PRESENT,2026-08-27 10:15:00,1,1,2026-09-01 10:59:33,1,2026-09-01 10:59:33,NULL,0x000000000000344E
865,1,2,1,3,5,21,5,275,2026-08-27,2,10,5,11:00:00,11:45:00,PRESENT,2026-08-27 11:00:00,1,1,2026-09-01 10:59:33,1,2026-09-01 10:59:33,NULL,0x000000000000344F
866,1,2,1,3,5,21,5,277,2026-08-27,1,9,7,12:30:00,13:15:00,PRESENT,2026-08-27 12:30:00,1,1,2026-09-01 10:59:33,1,2026-09-01 10:59:33,NULL,0x0000000000003450
867,1,2,1,3,5,21,5,278,2026-08-27,2,10,8,13:15:00,14:00:00,PRESENT,2026-08-27 13:15:00,1,1,2026-09-01 10:59:33,1,2026-09-01 10:59:33,NULL,0x0000000000003451
868,1,2,1,3,5,21,5,280,2026-08-27,2,10,10,14:15:00,15:00:00,ABSENT,2026-08-27 14:15:00,1,1,2026-09-01 10:59:33,1,2026-09-01 10:59:33,NULL,0x0000000000003452
869,1,2,1,3,5,21,5,281,2026-08-28,1,9,1,08:30:00,09:15:00,PRESENT,2026-08-28 08:30:00,1,1,2026-09-01 10:59:33,1,2026-09-01 10:59:33,NULL,0x0000000000003453
870,1,2,1,3,5,21,5,282,2026-08-28,2,10,2,09:15:00,10:00:00,PRESENT,2026-08-28 09:15:00,1,1,2026-09-01 10:59:33,1,2026-09-01 10:59:33,NULL,0x0000000000003454
871,1,2,1,3,5,21,5,284,2026-08-28,1,9,4,10:15:00,11:00:00,PRESENT,2026-08-28 10:15:00,1,1,2026-09-01 10:59:33,1,2026-09-01 10:59:33,NULL,0x0000000000003455
872,1,2,1,3,5,21,5,285,2026-08-28,2,10,5,11:00:00,11:45:00,PRESENT,2026-08-28 11:00:00,1,1,2026-09-01 10:59:33,1,2026-09-01 10:59:33,NULL,0x0000000000003456
873,1,2,1,3,5,21,5,287,2026-08-28,1,9,7,12:30:00,13:15:00,PRESENT,2026-08-28 12:30:00,1,1,2026-09-01 10:59:33,1,2026-09-01 10:59:33,NULL,0x0000000000003457
874,1,2,1,3,5,21,5,288,2026-08-28,2,10,8,13:15:00,14:00:00,PRESENT,2026-08-28 13:15:00,1,1,2026-09-01 10:59:33,1,2026-09-01 10:59:33,NULL,0x0000000000003458
875,1,2,1,3,5,21,5,290,2026-08-28,2,10,10,14:15:00,15:00:00,PRESENT,2026-08-28 14:15:00,1,1,2026-09-01 10:59:33,1,2026-09-01 10:59:33,NULL,0x0000000000003459
876,1,2,1,3,5,21,5,291,2026-08-29,1,9,1,08:30:00,09:15:00,PRESENT,2026-08-29 08:30:00,1,1,2026-09-01 10:59:33,1,2026-09-01 10:59:33,NULL,0x000000000000345A
877,1,2,1,3,5,21,5,292,2026-08-29,2,10,2,09:15:00,10:00:00,PRESENT,2026-08-29 09:15:00,1,1,2026-09-01 10:59:33,1,2026-09-01 10:59:33,NULL,0x000000000000345B
878,1,2,1,3,5,21,5,294,2026-08-29,1,9,4,10:15:00,11:00:00,PRESENT,2026-08-29 10:15:00,1,1,2026-09-01 10:59:33,1,2026-09-01 10:59:33,NULL,0x000000000000345C
879,1,2,1,3,5,21,5,295,2026-08-29,2,10,5,11:00:00,11:45:00,PRESENT,2026-08-29 11:00:00,1,1,2026-09-01 10:59:33,1,2026-09-01 10:59:33,NULL,0x000000000000345D
880,1,2,1,3,5,21,5,297,2026-08-29,1,9,7,12:30:00,13:15:00,PRESENT,2026-08-29 12:30:00,1,1,2026-09-01 10:59:33,1,2026-09-01 10:59:33,NULL,0x000000000000345E
881,1,2,1,3,5,21,5,298,2026-08-29,2,10,8,13:15:00,14:00:00,ABSENT,2026-08-29 13:15:00,1,1,2026-09-01 10:59:33,1,2026-09-01 10:59:33,NULL,0x000000000000345F
882,1,2,1,3,5,21,5,300,2026-08-29,2,10,10,14:15:00,15:00:00,PRESENT,2026-08-29 14:15:00,1,1,2026-09-01 10:59:33,1,2026-09-01 10:59:33,NULL,0x0000000000003460
883,1,2,1,3,6,22,6,301,2026-08-24,1,11,1,08:30:00,09:15:00,PRESENT,2026-08-24 08:30:00,1,1,2026-09-01 10:59:33,1,2026-09-01 10:59:33,NULL,0x0000000000003461
884,1,2,1,3,6,22,6,302,2026-08-24,2,12,2,09:15:00,10:00:00,PRESENT,2026-08-24 09:15:00,1,1,2026-09-01 10:59:33,1,2026-09-01 10:59:33,NULL,0x0000000000003462
885,1,2,1,3,6,22,6,304,2026-08-24,1,11,4,10:15:00,11:00:00,PRESENT,2026-08-24 10:15:00,1,1,2026-09-01 10:59:33,1,2026-09-01 10:59:33,NULL,0x0000000000003463
886,1,2,1,3,6,22,6,305,2026-08-24,2,12,5,11:00:00,11:45:00,PRESENT,2026-08-24 11:00:00,1,1,2026-09-01 10:59:33,1,2026-09-01 10:59:33,NULL,0x0000000000003464
887,1,2,1,3,6,22,6,307,2026-08-24,1,11,7,12:30:00,13:15:00,PRESENT,2026-08-24 12:30:00,1,1,2026-09-01 10:59:33,1,2026-09-01 10:59:33,NULL,0x0000000000003465
888,1,2,1,3,6,22,6,308,2026-08-24,2,12,8,13:15:00,14:00:00,PRESENT,2026-08-24 13:15:00,1,1,2026-09-01 10:59:33,1,2026-09-01 10:59:33,NULL,0x0000000000003466
889,1,2,1,3,6,22,6,310,2026-08-24,2,12,10,14:15:00,15:00:00,PRESENT,2026-08-24 14:15:00,1,1,2026-09-01 10:59:33,1,2026-09-01 10:59:33,NULL,0x0000000000003467
890,1,2,1,3,6,22,6,311,2026-08-25,1,11,1,08:30:00,09:15:00,PRESENT,2026-08-25 08:30:00,1,1,2026-09-01 10:59:33,1,2026-09-01 10:59:33,NULL,0x0000000000003468
891,1,2,1,3,6,22,6,312,2026-08-25,2,12,2,09:15:00,10:00:00,PRESENT,2026-08-25 09:15:00,1,1,2026-09-01 10:59:33,1,2026-09-01 10:59:33,NULL,0x0000000000003469
892,1,2,1,3,6,22,6,314,2026-08-25,1,11,4,10:15:00,11:00:00,PRESENT,2026-08-25 10:15:00,1,1,2026-09-01 10:59:33,1,2026-09-01 10:59:33,NULL,0x000000000000346A
893,1,2,1,3,6,22,6,315,2026-08-25,2,12,5,11:00:00,11:45:00,PRESENT,2026-08-25 11:00:00,1,1,2026-09-01 10:59:33,1,2026-09-01 10:59:33,NULL,0x000000000000346B
894,1,2,1,3,6,22,6,317,2026-08-25,1,11,7,12:30:00,13:15:00,PRESENT,2026-08-25 12:30:00,1,1,2026-09-01 10:59:33,1,2026-09-01 10:59:33,NULL,0x000000000000346C
895,1,2,1,3,6,22,6,318,2026-08-25,2,12,8,13:15:00,14:00:00,PRESENT,2026-08-25 13:15:00,1,1,2026-09-01 10:59:33,1,2026-09-01 10:59:33,NULL,0x000000000000346D
896,1,2,1,3,6,22,6,320,2026-08-25,2,12,10,14:15:00,15:00:00,PRESENT,2026-08-25 14:15:00,1,1,2026-09-01 10:59:33,1,2026-09-01 10:59:33,NULL,0x000000000000346E
897,1,2,1,3,6,22,6,321,2026-08-26,1,11,1,08:30:00,09:15:00,PRESENT,2026-08-26 08:30:00,1,1,2026-09-01 10:59:33,1,2026-09-01 10:59:33,NULL,0x000000000000346F
898,1,2,1,3,6,22,6,322,2026-08-26,2,12,2,09:15:00,10:00:00,PRESENT,2026-08-26 09:15:00,1,1,2026-09-01 10:59:33,1,2026-09-01 10:59:33,NULL,0x0000000000003470
899,1,2,1,3,6,22,6,324,2026-08-26,1,11,4,10:15:00,11:00:00,PRESENT,2026-08-26 10:15:00,1,1,2026-09-01 10:59:33,1,2026-09-01 10:59:33,NULL,0x0000000000003471
900,1,2,1,3,6,22,6,325,2026-08-26,2,12,5,11:00:00,11:45:00,PRESENT,2026-08-26 11:00:00,1,1,2026-09-01 10:59:33,1,2026-09-01 10:59:33,NULL,0x0000000000003472
901,1,2,1,3,6,22,6,327,2026-08-26,1,11,7,12:30:00,13:15:00,PRESENT,2026-08-26 12:30:00,1,1,2026-09-01 10:59:33,1,2026-09-01 10:59:33,NULL,0x0000000000003473
902,1,2,1,3,6,22,6,328,2026-08-26,2,12,8,13:15:00,14:00:00,PRESENT,2026-08-26 13:15:00,1,1,2026-09-01 10:59:33,1,2026-09-01 10:59:33,NULL,0x0000000000003474
903,1,2,1,3,6,22,6,330,2026-08-26,2,12,10,14:15:00,15:00:00,ABSENT,2026-08-26 14:15:00,1,1,2026-09-01 10:59:33,1,2026-09-01 10:59:33,NULL,0x0000000000003475
904,1,2,1,3,6,22,6,331,2026-08-27,1,11,1,08:30:00,09:15:00,PRESENT,2026-08-27 08:30:00,1,1,2026-09-01 10:59:33,1,2026-09-01 10:59:33,NULL,0x0000000000003476
905,1,2,1,3,6,22,6,332,2026-08-27,2,12,2,09:15:00,10:00:00,PRESENT,2026-08-27 09:15:00,1,1,2026-09-01 10:59:33,1,2026-09-01 10:59:33,NULL,0x0000000000003477
906,1,2,1,3,6,22,6,334,2026-08-27,1,11,4,10:15:00,11:00:00,PRESENT,2026-08-27 10:15:00,1,1,2026-09-01 10:59:33,1,2026-09-01 10:59:33,NULL,0x0000000000003478
907,1,2,1,3,6,22,6,335,2026-08-27,2,12,5,11:00:00,11:45:00,PRESENT,2026-08-27 11:00:00,1,1,2026-09-01 10:59:33,1,2026-09-01 10:59:33,NULL,0x0000000000003479
908,1,2,1,3,6,22,6,337,2026-08-27,1,11,7,12:30:00,13:15:00,PRESENT,2026-08-27 12:30:00,1,1,2026-09-01 10:59:33,1,2026-09-01 10:59:33,NULL,0x000000000000347A
909,1,2,1,3,6,22,6,338,2026-08-27,2,12,8,13:15:00,14:00:00,PRESENT,2026-08-27 13:15:00,1,1,2026-09-01 10:59:33,1,2026-09-01 10:59:33,NULL,0x000000000000347B
910,1,2,1,3,6,22,6,340,2026-08-27,2,12,10,14:15:00,15:00:00,PRESENT,2026-08-27 14:15:00,1,1,2026-09-01 10:59:33,1,2026-09-01 10:59:33,NULL,0x000000000000347C
911,1,2,1,3,6,22,6,341,2026-08-28,1,11,1,08:30:00,09:15:00,PRESENT,2026-08-28 08:30:00,1,1,2026-09-01 10:59:33,1,2026-09-01 10:59:33,NULL,0x000000000000347D
912,1,2,1,3,6,22,6,342,2026-08-28,2,12,2,09:15:00,10:00:00,PRESENT,2026-08-28 09:15:00,1,1,2026-09-01 10:59:33,1,2026-09-01 10:59:33,NULL,0x000000000000347E
913,1,2,1,3,6,22,6,344,2026-08-28,1,11,4,10:15:00,11:00:00,PRESENT,2026-08-28 10:15:00,1,1,2026-09-01 10:59:33,1,2026-09-01 10:59:33,NULL,0x000000000000347F
914,1,2,1,3,6,22,6,345,2026-08-28,2,12,5,11:00:00,11:45:00,PRESENT,2026-08-28 11:00:00,1,1,2026-09-01 10:59:33,1,2026-09-01 10:59:33,NULL,0x0000000000003480
915,1,2,1,3,6,22,6,347,2026-08-28,1,11,7,12:30:00,13:15:00,PRESENT,2026-08-28 12:30:00,1,1,2026-09-01 10:59:33,1,2026-09-01 10:59:33,NULL,0x0000000000003481
916,1,2,1,3,6,22,6,348,2026-08-28,2,12,8,13:15:00,14:00:00,ABSENT,2026-08-28 13:15:00,1,1,2026-09-01 10:59:33,1,2026-09-01 10:59:33,NULL,0x0000000000003482
917,1,2,1,3,6,22,6,350,2026-08-28,2,12,10,14:15:00,15:00:00,PRESENT,2026-08-28 14:15:00,1,1,2026-09-01 10:59:33,1,2026-09-01 10:59:33,NULL,0x0000000000003483
918,1,2,1,3,6,22,6,351,2026-08-29,1,11,1,08:30:00,09:15:00,PRESENT,2026-08-29 08:30:00,1,1,2026-09-01 10:59:33,1,2026-09-01 10:59:33,NULL,0x0000000000003484
919,1,2,1,3,6,22,6,352,2026-08-29,2,12,2,09:15:00,10:00:00,PRESENT,2026-08-29 09:15:00,1,1,2026-09-01 10:59:33,1,2026-09-01 10:59:33,NULL,0x0000000000003485
920,1,2,1,3,6,22,6,354,2026-08-29,1,11,4,10:15:00,11:00:00,PRESENT,2026-08-29 10:15:00,1,1,2026-09-01 10:59:33,1,2026-09-01 10:59:33,NULL,0x0000000000003486
921,1,2,1,3,6,22,6,355,2026-08-29,2,12,5,11:00:00,11:45:00,PRESENT,2026-08-29 11:00:00,1,1,2026-09-01 10:59:33,1,2026-09-01 10:59:33,NULL,0x0000000000003487
922,1,2,1,3,6,22,6,357,2026-08-29,1,11,7,12:30:00,13:15:00,ABSENT,2026-08-29 12:30:00,1,1,2026-09-01 10:59:33,1,2026-09-01 10:59:33,NULL,0x0000000000003488
923,1,2,1,3,6,22,6,358,2026-08-29,2,12,8,13:15:00,14:00:00,PRESENT,2026-08-29 13:15:00,1,1,2026-09-01 10:59:33,1,2026-09-01 10:59:33,NULL,0x0000000000003489
924,1,2,1,3,6,22,6,360,2026-08-29,2,12,10,14:15:00,15:00:00,PRESENT,2026-08-29 14:15:00,1,1,2026-09-01 10:59:33,1,2026-09-01 10:59:33,NULL,0x000000000000348A
925,1,2,1,4,7,23,7,361,2026-08-24,1,13,1,08:30:00,09:15:00,PRESENT,2026-08-24 08:30:00,1,1,2026-09-01 10:59:33,1,2026-09-01 10:59:33,NULL,0x000000000000348B
926,1,2,1,4,7,23,7,362,2026-08-24,2,14,2,09:15:00,10:00:00,PRESENT,2026-08-24 09:15:00,1,1,2026-09-01 10:59:33,1,2026-09-01 10:59:33,NULL,0x000000000000348C
927,1,2,1,4,7,23,7,364,2026-08-24,1,13,4,10:15:00,11:00:00,PRESENT,2026-08-24 10:15:00,1,1,2026-09-01 10:59:33,1,2026-09-01 10:59:33,NULL,0x000000000000348D
928,1,2,1,4,7,23,7,365,2026-08-24,2,14,5,11:00:00,11:45:00,PRESENT,2026-08-24 11:00:00,1,1,2026-09-01 10:59:33,1,2026-09-01 10:59:33,NULL,0x000000000000348E
929,1,2,1,4,7,23,7,367,2026-08-24,1,13,7,12:30:00,13:15:00,PRESENT,2026-08-24 12:30:00,1,1,2026-09-01 10:59:33,1,2026-09-01 10:59:33,NULL,0x000000000000348F
930,1,2,1,4,7,23,7,368,2026-08-24,2,14,8,13:15:00,14:00:00,PRESENT,2026-08-24 13:15:00,1,1,2026-09-01 10:59:33,1,2026-09-01 10:59:33,NULL,0x0000000000003490
931,1,2,1,4,7,23,7,370,2026-08-24,2,14,10,14:15:00,15:00:00,PRESENT,2026-08-24 14:15:00,1,1,2026-09-01 10:59:33,1,2026-09-01 10:59:33,NULL,0x0000000000003491
932,1,2,1,4,7,23,7,371,2026-08-25,1,13,1,08:30:00,09:15:00,PRESENT,2026-08-25 08:30:00,1,1,2026-09-01 10:59:33,1,2026-09-01 10:59:33,NULL,0x0000000000003492
933,1,2,1,4,7,23,7,372,2026-08-25,2,14,2,09:15:00,10:00:00,PRESENT,2026-08-25 09:15:00,1,1,2026-09-01 10:59:33,1,2026-09-01 10:59:33,NULL,0x0000000000003493
934,1,2,1,4,7,23,7,374,2026-08-25,1,13,4,10:15:00,11:00:00,PRESENT,2026-08-25 10:15:00,1,1,2026-09-01 10:59:33,1,2026-09-01 10:59:33,NULL,0x0000000000003494
935,1,2,1,4,7,23,7,375,2026-08-25,2,14,5,11:00:00,11:45:00,PRESENT,2026-08-25 11:00:00,1,1,2026-09-01 10:59:33,1,2026-09-01 10:59:33,NULL,0x0000000000003495
936,1,2,1,4,7,23,7,377,2026-08-25,1,13,7,12:30:00,13:15:00,PRESENT,2026-08-25 12:30:00,1,1,2026-09-01 10:59:33,1,2026-09-01 10:59:33,NULL,0x0000000000003496
937,1,2,1,4,7,23,7,378,2026-08-25,2,14,8,13:15:00,14:00:00,PRESENT,2026-08-25 13:15:00,1,1,2026-09-01 10:59:33,1,2026-09-01 10:59:33,NULL,0x0000000000003497
938,1,2,1,4,7,23,7,380,2026-08-25,2,14,10,14:15:00,15:00:00,ABSENT,2026-08-25 14:15:00,1,1,2026-09-01 10:59:33,1,2026-09-01 10:59:33,NULL,0x0000000000003498
939,1,2,1,4,7,23,7,381,2026-08-26,1,13,1,08:30:00,09:15:00,PRESENT,2026-08-26 08:30:00,1,1,2026-09-01 10:59:33,1,2026-09-01 10:59:33,NULL,0x0000000000003499
940,1,2,1,4,7,23,7,382,2026-08-26,2,14,2,09:15:00,10:00:00,PRESENT,2026-08-26 09:15:00,1,1,2026-09-01 10:59:33,1,2026-09-01 10:59:33,NULL,0x000000000000349A
941,1,2,1,4,7,23,7,384,2026-08-26,1,13,4,10:15:00,11:00:00,PRESENT,2026-08-26 10:15:00,1,1,2026-09-01 10:59:33,1,2026-09-01 10:59:33,NULL,0x000000000000349B
942,1,2,1,4,7,23,7,385,2026-08-26,2,14,5,11:00:00,11:45:00,PRESENT,2026-08-26 11:00:00,1,1,2026-09-01 10:59:33,1,2026-09-01 10:59:33,NULL,0x000000000000349C
943,1,2,1,4,7,23,7,387,2026-08-26,1,13,7,12:30:00,13:15:00,PRESENT,2026-08-26 12:30:00,1,1,2026-09-01 10:59:33,1,2026-09-01 10:59:33,NULL,0x000000000000349D
944,1,2,1,4,7,23,7,388,2026-08-26,2,14,8,13:15:00,14:00:00,PRESENT,2026-08-26 13:15:00,1,1,2026-09-01 10:59:33,1,2026-09-01 10:59:33,NULL,0x000000000000349E
945,1,2,1,4,7,23,7,390,2026-08-26,2,14,10,14:15:00,15:00:00,PRESENT,2026-08-26 14:15:00,1,1,2026-09-01 10:59:33,1,2026-09-01 10:59:33,NULL,0x000000000000349F
946,1,2,1,4,7,23,7,391,2026-08-27,1,13,1,08:30:00,09:15:00,PRESENT,2026-08-27 08:30:00,1,1,2026-09-01 10:59:33,1,2026-09-01 10:59:33,NULL,0x00000000000034A0
947,1,2,1,4,7,23,7,392,2026-08-27,2,14,2,09:15:00,10:00:00,PRESENT,2026-08-27 09:15:00,1,1,2026-09-01 10:59:33,1,2026-09-01 10:59:33,NULL,0x00000000000034A1
948,1,2,1,4,7,23,7,394,2026-08-27,1,13,4,10:15:00,11:00:00,PRESENT,2026-08-27 10:15:00,1,1,2026-09-01 10:59:33,1,2026-09-01 10:59:33,NULL,0x00000000000034A2
949,1,2,1,4,7,23,7,395,2026-08-27,2,14,5,11:00:00,11:45:00,PRESENT,2026-08-27 11:00:00,1,1,2026-09-01 10:59:33,1,2026-09-01 10:59:33,NULL,0x00000000000034A3
950,1,2,1,4,7,23,7,397,2026-08-27,1,13,7,12:30:00,13:15:00,PRESENT,2026-08-27 12:30:00,1,1,2026-09-01 10:59:33,1,2026-09-01 10:59:33,NULL,0x00000000000034A4
951,1,2,1,4,7,23,7,398,2026-08-27,2,14,8,13:15:00,14:00:00,ABSENT,2026-08-27 13:15:00,1,1,2026-09-01 10:59:33,1,2026-09-01 10:59:33,NULL,0x00000000000034A5
952,1,2,1,4,7,23,7,400,2026-08-27,2,14,10,14:15:00,15:00:00,PRESENT,2026-08-27 14:15:00,1,1,2026-09-01 10:59:33,1,2026-09-01 10:59:33,NULL,0x00000000000034A6
953,1,2,1,4,7,23,7,401,2026-08-28,1,13,1,08:30:00,09:15:00,PRESENT,2026-08-28 08:30:00,1,1,2026-09-01 10:59:33,1,2026-09-01 10:59:33,NULL,0x00000000000034A7
954,1,2,1,4,7,23,7,402,2026-08-28,2,14,2,09:15:00,10:00:00,PRESENT,2026-08-28 09:15:00,1,1,2026-09-01 10:59:33,1,2026-09-01 10:59:33,NULL,0x00000000000034A8
955,1,2,1,4,7,23,7,404,2026-08-28,1,13,4,10:15:00,11:00:00,PRESENT,2026-08-28 10:15:00,1,1,2026-09-01 10:59:33,1,2026-09-01 10:59:33,NULL,0x00000000000034A9
956,1,2,1,4,7,23,7,405,2026-08-28,2,14,5,11:00:00,11:45:00,PRESENT,2026-08-28 11:00:00,1,1,2026-09-01 10:59:33,1,2026-09-01 10:59:33,NULL,0x00000000000034AA
957,1,2,1,4,7,23,7,407,2026-08-28,1,13,7,12:30:00,13:15:00,ABSENT,2026-08-28 12:30:00,1,1,2026-09-01 10:59:33,1,2026-09-01 10:59:33,NULL,0x00000000000034AB
958,1,2,1,4,7,23,7,408,2026-08-28,2,14,8,13:15:00,14:00:00,PRESENT,2026-08-28 13:15:00,1,1,2026-09-01 10:59:33,1,2026-09-01 10:59:33,NULL,0x00000000000034AC
959,1,2,1,4,7,23,7,410,2026-08-28,2,14,10,14:15:00,15:00:00,PRESENT,2026-08-28 14:15:00,1,1,2026-09-01 10:59:33,1,2026-09-01 10:59:33,NULL,0x00000000000034AD
960,1,2,1,4,7,23,7,411,2026-08-29,1,13,1,08:30:00,09:15:00,PRESENT,2026-08-29 08:30:00,1,1,2026-09-01 10:59:33,1,2026-09-01 10:59:33,NULL,0x00000000000034AE
961,1,2,1,4,7,23,7,412,2026-08-29,2,14,2,09:15:00,10:00:00,PRESENT,2026-08-29 09:15:00,1,1,2026-09-01 10:59:33,1,2026-09-01 10:59:33,NULL,0x00000000000034AF
962,1,2,1,4,7,23,7,414,2026-08-29,1,13,4,10:15:00,11:00:00,PRESENT,2026-08-29 10:15:00,1,1,2026-09-01 10:59:33,1,2026-09-01 10:59:33,NULL,0x00000000000034B0
963,1,2,1,4,7,23,7,415,2026-08-29,2,14,5,11:00:00,11:45:00,PRESENT,2026-08-29 11:00:00,1,1,2026-09-01 10:59:33,1,2026-09-01 10:59:33,NULL,0x00000000000034B1
964,1,2,1,4,7,23,7,417,2026-08-29,1,13,7,12:30:00,13:15:00,PRESENT,2026-08-29 12:30:00,1,1,2026-09-01 10:59:33,1,2026-09-01 10:59:33,NULL,0x00000000000034B2
965,1,2,1,4,7,23,7,418,2026-08-29,2,14,8,13:15:00,14:00:00,PRESENT,2026-08-29 13:15:00,1,1,2026-09-01 10:59:33,1,2026-09-01 10:59:33,NULL,0x00000000000034B3
966,1,2,1,4,7,23,7,420,2026-08-29,2,14,10,14:15:00,15:00:00,PRESENT,2026-08-29 14:15:00,1,1,2026-09-01 10:59:33,1,2026-09-01 10:59:33,NULL,0x00000000000034B4
967,1,2,1,4,8,24,8,421,2026-08-24,1,15,1,08:30:00,09:15:00,PRESENT,2026-08-24 08:30:00,1,1,2026-09-01 10:59:33,1,2026-09-01 10:59:33,NULL,0x00000000000034B5
968,1,2,1,4,8,24,8,422,2026-08-24,2,16,2,09:15:00,10:00:00,PRESENT,2026-08-24 09:15:00,1,1,2026-09-01 10:59:33,1,2026-09-01 10:59:33,NULL,0x00000000000034B6
969,1,2,1,4,8,24,8,424,2026-08-24,1,15,4,10:15:00,11:00:00,PRESENT,2026-08-24 10:15:00,1,1,2026-09-01 10:59:33,1,2026-09-01 10:59:33,NULL,0x00000000000034B7
970,1,2,1,4,8,24,8,425,2026-08-24,2,16,5,11:00:00,11:45:00,PRESENT,2026-08-24 11:00:00,1,1,2026-09-01 10:59:33,1,2026-09-01 10:59:33,NULL,0x00000000000034B8
971,1,2,1,4,8,24,8,427,2026-08-24,1,15,7,12:30:00,13:15:00,PRESENT,2026-08-24 12:30:00,1,1,2026-09-01 10:59:33,1,2026-09-01 10:59:33,NULL,0x00000000000034B9
972,1,2,1,4,8,24,8,428,2026-08-24,2,16,8,13:15:00,14:00:00,PRESENT,2026-08-24 13:15:00,1,1,2026-09-01 10:59:33,1,2026-09-01 10:59:33,NULL,0x00000000000034BA
973,1,2,1,4,8,24,8,430,2026-08-24,2,16,10,14:15:00,15:00:00,ABSENT,2026-08-24 14:15:00,1,1,2026-09-01 10:59:33,1,2026-09-01 10:59:33,NULL,0x00000000000034BB
974,1,2,1,4,8,24,8,431,2026-08-25,1,15,1,08:30:00,09:15:00,PRESENT,2026-08-25 08:30:00,1,1,2026-09-01 10:59:33,1,2026-09-01 10:59:33,NULL,0x00000000000034BC
975,1,2,1,4,8,24,8,432,2026-08-25,2,16,2,09:15:00,10:00:00,PRESENT,2026-08-25 09:15:00,1,1,2026-09-01 10:59:33,1,2026-09-01 10:59:33,NULL,0x00000000000034BD
976,1,2,1,4,8,24,8,434,2026-08-25,1,15,4,10:15:00,11:00:00,PRESENT,2026-08-25 10:15:00,1,1,2026-09-01 10:59:33,1,2026-09-01 10:59:33,NULL,0x00000000000034BE
977,1,2,1,4,8,24,8,435,2026-08-25,2,16,5,11:00:00,11:45:00,PRESENT,2026-08-25 11:00:00,1,1,2026-09-01 10:59:33,1,2026-09-01 10:59:33,NULL,0x00000000000034BF
978,1,2,1,4,8,24,8,437,2026-08-25,1,15,7,12:30:00,13:15:00,PRESENT,2026-08-25 12:30:00,1,1,2026-09-01 10:59:33,1,2026-09-01 10:59:33,NULL,0x00000000000034C0
979,1,2,1,4,8,24,8,438,2026-08-25,2,16,8,13:15:00,14:00:00,PRESENT,2026-08-25 13:15:00,1,1,2026-09-01 10:59:33,1,2026-09-01 10:59:33,NULL,0x00000000000034C1
980,1,2,1,4,8,24,8,440,2026-08-25,2,16,10,14:15:00,15:00:00,PRESENT,2026-08-25 14:15:00,1,1,2026-09-01 10:59:33,1,2026-09-01 10:59:33,NULL,0x00000000000034C2
981,1,2,1,4,8,24,8,441,2026-08-26,1,15,1,08:30:00,09:15:00,PRESENT,2026-08-26 08:30:00,1,1,2026-09-01 10:59:33,1,2026-09-01 10:59:33,NULL,0x00000000000034C3
982,1,2,1,4,8,24,8,442,2026-08-26,2,16,2,09:15:00,10:00:00,PRESENT,2026-08-26 09:15:00,1,1,2026-09-01 10:59:33,1,2026-09-01 10:59:33,NULL,0x00000000000034C4
983,1,2,1,4,8,24,8,444,2026-08-26,1,15,4,10:15:00,11:00:00,PRESENT,2026-08-26 10:15:00,1,1,2026-09-01 10:59:33,1,2026-09-01 10:59:33,NULL,0x00000000000034C5
984,1,2,1,4,8,24,8,445,2026-08-26,2,16,5,11:00:00,11:45:00,PRESENT,2026-08-26 11:00:00,1,1,2026-09-01 10:59:33,1,2026-09-01 10:59:33,NULL,0x00000000000034C6
985,1,2,1,4,8,24,8,447,2026-08-26,1,15,7,12:30:00,13:15:00,PRESENT,2026-08-26 12:30:00,1,1,2026-09-01 10:59:33,1,2026-09-01 10:59:33,NULL,0x00000000000034C7
986,1,2,1,4,8,24,8,448,2026-08-26,2,16,8,13:15:00,14:00:00,ABSENT,2026-08-26 13:15:00,1,1,2026-09-01 10:59:33,1,2026-09-01 10:59:33,NULL,0x00000000000034C8
987,1,2,1,4,8,24,8,450,2026-08-26,2,16,10,14:15:00,15:00:00,PRESENT,2026-08-26 14:15:00,1,1,2026-09-01 10:59:33,1,2026-09-01 10:59:33,NULL,0x00000000000034C9
988,1,2,1,4,8,24,8,451,2026-08-27,1,15,1,08:30:00,09:15:00,PRESENT,2026-08-27 08:30:00,1,1,2026-09-01 10:59:33,1,2026-09-01 10:59:33,NULL,0x00000000000034CA
989,1,2,1,4,8,24,8,452,2026-08-27,2,16,2,09:15:00,10:00:00,PRESENT,2026-08-27 09:15:00,1,1,2026-09-01 10:59:33,1,2026-09-01 10:59:33,NULL,0x00000000000034CB
990,1,2,1,4,8,24,8,454,2026-08-27,1,15,4,10:15:00,11:00:00,PRESENT,2026-08-27 10:15:00,1,1,2026-09-01 10:59:33,1,2026-09-01 10:59:33,NULL,0x00000000000034CC
991,1,2,1,4,8,24,8,455,2026-08-27,2,16,5,11:00:00,11:45:00,PRESENT,2026-08-27 11:00:00,1,1,2026-09-01 10:59:33,1,2026-09-01 10:59:33,NULL,0x00000000000034CD
992,1,2,1,4,8,24,8,457,2026-08-27,1,15,7,12:30:00,13:15:00,ABSENT,2026-08-27 12:30:00,1,1,2026-09-01 10:59:33,1,2026-09-01 10:59:33,NULL,0x00000000000034CE
993,1,2,1,4,8,24,8,458,2026-08-27,2,16,8,13:15:00,14:00:00,PRESENT,2026-08-27 13:15:00,1,1,2026-09-01 10:59:33,1,2026-09-01 10:59:33,NULL,0x00000000000034CF
994,1,2,1,4,8,24,8,460,2026-08-27,2,16,10,14:15:00,15:00:00,PRESENT,2026-08-27 14:15:00,1,1,2026-09-01 10:59:33,1,2026-09-01 10:59:33,NULL,0x00000000000034D0
995,1,2,1,4,8,24,8,461,2026-08-28,1,15,1,08:30:00,09:15:00,PRESENT,2026-08-28 08:30:00,1,1,2026-09-01 10:59:33,1,2026-09-01 10:59:33,NULL,0x00000000000034D1
996,1,2,1,4,8,24,8,462,2026-08-28,2,16,2,09:15:00,10:00:00,PRESENT,2026-08-28 09:15:00,1,1,2026-09-01 10:59:33,1,2026-09-01 10:59:33,NULL,0x00000000000034D2
997,1,2,1,4,8,24,8,464,2026-08-28,1,15,4,10:15:00,11:00:00,PRESENT,2026-08-28 10:15:00,1,1,2026-09-01 10:59:33,1,2026-09-01 10:59:33,NULL,0x00000000000034D3
998,1,2,1,4,8,24,8,465,2026-08-28,2,16,5,11:00:00,11:45:00,PRESENT,2026-08-28 11:00:00,1,1,2026-09-01 10:59:33,1,2026-09-01 10:59:33,NULL,0x00000000000034D4
999,1,2,1,4,8,24,8,467,2026-08-28,1,15,7,12:30:00,13:15:00,PRESENT,2026-08-28 12:30:00,1,1,2026-09-01 10:59:33,1,2026-09-01 10:59:33,NULL,0x00000000000034D5
1000,1,2,1,4,8,24,8,468,2026-08-28,2,16,8,13:15:00,14:00:00,PRESENT,2026-08-28 13:15:00,1,1,2026-09-01 10:59:33,1,2026-09-01 10:59:33,NULL,0x00000000000034D6
